[
  {
    "name": "Application Start",
    "start": 1539075419148,
    "end": 1539075421789,
    "duration": 2641,
    "pid": 12692,
    "index": 0
  },
  {
    "name": "Load Plugin",
    "start": 1539075419151,
    "end": 1539075419162,
    "duration": 11,
    "pid": 12692,
    "index": 1
  },
  {
    "name": "Load Config",
    "start": 1539075419162,
    "end": 1539075419178,
    "duration": 16,
    "pid": 12692,
    "index": 2
  },
  {
    "name": "Require(0) config/config.default.ts",
    "start": 1539075419163,
    "end": 1539075419165,
    "duration": 2,
    "pid": 12692,
    "index": 3
  },
  {
    "name": "Require(1) config/config.local.ts",
    "start": 1539075419166,
    "end": 1539075419166,
    "duration": 0,
    "pid": 12692,
    "index": 4
  },
  {
    "name": "Require(2) node_modules/egg-session/config/config.default.js",
    "start": 1539075419167,
    "end": 1539075419167,
    "duration": 0,
    "pid": 12692,
    "index": 5
  },
  {
    "name": "Require(3) node_modules/egg-security/config/config.default.js",
    "start": 1539075419167,
    "end": 1539075419167,
    "duration": 0,
    "pid": 12692,
    "index": 6
  },
  {
    "name": "Require(4) node_modules/egg-jsonp/config/config.default.js",
    "start": 1539075419168,
    "end": 1539075419168,
    "duration": 0,
    "pid": 12692,
    "index": 7
  },
  {
    "name": "Require(5) node_modules/egg-onerror/config/config.default.js",
    "start": 1539075419168,
    "end": 1539075419169,
    "duration": 1,
    "pid": 12692,
    "index": 8
  },
  {
    "name": "Require(6) node_modules/egg-i18n/config/config.default.js",
    "start": 1539075419169,
    "end": 1539075419169,
    "duration": 0,
    "pid": 12692,
    "index": 9
  },
  {
    "name": "Require(7) node_modules/egg-watcher/config/config.default.js",
    "start": 1539075419169,
    "end": 1539075419170,
    "duration": 1,
    "pid": 12692,
    "index": 10
  },
  {
    "name": "Require(8) node_modules/egg-schedule/config/config.default.js",
    "start": 1539075419170,
    "end": 1539075419170,
    "duration": 0,
    "pid": 12692,
    "index": 11
  },
  {
    "name": "Require(9) node_modules/egg-multipart/config/config.default.js",
    "start": 1539075419170,
    "end": 1539075419170,
    "duration": 0,
    "pid": 12692,
    "index": 12
  },
  {
    "name": "Require(10) node_modules/egg-development/config/config.default.js",
    "start": 1539075419171,
    "end": 1539075419171,
    "duration": 0,
    "pid": 12692,
    "index": 13
  },
  {
    "name": "Require(11) node_modules/egg-logrotator/config/config.default.js",
    "start": 1539075419171,
    "end": 1539075419172,
    "duration": 1,
    "pid": 12692,
    "index": 14
  },
  {
    "name": "Require(12) node_modules/egg-static/config/config.default.js",
    "start": 1539075419172,
    "end": 1539075419172,
    "duration": 0,
    "pid": 12692,
    "index": 15
  },
  {
    "name": "Require(13) node_modules/egg-view/config/config.default.js",
    "start": 1539075419173,
    "end": 1539075419173,
    "duration": 0,
    "pid": 12692,
    "index": 16
  },
  {
    "name": "Require(14) node_modules/egg-view-nunjucks/config/config.default.js",
    "start": 1539075419173,
    "end": 1539075419173,
    "duration": 0,
    "pid": 12692,
    "index": 17
  },
  {
    "name": "Require(15) node_modules/egg-mongoose/config/config.default.js",
    "start": 1539075419174,
    "end": 1539075419174,
    "duration": 0,
    "pid": 12692,
    "index": 18
  },
  {
    "name": "Require(16) node_modules/egg/config/config.default.js",
    "start": 1539075419174,
    "end": 1539075419174,
    "duration": 0,
    "pid": 12692,
    "index": 19
  },
  {
    "name": "Require(17) config/config.default.ts",
    "start": 1539075419175,
    "end": 1539075419175,
    "duration": 0,
    "pid": 12692,
    "index": 20
  },
  {
    "name": "Require(18) node_modules/egg-security/config/config.local.js",
    "start": 1539075419176,
    "end": 1539075419176,
    "duration": 0,
    "pid": 12692,
    "index": 21
  },
  {
    "name": "Require(19) node_modules/egg-watcher/config/config.local.js",
    "start": 1539075419176,
    "end": 1539075419177,
    "duration": 1,
    "pid": 12692,
    "index": 22
  },
  {
    "name": "Require(20) node_modules/egg-view/config/config.local.js",
    "start": 1539075419177,
    "end": 1539075419177,
    "duration": 0,
    "pid": 12692,
    "index": 23
  },
  {
    "name": "Require(21) node_modules/egg-view-nunjucks/config/config.local.js",
    "start": 1539075419178,
    "end": 1539075419178,
    "duration": 0,
    "pid": 12692,
    "index": 24
  },
  {
    "name": "Require(22) node_modules/egg/config/config.local.js",
    "start": 1539075419178,
    "end": 1539075419178,
    "duration": 0,
    "pid": 12692,
    "index": 25
  },
  {
    "name": "Require(23) config/config.local.ts",
    "start": 1539075419178,
    "end": 1539075419178,
    "duration": 0,
    "pid": 12692,
    "index": 26
  },
  {
    "name": "Load extend/application.js",
    "start": 1539075419179,
    "end": 1539075419215,
    "duration": 36,
    "pid": 12692,
    "index": 27
  },
  {
    "name": "Require(24) node_modules/egg-session/app/extend/application.js",
    "start": 1539075419180,
    "end": 1539075419180,
    "duration": 0,
    "pid": 12692,
    "index": 28
  },
  {
    "name": "Require(25) node_modules/egg-security/app/extend/application.js",
    "start": 1539075419180,
    "end": 1539075419181,
    "duration": 1,
    "pid": 12692,
    "index": 29
  },
  {
    "name": "Require(26) node_modules/egg-jsonp/app/extend/application.js",
    "start": 1539075419181,
    "end": 1539075419182,
    "duration": 1,
    "pid": 12692,
    "index": 30
  },
  {
    "name": "Require(27) node_modules/egg-logrotator/app/extend/application.js",
    "start": 1539075419183,
    "end": 1539075419184,
    "duration": 1,
    "pid": 12692,
    "index": 31
  },
  {
    "name": "Require(28) node_modules/egg-view/app/extend/application.js",
    "start": 1539075419184,
    "end": 1539075419185,
    "duration": 1,
    "pid": 12692,
    "index": 32
  },
  {
    "name": "Require(29) node_modules/egg-view-nunjucks/app/extend/application.js",
    "start": 1539075419185,
    "end": 1539075419213,
    "duration": 28,
    "pid": 12692,
    "index": 33
  },
  {
    "name": "Load extend/request.js",
    "start": 1539075419215,
    "end": 1539075419220,
    "duration": 5,
    "pid": 12692,
    "index": 34
  },
  {
    "name": "Require(30) node_modules/egg/app/extend/request.js",
    "start": 1539075419217,
    "end": 1539075419218,
    "duration": 1,
    "pid": 12692,
    "index": 35
  },
  {
    "name": "Load extend/response.js",
    "start": 1539075419220,
    "end": 1539075419225,
    "duration": 5,
    "pid": 12692,
    "index": 36
  },
  {
    "name": "Require(31) node_modules/egg/app/extend/response.js",
    "start": 1539075419222,
    "end": 1539075419223,
    "duration": 1,
    "pid": 12692,
    "index": 37
  },
  {
    "name": "Load extend/context.js",
    "start": 1539075419225,
    "end": 1539075419267,
    "duration": 42,
    "pid": 12692,
    "index": 38
  },
  {
    "name": "Require(32) node_modules/egg-security/app/extend/context.js",
    "start": 1539075419225,
    "end": 1539075419232,
    "duration": 7,
    "pid": 12692,
    "index": 39
  },
  {
    "name": "Require(33) node_modules/egg-jsonp/app/extend/context.js",
    "start": 1539075419232,
    "end": 1539075419232,
    "duration": 0,
    "pid": 12692,
    "index": 40
  },
  {
    "name": "Require(34) node_modules/egg-i18n/app/extend/context.js",
    "start": 1539075419233,
    "end": 1539075419233,
    "duration": 0,
    "pid": 12692,
    "index": 41
  },
  {
    "name": "Require(35) node_modules/egg-multipart/app/extend/context.js",
    "start": 1539075419234,
    "end": 1539075419263,
    "duration": 29,
    "pid": 12692,
    "index": 42
  },
  {
    "name": "Require(36) node_modules/egg-view/app/extend/context.js",
    "start": 1539075419263,
    "end": 1539075419264,
    "duration": 1,
    "pid": 12692,
    "index": 43
  },
  {
    "name": "Require(37) node_modules/egg-mongoose/app/extend/context.js",
    "start": 1539075419264,
    "end": 1539075419264,
    "duration": 0,
    "pid": 12692,
    "index": 44
  },
  {
    "name": "Require(38) node_modules/egg/app/extend/context.js",
    "start": 1539075419264,
    "end": 1539075419265,
    "duration": 1,
    "pid": 12692,
    "index": 45
  },
  {
    "name": "Load extend/helper.js",
    "start": 1539075419268,
    "end": 1539075419280,
    "duration": 12,
    "pid": 12692,
    "index": 46
  },
  {
    "name": "Require(39) node_modules/egg-security/app/extend/helper.js",
    "start": 1539075419268,
    "end": 1539075419277,
    "duration": 9,
    "pid": 12692,
    "index": 47
  },
  {
    "name": "Require(40) node_modules/egg/app/extend/helper.js",
    "start": 1539075419278,
    "end": 1539075419279,
    "duration": 1,
    "pid": 12692,
    "index": 48
  },
  {
    "name": "Load app.js",
    "start": 1539075419280,
    "end": 1539075419306,
    "duration": 26,
    "pid": 12692,
    "index": 49
  },
  {
    "name": "Require(41) node_modules/egg-session/app.js",
    "start": 1539075419281,
    "end": 1539075419281,
    "duration": 0,
    "pid": 12692,
    "index": 50
  },
  {
    "name": "Require(42) node_modules/egg-security/app.js",
    "start": 1539075419281,
    "end": 1539075419282,
    "duration": 1,
    "pid": 12692,
    "index": 51
  },
  {
    "name": "Require(43) node_modules/egg-onerror/app.js",
    "start": 1539075419283,
    "end": 1539075419289,
    "duration": 6,
    "pid": 12692,
    "index": 52
  },
  {
    "name": "Require(44) node_modules/egg-i18n/app.js",
    "start": 1539075419289,
    "end": 1539075419296,
    "duration": 7,
    "pid": 12692,
    "index": 53
  },
  {
    "name": "Require(45) node_modules/egg-watcher/app.js",
    "start": 1539075419296,
    "end": 1539075419301,
    "duration": 5,
    "pid": 12692,
    "index": 54
  },
  {
    "name": "Require(46) node_modules/egg-schedule/app.js",
    "start": 1539075419301,
    "end": 1539075419302,
    "duration": 1,
    "pid": 12692,
    "index": 55
  },
  {
    "name": "Require(47) node_modules/egg-multipart/app.js",
    "start": 1539075419302,
    "end": 1539075419303,
    "duration": 1,
    "pid": 12692,
    "index": 56
  },
  {
    "name": "Require(48) node_modules/egg-development/app.js",
    "start": 1539075419304,
    "end": 1539075419304,
    "duration": 0,
    "pid": 12692,
    "index": 57
  },
  {
    "name": "Require(49) node_modules/egg-logrotator/app.js",
    "start": 1539075419304,
    "end": 1539075419304,
    "duration": 0,
    "pid": 12692,
    "index": 58
  },
  {
    "name": "Require(50) node_modules/egg-static/app.js",
    "start": 1539075419304,
    "end": 1539075419304,
    "duration": 0,
    "pid": 12692,
    "index": 59
  },
  {
    "name": "Require(51) node_modules/egg-view-nunjucks/app.js",
    "start": 1539075419305,
    "end": 1539075419305,
    "duration": 0,
    "pid": 12692,
    "index": 60
  },
  {
    "name": "Require(52) node_modules/egg-mongoose/app.js",
    "start": 1539075419305,
    "end": 1539075419305,
    "duration": 0,
    "pid": 12692,
    "index": 61
  },
  {
    "name": "Before Start in node_modules/egg-watcher/lib/init.js:15:14",
    "start": 1539075419315,
    "end": 1539075420760,
    "duration": 1445,
    "pid": 12692,
    "index": 62
  },
  {
    "name": "Before Start in node_modules/egg-mongoose/lib/mongoose.js:77:7",
    "start": 1539075419616,
    "end": 1539075421788,
    "duration": 2172,
    "pid": 12692,
    "index": 63
  },
  {
    "name": "Before Start in node_modules/egg-mongoose/lib/mongoose.js:42:9",
    "start": 1539075419616,
    "end": 1539075420750,
    "duration": 1134,
    "pid": 12692,
    "index": 64
  },
  {
    "name": "Load Service",
    "start": 1539075419616,
    "end": 1539075419621,
    "duration": 5,
    "pid": 12692,
    "index": 65
  },
  {
    "name": "Load \"service\" to Context",
    "start": 1539075419616,
    "end": 1539075419621,
    "duration": 5,
    "pid": 12692,
    "index": 66
  },
  {
    "name": "Load Middleware",
    "start": 1539075419621,
    "end": 1539075419678,
    "duration": 57,
    "pid": 12692,
    "index": 67
  },
  {
    "name": "Load \"middlewares\" to Application",
    "start": 1539075419622,
    "end": 1539075419671,
    "duration": 49,
    "pid": 12692,
    "index": 68
  },
  {
    "name": "Load Controller",
    "start": 1539075419678,
    "end": 1539075420726,
    "duration": 1048,
    "pid": 12692,
    "index": 69
  },
  {
    "name": "Load \"controller\" to Application",
    "start": 1539075419678,
    "end": 1539075420726,
    "duration": 1048,
    "pid": 12692,
    "index": 70
  },
  {
    "name": "Load Router",
    "start": 1539075420726,
    "end": 1539075420728,
    "duration": 2,
    "pid": 12692,
    "index": 71
  },
  {
    "name": "Require(53) app/router.ts",
    "start": 1539075420726,
    "end": 1539075420726,
    "duration": 0,
    "pid": 12692,
    "index": 72
  },
  {
    "name": "Before Start in node_modules/egg-core/lib/egg.js:287:10",
    "start": 1539075420727,
    "end": 1539075420750,
    "duration": 23,
    "pid": 12692,
    "index": 73
  },
  {
    "name": "Load \"model\" to Application",
    "start": 1539075420738,
    "end": 1539075420749,
    "duration": 11,
    "pid": 12692,
    "index": 74
  }
]