[
  {
    "name": "Application Start",
    "start": 1539075097711,
    "end": 1539075100356,
    "duration": 2645,
    "pid": 15236,
    "index": 0
  },
  {
    "name": "Load Plugin",
    "start": 1539075097715,
    "end": 1539075097725,
    "duration": 10,
    "pid": 15236,
    "index": 1
  },
  {
    "name": "Load Config",
    "start": 1539075097725,
    "end": 1539075097742,
    "duration": 17,
    "pid": 15236,
    "index": 2
  },
  {
    "name": "Require(0) config/config.default.ts",
    "start": 1539075097726,
    "end": 1539075097727,
    "duration": 1,
    "pid": 15236,
    "index": 3
  },
  {
    "name": "Require(1) config/config.local.ts",
    "start": 1539075097728,
    "end": 1539075097728,
    "duration": 0,
    "pid": 15236,
    "index": 4
  },
  {
    "name": "Require(2) node_modules/egg-session/config/config.default.js",
    "start": 1539075097729,
    "end": 1539075097729,
    "duration": 0,
    "pid": 15236,
    "index": 5
  },
  {
    "name": "Require(3) node_modules/egg-security/config/config.default.js",
    "start": 1539075097729,
    "end": 1539075097730,
    "duration": 1,
    "pid": 15236,
    "index": 6
  },
  {
    "name": "Require(4) node_modules/egg-jsonp/config/config.default.js",
    "start": 1539075097730,
    "end": 1539075097730,
    "duration": 0,
    "pid": 15236,
    "index": 7
  },
  {
    "name": "Require(5) node_modules/egg-onerror/config/config.default.js",
    "start": 1539075097731,
    "end": 1539075097731,
    "duration": 0,
    "pid": 15236,
    "index": 8
  },
  {
    "name": "Require(6) node_modules/egg-i18n/config/config.default.js",
    "start": 1539075097731,
    "end": 1539075097731,
    "duration": 0,
    "pid": 15236,
    "index": 9
  },
  {
    "name": "Require(7) node_modules/egg-watcher/config/config.default.js",
    "start": 1539075097731,
    "end": 1539075097732,
    "duration": 1,
    "pid": 15236,
    "index": 10
  },
  {
    "name": "Require(8) node_modules/egg-schedule/config/config.default.js",
    "start": 1539075097732,
    "end": 1539075097732,
    "duration": 0,
    "pid": 15236,
    "index": 11
  },
  {
    "name": "Require(9) node_modules/egg-multipart/config/config.default.js",
    "start": 1539075097733,
    "end": 1539075097733,
    "duration": 0,
    "pid": 15236,
    "index": 12
  },
  {
    "name": "Require(10) node_modules/egg-development/config/config.default.js",
    "start": 1539075097733,
    "end": 1539075097734,
    "duration": 1,
    "pid": 15236,
    "index": 13
  },
  {
    "name": "Require(11) node_modules/egg-logrotator/config/config.default.js",
    "start": 1539075097734,
    "end": 1539075097734,
    "duration": 0,
    "pid": 15236,
    "index": 14
  },
  {
    "name": "Require(12) node_modules/egg-static/config/config.default.js",
    "start": 1539075097734,
    "end": 1539075097734,
    "duration": 0,
    "pid": 15236,
    "index": 15
  },
  {
    "name": "Require(13) node_modules/egg-view/config/config.default.js",
    "start": 1539075097735,
    "end": 1539075097735,
    "duration": 0,
    "pid": 15236,
    "index": 16
  },
  {
    "name": "Require(14) node_modules/egg-view-nunjucks/config/config.default.js",
    "start": 1539075097735,
    "end": 1539075097736,
    "duration": 1,
    "pid": 15236,
    "index": 17
  },
  {
    "name": "Require(15) node_modules/egg-mongoose/config/config.default.js",
    "start": 1539075097736,
    "end": 1539075097736,
    "duration": 0,
    "pid": 15236,
    "index": 18
  },
  {
    "name": "Require(16) node_modules/egg/config/config.default.js",
    "start": 1539075097737,
    "end": 1539075097737,
    "duration": 0,
    "pid": 15236,
    "index": 19
  },
  {
    "name": "Require(17) config/config.default.ts",
    "start": 1539075097738,
    "end": 1539075097738,
    "duration": 0,
    "pid": 15236,
    "index": 20
  },
  {
    "name": "Require(18) node_modules/egg-security/config/config.local.js",
    "start": 1539075097739,
    "end": 1539075097739,
    "duration": 0,
    "pid": 15236,
    "index": 21
  },
  {
    "name": "Require(19) node_modules/egg-watcher/config/config.local.js",
    "start": 1539075097739,
    "end": 1539075097740,
    "duration": 1,
    "pid": 15236,
    "index": 22
  },
  {
    "name": "Require(20) node_modules/egg-view/config/config.local.js",
    "start": 1539075097740,
    "end": 1539075097741,
    "duration": 1,
    "pid": 15236,
    "index": 23
  },
  {
    "name": "Require(21) node_modules/egg-view-nunjucks/config/config.local.js",
    "start": 1539075097741,
    "end": 1539075097741,
    "duration": 0,
    "pid": 15236,
    "index": 24
  },
  {
    "name": "Require(22) node_modules/egg/config/config.local.js",
    "start": 1539075097741,
    "end": 1539075097741,
    "duration": 0,
    "pid": 15236,
    "index": 25
  },
  {
    "name": "Require(23) config/config.local.ts",
    "start": 1539075097742,
    "end": 1539075097742,
    "duration": 0,
    "pid": 15236,
    "index": 26
  },
  {
    "name": "Load extend/application.js",
    "start": 1539075097743,
    "end": 1539075097777,
    "duration": 34,
    "pid": 15236,
    "index": 27
  },
  {
    "name": "Require(24) node_modules/egg-session/app/extend/application.js",
    "start": 1539075097743,
    "end": 1539075097743,
    "duration": 0,
    "pid": 15236,
    "index": 28
  },
  {
    "name": "Require(25) node_modules/egg-security/app/extend/application.js",
    "start": 1539075097743,
    "end": 1539075097744,
    "duration": 1,
    "pid": 15236,
    "index": 29
  },
  {
    "name": "Require(26) node_modules/egg-jsonp/app/extend/application.js",
    "start": 1539075097744,
    "end": 1539075097745,
    "duration": 1,
    "pid": 15236,
    "index": 30
  },
  {
    "name": "Require(27) node_modules/egg-logrotator/app/extend/application.js",
    "start": 1539075097746,
    "end": 1539075097747,
    "duration": 1,
    "pid": 15236,
    "index": 31
  },
  {
    "name": "Require(28) node_modules/egg-view/app/extend/application.js",
    "start": 1539075097747,
    "end": 1539075097748,
    "duration": 1,
    "pid": 15236,
    "index": 32
  },
  {
    "name": "Require(29) node_modules/egg-view-nunjucks/app/extend/application.js",
    "start": 1539075097748,
    "end": 1539075097774,
    "duration": 26,
    "pid": 15236,
    "index": 33
  },
  {
    "name": "Load extend/request.js",
    "start": 1539075097777,
    "end": 1539075097782,
    "duration": 5,
    "pid": 15236,
    "index": 34
  },
  {
    "name": "Require(30) node_modules/egg/app/extend/request.js",
    "start": 1539075097779,
    "end": 1539075097780,
    "duration": 1,
    "pid": 15236,
    "index": 35
  },
  {
    "name": "Load extend/response.js",
    "start": 1539075097782,
    "end": 1539075097786,
    "duration": 4,
    "pid": 15236,
    "index": 36
  },
  {
    "name": "Require(31) node_modules/egg/app/extend/response.js",
    "start": 1539075097783,
    "end": 1539075097784,
    "duration": 1,
    "pid": 15236,
    "index": 37
  },
  {
    "name": "Load extend/context.js",
    "start": 1539075097786,
    "end": 1539075097829,
    "duration": 43,
    "pid": 15236,
    "index": 38
  },
  {
    "name": "Require(32) node_modules/egg-security/app/extend/context.js",
    "start": 1539075097786,
    "end": 1539075097793,
    "duration": 7,
    "pid": 15236,
    "index": 39
  },
  {
    "name": "Require(33) node_modules/egg-jsonp/app/extend/context.js",
    "start": 1539075097793,
    "end": 1539075097794,
    "duration": 1,
    "pid": 15236,
    "index": 40
  },
  {
    "name": "Require(34) node_modules/egg-i18n/app/extend/context.js",
    "start": 1539075097794,
    "end": 1539075097794,
    "duration": 0,
    "pid": 15236,
    "index": 41
  },
  {
    "name": "Require(35) node_modules/egg-multipart/app/extend/context.js",
    "start": 1539075097795,
    "end": 1539075097824,
    "duration": 29,
    "pid": 15236,
    "index": 42
  },
  {
    "name": "Require(36) node_modules/egg-view/app/extend/context.js",
    "start": 1539075097824,
    "end": 1539075097825,
    "duration": 1,
    "pid": 15236,
    "index": 43
  },
  {
    "name": "Require(37) node_modules/egg-mongoose/app/extend/context.js",
    "start": 1539075097825,
    "end": 1539075097826,
    "duration": 1,
    "pid": 15236,
    "index": 44
  },
  {
    "name": "Require(38) node_modules/egg/app/extend/context.js",
    "start": 1539075097826,
    "end": 1539075097827,
    "duration": 1,
    "pid": 15236,
    "index": 45
  },
  {
    "name": "Load extend/helper.js",
    "start": 1539075097829,
    "end": 1539075097844,
    "duration": 15,
    "pid": 15236,
    "index": 46
  },
  {
    "name": "Require(39) node_modules/egg-security/app/extend/helper.js",
    "start": 1539075097830,
    "end": 1539075097840,
    "duration": 10,
    "pid": 15236,
    "index": 47
  },
  {
    "name": "Require(40) node_modules/egg/app/extend/helper.js",
    "start": 1539075097842,
    "end": 1539075097842,
    "duration": 0,
    "pid": 15236,
    "index": 48
  },
  {
    "name": "Load app.js",
    "start": 1539075097844,
    "end": 1539075097869,
    "duration": 25,
    "pid": 15236,
    "index": 49
  },
  {
    "name": "Require(41) node_modules/egg-session/app.js",
    "start": 1539075097844,
    "end": 1539075097845,
    "duration": 1,
    "pid": 15236,
    "index": 50
  },
  {
    "name": "Require(42) node_modules/egg-security/app.js",
    "start": 1539075097845,
    "end": 1539075097846,
    "duration": 1,
    "pid": 15236,
    "index": 51
  },
  {
    "name": "Require(43) node_modules/egg-onerror/app.js",
    "start": 1539075097846,
    "end": 1539075097852,
    "duration": 6,
    "pid": 15236,
    "index": 52
  },
  {
    "name": "Require(44) node_modules/egg-i18n/app.js",
    "start": 1539075097853,
    "end": 1539075097858,
    "duration": 5,
    "pid": 15236,
    "index": 53
  },
  {
    "name": "Require(45) node_modules/egg-watcher/app.js",
    "start": 1539075097859,
    "end": 1539075097863,
    "duration": 4,
    "pid": 15236,
    "index": 54
  },
  {
    "name": "Require(46) node_modules/egg-schedule/app.js",
    "start": 1539075097864,
    "end": 1539075097864,
    "duration": 0,
    "pid": 15236,
    "index": 55
  },
  {
    "name": "Require(47) node_modules/egg-multipart/app.js",
    "start": 1539075097865,
    "end": 1539075097866,
    "duration": 1,
    "pid": 15236,
    "index": 56
  },
  {
    "name": "Require(48) node_modules/egg-development/app.js",
    "start": 1539075097867,
    "end": 1539075097867,
    "duration": 0,
    "pid": 15236,
    "index": 57
  },
  {
    "name": "Require(49) node_modules/egg-logrotator/app.js",
    "start": 1539075097867,
    "end": 1539075097867,
    "duration": 0,
    "pid": 15236,
    "index": 58
  },
  {
    "name": "Require(50) node_modules/egg-static/app.js",
    "start": 1539075097867,
    "end": 1539075097867,
    "duration": 0,
    "pid": 15236,
    "index": 59
  },
  {
    "name": "Require(51) node_modules/egg-view-nunjucks/app.js",
    "start": 1539075097868,
    "end": 1539075097868,
    "duration": 0,
    "pid": 15236,
    "index": 60
  },
  {
    "name": "Require(52) node_modules/egg-mongoose/app.js",
    "start": 1539075097868,
    "end": 1539075097868,
    "duration": 0,
    "pid": 15236,
    "index": 61
  },
  {
    "name": "Before Start in node_modules/egg-watcher/lib/init.js:15:14",
    "start": 1539075097879,
    "end": 1539075099349,
    "duration": 1470,
    "pid": 15236,
    "index": 62
  },
  {
    "name": "Before Start in node_modules/egg-mongoose/lib/mongoose.js:77:7",
    "start": 1539075098176,
    "end": 1539075100356,
    "duration": 2180,
    "pid": 15236,
    "index": 63
  },
  {
    "name": "Before Start in node_modules/egg-mongoose/lib/mongoose.js:42:9",
    "start": 1539075098176,
    "end": 1539075099339,
    "duration": 1163,
    "pid": 15236,
    "index": 64
  },
  {
    "name": "Load Service",
    "start": 1539075098176,
    "end": 1539075098182,
    "duration": 6,
    "pid": 15236,
    "index": 65
  },
  {
    "name": "Load \"service\" to Context",
    "start": 1539075098176,
    "end": 1539075098182,
    "duration": 6,
    "pid": 15236,
    "index": 66
  },
  {
    "name": "Load Middleware",
    "start": 1539075098182,
    "end": 1539075098233,
    "duration": 51,
    "pid": 15236,
    "index": 67
  },
  {
    "name": "Load \"middlewares\" to Application",
    "start": 1539075098182,
    "end": 1539075098226,
    "duration": 44,
    "pid": 15236,
    "index": 68
  },
  {
    "name": "Load Controller",
    "start": 1539075098233,
    "end": 1539075099311,
    "duration": 1078,
    "pid": 15236,
    "index": 69
  },
  {
    "name": "Load \"controller\" to Application",
    "start": 1539075098233,
    "end": 1539075099311,
    "duration": 1078,
    "pid": 15236,
    "index": 70
  },
  {
    "name": "Load Router",
    "start": 1539075099311,
    "end": 1539075099313,
    "duration": 2,
    "pid": 15236,
    "index": 71
  },
  {
    "name": "Require(53) app/router.ts",
    "start": 1539075099311,
    "end": 1539075099311,
    "duration": 0,
    "pid": 15236,
    "index": 72
  },
  {
    "name": "Before Start in node_modules/egg-core/lib/egg.js:287:10",
    "start": 1539075099312,
    "end": 1539075099339,
    "duration": 27,
    "pid": 15236,
    "index": 73
  },
  {
    "name": "Load \"model\" to Application",
    "start": 1539075099324,
    "end": 1539075099339,
    "duration": 15,
    "pid": 15236,
    "index": 74
  }
]