[
  {
    "name": "Application Start",
    "start": 1539075460149,
    "end": 1539075461754,
    "duration": 1605,
    "pid": 1168,
    "index": 0
  },
  {
    "name": "Load Plugin",
    "start": 1539075460152,
    "end": 1539075460164,
    "duration": 12,
    "pid": 1168,
    "index": 1
  },
  {
    "name": "Load Config",
    "start": 1539075460164,
    "end": 1539075460179,
    "duration": 15,
    "pid": 1168,
    "index": 2
  },
  {
    "name": "Require(0) config/config.default.ts",
    "start": 1539075460164,
    "end": 1539075460165,
    "duration": 1,
    "pid": 1168,
    "index": 3
  },
  {
    "name": "Require(1) config/config.local.ts",
    "start": 1539075460166,
    "end": 1539075460166,
    "duration": 0,
    "pid": 1168,
    "index": 4
  },
  {
    "name": "Require(2) node_modules/egg-session/config/config.default.js",
    "start": 1539075460167,
    "end": 1539075460167,
    "duration": 0,
    "pid": 1168,
    "index": 5
  },
  {
    "name": "Require(3) node_modules/egg-security/config/config.default.js",
    "start": 1539075460167,
    "end": 1539075460167,
    "duration": 0,
    "pid": 1168,
    "index": 6
  },
  {
    "name": "Require(4) node_modules/egg-jsonp/config/config.default.js",
    "start": 1539075460168,
    "end": 1539075460168,
    "duration": 0,
    "pid": 1168,
    "index": 7
  },
  {
    "name": "Require(5) node_modules/egg-onerror/config/config.default.js",
    "start": 1539075460168,
    "end": 1539075460169,
    "duration": 1,
    "pid": 1168,
    "index": 8
  },
  {
    "name": "Require(6) node_modules/egg-i18n/config/config.default.js",
    "start": 1539075460169,
    "end": 1539075460169,
    "duration": 0,
    "pid": 1168,
    "index": 9
  },
  {
    "name": "Require(7) node_modules/egg-watcher/config/config.default.js",
    "start": 1539075460169,
    "end": 1539075460169,
    "duration": 0,
    "pid": 1168,
    "index": 10
  },
  {
    "name": "Require(8) node_modules/egg-schedule/config/config.default.js",
    "start": 1539075460170,
    "end": 1539075460170,
    "duration": 0,
    "pid": 1168,
    "index": 11
  },
  {
    "name": "Require(9) node_modules/egg-multipart/config/config.default.js",
    "start": 1539075460170,
    "end": 1539075460171,
    "duration": 1,
    "pid": 1168,
    "index": 12
  },
  {
    "name": "Require(10) node_modules/egg-development/config/config.default.js",
    "start": 1539075460171,
    "end": 1539075460171,
    "duration": 0,
    "pid": 1168,
    "index": 13
  },
  {
    "name": "Require(11) node_modules/egg-logrotator/config/config.default.js",
    "start": 1539075460172,
    "end": 1539075460172,
    "duration": 0,
    "pid": 1168,
    "index": 14
  },
  {
    "name": "Require(12) node_modules/egg-static/config/config.default.js",
    "start": 1539075460172,
    "end": 1539075460172,
    "duration": 0,
    "pid": 1168,
    "index": 15
  },
  {
    "name": "Require(13) node_modules/egg-view/config/config.default.js",
    "start": 1539075460173,
    "end": 1539075460173,
    "duration": 0,
    "pid": 1168,
    "index": 16
  },
  {
    "name": "Require(14) node_modules/egg-view-nunjucks/config/config.default.js",
    "start": 1539075460173,
    "end": 1539075460173,
    "duration": 0,
    "pid": 1168,
    "index": 17
  },
  {
    "name": "Require(15) node_modules/egg-mongoose/config/config.default.js",
    "start": 1539075460173,
    "end": 1539075460174,
    "duration": 1,
    "pid": 1168,
    "index": 18
  },
  {
    "name": "Require(16) node_modules/egg/config/config.default.js",
    "start": 1539075460174,
    "end": 1539075460174,
    "duration": 0,
    "pid": 1168,
    "index": 19
  },
  {
    "name": "Require(17) config/config.default.ts",
    "start": 1539075460175,
    "end": 1539075460175,
    "duration": 0,
    "pid": 1168,
    "index": 20
  },
  {
    "name": "Require(18) node_modules/egg-security/config/config.local.js",
    "start": 1539075460176,
    "end": 1539075460176,
    "duration": 0,
    "pid": 1168,
    "index": 21
  },
  {
    "name": "Require(19) node_modules/egg-watcher/config/config.local.js",
    "start": 1539075460177,
    "end": 1539075460177,
    "duration": 0,
    "pid": 1168,
    "index": 22
  },
  {
    "name": "Require(20) node_modules/egg-view/config/config.local.js",
    "start": 1539075460177,
    "end": 1539075460178,
    "duration": 1,
    "pid": 1168,
    "index": 23
  },
  {
    "name": "Require(21) node_modules/egg-view-nunjucks/config/config.local.js",
    "start": 1539075460178,
    "end": 1539075460178,
    "duration": 0,
    "pid": 1168,
    "index": 24
  },
  {
    "name": "Require(22) node_modules/egg/config/config.local.js",
    "start": 1539075460178,
    "end": 1539075460178,
    "duration": 0,
    "pid": 1168,
    "index": 25
  },
  {
    "name": "Require(23) config/config.local.ts",
    "start": 1539075460178,
    "end": 1539075460178,
    "duration": 0,
    "pid": 1168,
    "index": 26
  },
  {
    "name": "Load extend/application.js",
    "start": 1539075460179,
    "end": 1539075460213,
    "duration": 34,
    "pid": 1168,
    "index": 27
  },
  {
    "name": "Require(24) node_modules/egg-session/app/extend/application.js",
    "start": 1539075460180,
    "end": 1539075460180,
    "duration": 0,
    "pid": 1168,
    "index": 28
  },
  {
    "name": "Require(25) node_modules/egg-security/app/extend/application.js",
    "start": 1539075460180,
    "end": 1539075460181,
    "duration": 1,
    "pid": 1168,
    "index": 29
  },
  {
    "name": "Require(26) node_modules/egg-jsonp/app/extend/application.js",
    "start": 1539075460181,
    "end": 1539075460182,
    "duration": 1,
    "pid": 1168,
    "index": 30
  },
  {
    "name": "Require(27) node_modules/egg-logrotator/app/extend/application.js",
    "start": 1539075460183,
    "end": 1539075460184,
    "duration": 1,
    "pid": 1168,
    "index": 31
  },
  {
    "name": "Require(28) node_modules/egg-view/app/extend/application.js",
    "start": 1539075460184,
    "end": 1539075460186,
    "duration": 2,
    "pid": 1168,
    "index": 32
  },
  {
    "name": "Require(29) node_modules/egg-view-nunjucks/app/extend/application.js",
    "start": 1539075460186,
    "end": 1539075460211,
    "duration": 25,
    "pid": 1168,
    "index": 33
  },
  {
    "name": "Load extend/request.js",
    "start": 1539075460213,
    "end": 1539075460218,
    "duration": 5,
    "pid": 1168,
    "index": 34
  },
  {
    "name": "Require(30) node_modules/egg/app/extend/request.js",
    "start": 1539075460215,
    "end": 1539075460216,
    "duration": 1,
    "pid": 1168,
    "index": 35
  },
  {
    "name": "Load extend/response.js",
    "start": 1539075460218,
    "end": 1539075460223,
    "duration": 5,
    "pid": 1168,
    "index": 36
  },
  {
    "name": "Require(31) node_modules/egg/app/extend/response.js",
    "start": 1539075460221,
    "end": 1539075460221,
    "duration": 0,
    "pid": 1168,
    "index": 37
  },
  {
    "name": "Load extend/context.js",
    "start": 1539075460223,
    "end": 1539075460269,
    "duration": 46,
    "pid": 1168,
    "index": 38
  },
  {
    "name": "Require(32) node_modules/egg-security/app/extend/context.js",
    "start": 1539075460224,
    "end": 1539075460230,
    "duration": 6,
    "pid": 1168,
    "index": 39
  },
  {
    "name": "Require(33) node_modules/egg-jsonp/app/extend/context.js",
    "start": 1539075460230,
    "end": 1539075460231,
    "duration": 1,
    "pid": 1168,
    "index": 40
  },
  {
    "name": "Require(34) node_modules/egg-i18n/app/extend/context.js",
    "start": 1539075460231,
    "end": 1539075460231,
    "duration": 0,
    "pid": 1168,
    "index": 41
  },
  {
    "name": "Require(35) node_modules/egg-multipart/app/extend/context.js",
    "start": 1539075460232,
    "end": 1539075460261,
    "duration": 29,
    "pid": 1168,
    "index": 42
  },
  {
    "name": "Require(36) node_modules/egg-view/app/extend/context.js",
    "start": 1539075460262,
    "end": 1539075460262,
    "duration": 0,
    "pid": 1168,
    "index": 43
  },
  {
    "name": "Require(37) node_modules/egg-mongoose/app/extend/context.js",
    "start": 1539075460263,
    "end": 1539075460263,
    "duration": 0,
    "pid": 1168,
    "index": 44
  },
  {
    "name": "Require(38) node_modules/egg/app/extend/context.js",
    "start": 1539075460263,
    "end": 1539075460264,
    "duration": 1,
    "pid": 1168,
    "index": 45
  },
  {
    "name": "Load extend/helper.js",
    "start": 1539075460269,
    "end": 1539075460283,
    "duration": 14,
    "pid": 1168,
    "index": 46
  },
  {
    "name": "Require(39) node_modules/egg-security/app/extend/helper.js",
    "start": 1539075460269,
    "end": 1539075460279,
    "duration": 10,
    "pid": 1168,
    "index": 47
  },
  {
    "name": "Require(40) node_modules/egg/app/extend/helper.js",
    "start": 1539075460280,
    "end": 1539075460281,
    "duration": 1,
    "pid": 1168,
    "index": 48
  },
  {
    "name": "Load app.js",
    "start": 1539075460284,
    "end": 1539075460310,
    "duration": 26,
    "pid": 1168,
    "index": 49
  },
  {
    "name": "Require(41) node_modules/egg-session/app.js",
    "start": 1539075460284,
    "end": 1539075460284,
    "duration": 0,
    "pid": 1168,
    "index": 50
  },
  {
    "name": "Require(42) node_modules/egg-security/app.js",
    "start": 1539075460285,
    "end": 1539075460286,
    "duration": 1,
    "pid": 1168,
    "index": 51
  },
  {
    "name": "Require(43) node_modules/egg-onerror/app.js",
    "start": 1539075460286,
    "end": 1539075460293,
    "duration": 7,
    "pid": 1168,
    "index": 52
  },
  {
    "name": "Require(44) node_modules/egg-i18n/app.js",
    "start": 1539075460293,
    "end": 1539075460300,
    "duration": 7,
    "pid": 1168,
    "index": 53
  },
  {
    "name": "Require(45) node_modules/egg-watcher/app.js",
    "start": 1539075460300,
    "end": 1539075460305,
    "duration": 5,
    "pid": 1168,
    "index": 54
  },
  {
    "name": "Require(46) node_modules/egg-schedule/app.js",
    "start": 1539075460305,
    "end": 1539075460306,
    "duration": 1,
    "pid": 1168,
    "index": 55
  },
  {
    "name": "Require(47) node_modules/egg-multipart/app.js",
    "start": 1539075460306,
    "end": 1539075460308,
    "duration": 2,
    "pid": 1168,
    "index": 56
  },
  {
    "name": "Require(48) node_modules/egg-development/app.js",
    "start": 1539075460308,
    "end": 1539075460308,
    "duration": 0,
    "pid": 1168,
    "index": 57
  },
  {
    "name": "Require(49) node_modules/egg-logrotator/app.js",
    "start": 1539075460308,
    "end": 1539075460308,
    "duration": 0,
    "pid": 1168,
    "index": 58
  },
  {
    "name": "Require(50) node_modules/egg-static/app.js",
    "start": 1539075460309,
    "end": 1539075460309,
    "duration": 0,
    "pid": 1168,
    "index": 59
  },
  {
    "name": "Require(51) node_modules/egg-view-nunjucks/app.js",
    "start": 1539075460309,
    "end": 1539075460309,
    "duration": 0,
    "pid": 1168,
    "index": 60
  },
  {
    "name": "Require(52) node_modules/egg-mongoose/app.js",
    "start": 1539075460310,
    "end": 1539075460310,
    "duration": 0,
    "pid": 1168,
    "index": 61
  },
  {
    "name": "Before Start in node_modules/egg-watcher/lib/init.js:15:14",
    "start": 1539075460321,
    "end": 1539075460749,
    "duration": 428,
    "pid": 1168,
    "index": 62
  },
  {
    "name": "Before Start in node_modules/egg-mongoose/lib/mongoose.js:77:7",
    "start": 1539075460624,
    "end": 1539075461753,
    "duration": 1129,
    "pid": 1168,
    "index": 63
  },
  {
    "name": "Before Start in node_modules/egg-mongoose/lib/mongoose.js:42:9",
    "start": 1539075460625,
    "end": 1539075460710,
    "duration": 85,
    "pid": 1168,
    "index": 64
  },
  {
    "name": "Load Service",
    "start": 1539075460625,
    "end": 1539075460630,
    "duration": 5,
    "pid": 1168,
    "index": 65
  },
  {
    "name": "Load \"service\" to Context",
    "start": 1539075460625,
    "end": 1539075460630,
    "duration": 5,
    "pid": 1168,
    "index": 66
  },
  {
    "name": "Load Middleware",
    "start": 1539075460630,
    "end": 1539075460681,
    "duration": 51,
    "pid": 1168,
    "index": 67
  },
  {
    "name": "Load \"middlewares\" to Application",
    "start": 1539075460630,
    "end": 1539075460673,
    "duration": 43,
    "pid": 1168,
    "index": 68
  },
  {
    "name": "Load Controller",
    "start": 1539075460681,
    "end": 1539075460683,
    "duration": 2,
    "pid": 1168,
    "index": 69
  },
  {
    "name": "Load \"controller\" to Application",
    "start": 1539075460681,
    "end": 1539075460683,
    "duration": 2,
    "pid": 1168,
    "index": 70
  },
  {
    "name": "Load Router",
    "start": 1539075460683,
    "end": 1539075460685,
    "duration": 2,
    "pid": 1168,
    "index": 71
  },
  {
    "name": "Require(53) app/router.ts",
    "start": 1539075460683,
    "end": 1539075460684,
    "duration": 1,
    "pid": 1168,
    "index": 72
  },
  {
    "name": "Before Start in node_modules/egg-core/lib/egg.js:287:10",
    "start": 1539075460684,
    "end": 1539075460710,
    "duration": 26,
    "pid": 1168,
    "index": 73
  },
  {
    "name": "Load \"model\" to Application",
    "start": 1539075460697,
    "end": 1539075460709,
    "duration": 12,
    "pid": 1168,
    "index": 74
  }
]