[
  {
    "name": "Application Start",
    "start": 1539075456056,
    "end": 1539075457660,
    "duration": 1604,
    "pid": 7568,
    "index": 0
  },
  {
    "name": "Load Plugin",
    "start": 1539075456060,
    "end": 1539075456071,
    "duration": 11,
    "pid": 7568,
    "index": 1
  },
  {
    "name": "Load Config",
    "start": 1539075456071,
    "end": 1539075456087,
    "duration": 16,
    "pid": 7568,
    "index": 2
  },
  {
    "name": "Require(0) config/config.default.ts",
    "start": 1539075456072,
    "end": 1539075456073,
    "duration": 1,
    "pid": 7568,
    "index": 3
  },
  {
    "name": "Require(1) config/config.local.ts",
    "start": 1539075456073,
    "end": 1539075456074,
    "duration": 1,
    "pid": 7568,
    "index": 4
  },
  {
    "name": "Require(2) node_modules/egg-session/config/config.default.js",
    "start": 1539075456074,
    "end": 1539075456075,
    "duration": 1,
    "pid": 7568,
    "index": 5
  },
  {
    "name": "Require(3) node_modules/egg-security/config/config.default.js",
    "start": 1539075456075,
    "end": 1539075456075,
    "duration": 0,
    "pid": 7568,
    "index": 6
  },
  {
    "name": "Require(4) node_modules/egg-jsonp/config/config.default.js",
    "start": 1539075456076,
    "end": 1539075456076,
    "duration": 0,
    "pid": 7568,
    "index": 7
  },
  {
    "name": "Require(5) node_modules/egg-onerror/config/config.default.js",
    "start": 1539075456076,
    "end": 1539075456076,
    "duration": 0,
    "pid": 7568,
    "index": 8
  },
  {
    "name": "Require(6) node_modules/egg-i18n/config/config.default.js",
    "start": 1539075456077,
    "end": 1539075456077,
    "duration": 0,
    "pid": 7568,
    "index": 9
  },
  {
    "name": "Require(7) node_modules/egg-watcher/config/config.default.js",
    "start": 1539075456077,
    "end": 1539075456077,
    "duration": 0,
    "pid": 7568,
    "index": 10
  },
  {
    "name": "Require(8) node_modules/egg-schedule/config/config.default.js",
    "start": 1539075456078,
    "end": 1539075456078,
    "duration": 0,
    "pid": 7568,
    "index": 11
  },
  {
    "name": "Require(9) node_modules/egg-multipart/config/config.default.js",
    "start": 1539075456078,
    "end": 1539075456078,
    "duration": 0,
    "pid": 7568,
    "index": 12
  },
  {
    "name": "Require(10) node_modules/egg-development/config/config.default.js",
    "start": 1539075456079,
    "end": 1539075456079,
    "duration": 0,
    "pid": 7568,
    "index": 13
  },
  {
    "name": "Require(11) node_modules/egg-logrotator/config/config.default.js",
    "start": 1539075456079,
    "end": 1539075456079,
    "duration": 0,
    "pid": 7568,
    "index": 14
  },
  {
    "name": "Require(12) node_modules/egg-static/config/config.default.js",
    "start": 1539075456080,
    "end": 1539075456080,
    "duration": 0,
    "pid": 7568,
    "index": 15
  },
  {
    "name": "Require(13) node_modules/egg-view/config/config.default.js",
    "start": 1539075456080,
    "end": 1539075456080,
    "duration": 0,
    "pid": 7568,
    "index": 16
  },
  {
    "name": "Require(14) node_modules/egg-view-nunjucks/config/config.default.js",
    "start": 1539075456081,
    "end": 1539075456081,
    "duration": 0,
    "pid": 7568,
    "index": 17
  },
  {
    "name": "Require(15) node_modules/egg-mongoose/config/config.default.js",
    "start": 1539075456081,
    "end": 1539075456081,
    "duration": 0,
    "pid": 7568,
    "index": 18
  },
  {
    "name": "Require(16) node_modules/egg/config/config.default.js",
    "start": 1539075456082,
    "end": 1539075456082,
    "duration": 0,
    "pid": 7568,
    "index": 19
  },
  {
    "name": "Require(17) config/config.default.ts",
    "start": 1539075456083,
    "end": 1539075456083,
    "duration": 0,
    "pid": 7568,
    "index": 20
  },
  {
    "name": "Require(18) node_modules/egg-security/config/config.local.js",
    "start": 1539075456084,
    "end": 1539075456084,
    "duration": 0,
    "pid": 7568,
    "index": 21
  },
  {
    "name": "Require(19) node_modules/egg-watcher/config/config.local.js",
    "start": 1539075456085,
    "end": 1539075456085,
    "duration": 0,
    "pid": 7568,
    "index": 22
  },
  {
    "name": "Require(20) node_modules/egg-view/config/config.local.js",
    "start": 1539075456086,
    "end": 1539075456086,
    "duration": 0,
    "pid": 7568,
    "index": 23
  },
  {
    "name": "Require(21) node_modules/egg-view-nunjucks/config/config.local.js",
    "start": 1539075456086,
    "end": 1539075456087,
    "duration": 1,
    "pid": 7568,
    "index": 24
  },
  {
    "name": "Require(22) node_modules/egg/config/config.local.js",
    "start": 1539075456087,
    "end": 1539075456087,
    "duration": 0,
    "pid": 7568,
    "index": 25
  },
  {
    "name": "Require(23) config/config.local.ts",
    "start": 1539075456087,
    "end": 1539075456087,
    "duration": 0,
    "pid": 7568,
    "index": 26
  },
  {
    "name": "Load extend/application.js",
    "start": 1539075456089,
    "end": 1539075456124,
    "duration": 35,
    "pid": 7568,
    "index": 27
  },
  {
    "name": "Require(24) node_modules/egg-session/app/extend/application.js",
    "start": 1539075456089,
    "end": 1539075456089,
    "duration": 0,
    "pid": 7568,
    "index": 28
  },
  {
    "name": "Require(25) node_modules/egg-security/app/extend/application.js",
    "start": 1539075456090,
    "end": 1539075456090,
    "duration": 0,
    "pid": 7568,
    "index": 29
  },
  {
    "name": "Require(26) node_modules/egg-jsonp/app/extend/application.js",
    "start": 1539075456091,
    "end": 1539075456091,
    "duration": 0,
    "pid": 7568,
    "index": 30
  },
  {
    "name": "Require(27) node_modules/egg-logrotator/app/extend/application.js",
    "start": 1539075456092,
    "end": 1539075456093,
    "duration": 1,
    "pid": 7568,
    "index": 31
  },
  {
    "name": "Require(28) node_modules/egg-view/app/extend/application.js",
    "start": 1539075456094,
    "end": 1539075456095,
    "duration": 1,
    "pid": 7568,
    "index": 32
  },
  {
    "name": "Require(29) node_modules/egg-view-nunjucks/app/extend/application.js",
    "start": 1539075456095,
    "end": 1539075456122,
    "duration": 27,
    "pid": 7568,
    "index": 33
  },
  {
    "name": "Load extend/request.js",
    "start": 1539075456124,
    "end": 1539075456129,
    "duration": 5,
    "pid": 7568,
    "index": 34
  },
  {
    "name": "Require(30) node_modules/egg/app/extend/request.js",
    "start": 1539075456126,
    "end": 1539075456127,
    "duration": 1,
    "pid": 7568,
    "index": 35
  },
  {
    "name": "Load extend/response.js",
    "start": 1539075456129,
    "end": 1539075456134,
    "duration": 5,
    "pid": 7568,
    "index": 36
  },
  {
    "name": "Require(31) node_modules/egg/app/extend/response.js",
    "start": 1539075456131,
    "end": 1539075456132,
    "duration": 1,
    "pid": 7568,
    "index": 37
  },
  {
    "name": "Load extend/context.js",
    "start": 1539075456134,
    "end": 1539075456176,
    "duration": 42,
    "pid": 7568,
    "index": 38
  },
  {
    "name": "Require(32) node_modules/egg-security/app/extend/context.js",
    "start": 1539075456134,
    "end": 1539075456140,
    "duration": 6,
    "pid": 7568,
    "index": 39
  },
  {
    "name": "Require(33) node_modules/egg-jsonp/app/extend/context.js",
    "start": 1539075456141,
    "end": 1539075456141,
    "duration": 0,
    "pid": 7568,
    "index": 40
  },
  {
    "name": "Require(34) node_modules/egg-i18n/app/extend/context.js",
    "start": 1539075456141,
    "end": 1539075456142,
    "duration": 1,
    "pid": 7568,
    "index": 41
  },
  {
    "name": "Require(35) node_modules/egg-multipart/app/extend/context.js",
    "start": 1539075456142,
    "end": 1539075456171,
    "duration": 29,
    "pid": 7568,
    "index": 42
  },
  {
    "name": "Require(36) node_modules/egg-view/app/extend/context.js",
    "start": 1539075456172,
    "end": 1539075456173,
    "duration": 1,
    "pid": 7568,
    "index": 43
  },
  {
    "name": "Require(37) node_modules/egg-mongoose/app/extend/context.js",
    "start": 1539075456173,
    "end": 1539075456173,
    "duration": 0,
    "pid": 7568,
    "index": 44
  },
  {
    "name": "Require(38) node_modules/egg/app/extend/context.js",
    "start": 1539075456173,
    "end": 1539075456174,
    "duration": 1,
    "pid": 7568,
    "index": 45
  },
  {
    "name": "Load extend/helper.js",
    "start": 1539075456176,
    "end": 1539075456190,
    "duration": 14,
    "pid": 7568,
    "index": 46
  },
  {
    "name": "Require(39) node_modules/egg-security/app/extend/helper.js",
    "start": 1539075456176,
    "end": 1539075456187,
    "duration": 11,
    "pid": 7568,
    "index": 47
  },
  {
    "name": "Require(40) node_modules/egg/app/extend/helper.js",
    "start": 1539075456188,
    "end": 1539075456188,
    "duration": 0,
    "pid": 7568,
    "index": 48
  },
  {
    "name": "Load app.js",
    "start": 1539075456190,
    "end": 1539075456217,
    "duration": 27,
    "pid": 7568,
    "index": 49
  },
  {
    "name": "Require(41) node_modules/egg-session/app.js",
    "start": 1539075456190,
    "end": 1539075456191,
    "duration": 1,
    "pid": 7568,
    "index": 50
  },
  {
    "name": "Require(42) node_modules/egg-security/app.js",
    "start": 1539075456191,
    "end": 1539075456192,
    "duration": 1,
    "pid": 7568,
    "index": 51
  },
  {
    "name": "Require(43) node_modules/egg-onerror/app.js",
    "start": 1539075456192,
    "end": 1539075456200,
    "duration": 8,
    "pid": 7568,
    "index": 52
  },
  {
    "name": "Require(44) node_modules/egg-i18n/app.js",
    "start": 1539075456200,
    "end": 1539075456206,
    "duration": 6,
    "pid": 7568,
    "index": 53
  },
  {
    "name": "Require(45) node_modules/egg-watcher/app.js",
    "start": 1539075456206,
    "end": 1539075456211,
    "duration": 5,
    "pid": 7568,
    "index": 54
  },
  {
    "name": "Require(46) node_modules/egg-schedule/app.js",
    "start": 1539075456211,
    "end": 1539075456212,
    "duration": 1,
    "pid": 7568,
    "index": 55
  },
  {
    "name": "Require(47) node_modules/egg-multipart/app.js",
    "start": 1539075456212,
    "end": 1539075456214,
    "duration": 2,
    "pid": 7568,
    "index": 56
  },
  {
    "name": "Require(48) node_modules/egg-development/app.js",
    "start": 1539075456214,
    "end": 1539075456214,
    "duration": 0,
    "pid": 7568,
    "index": 57
  },
  {
    "name": "Require(49) node_modules/egg-logrotator/app.js",
    "start": 1539075456215,
    "end": 1539075456215,
    "duration": 0,
    "pid": 7568,
    "index": 58
  },
  {
    "name": "Require(50) node_modules/egg-static/app.js",
    "start": 1539075456215,
    "end": 1539075456215,
    "duration": 0,
    "pid": 7568,
    "index": 59
  },
  {
    "name": "Require(51) node_modules/egg-view-nunjucks/app.js",
    "start": 1539075456216,
    "end": 1539075456216,
    "duration": 0,
    "pid": 7568,
    "index": 60
  },
  {
    "name": "Require(52) node_modules/egg-mongoose/app.js",
    "start": 1539075456216,
    "end": 1539075456216,
    "duration": 0,
    "pid": 7568,
    "index": 61
  },
  {
    "name": "Before Start in node_modules/egg-watcher/lib/init.js:15:14",
    "start": 1539075456226,
    "end": 1539075456657,
    "duration": 431,
    "pid": 7568,
    "index": 62
  },
  {
    "name": "Before Start in node_modules/egg-mongoose/lib/mongoose.js:77:7",
    "start": 1539075456533,
    "end": 1539075457660,
    "duration": 1127,
    "pid": 7568,
    "index": 63
  },
  {
    "name": "Before Start in node_modules/egg-mongoose/lib/mongoose.js:42:9",
    "start": 1539075456533,
    "end": 1539075456618,
    "duration": 85,
    "pid": 7568,
    "index": 64
  },
  {
    "name": "Load Service",
    "start": 1539075456533,
    "end": 1539075456539,
    "duration": 6,
    "pid": 7568,
    "index": 65
  },
  {
    "name": "Load \"service\" to Context",
    "start": 1539075456534,
    "end": 1539075456539,
    "duration": 5,
    "pid": 7568,
    "index": 66
  },
  {
    "name": "Load Middleware",
    "start": 1539075456539,
    "end": 1539075456591,
    "duration": 52,
    "pid": 7568,
    "index": 67
  },
  {
    "name": "Load \"middlewares\" to Application",
    "start": 1539075456539,
    "end": 1539075456584,
    "duration": 45,
    "pid": 7568,
    "index": 68
  },
  {
    "name": "Load Controller",
    "start": 1539075456591,
    "end": 1539075456593,
    "duration": 2,
    "pid": 7568,
    "index": 69
  },
  {
    "name": "Load \"controller\" to Application",
    "start": 1539075456591,
    "end": 1539075456593,
    "duration": 2,
    "pid": 7568,
    "index": 70
  },
  {
    "name": "Load Router",
    "start": 1539075456593,
    "end": 1539075456596,
    "duration": 3,
    "pid": 7568,
    "index": 71
  },
  {
    "name": "Require(53) app/router.ts",
    "start": 1539075456594,
    "end": 1539075456594,
    "duration": 0,
    "pid": 7568,
    "index": 72
  },
  {
    "name": "Before Start in node_modules/egg-core/lib/egg.js:287:10",
    "start": 1539075456594,
    "end": 1539075456618,
    "duration": 24,
    "pid": 7568,
    "index": 73
  },
  {
    "name": "Load \"model\" to Application",
    "start": 1539075456606,
    "end": 1539075456617,
    "duration": 11,
    "pid": 7568,
    "index": 74
  }
]