[
  {
    "name": "Application Start",
    "start": 1539075375519,
    "end": 1539075378189,
    "duration": 2670,
    "pid": 16952,
    "index": 0
  },
  {
    "name": "Load Plugin",
    "start": 1539075375522,
    "end": 1539075375533,
    "duration": 11,
    "pid": 16952,
    "index": 1
  },
  {
    "name": "Load Config",
    "start": 1539075375533,
    "end": 1539075375549,
    "duration": 16,
    "pid": 16952,
    "index": 2
  },
  {
    "name": "Require(0) config/config.default.ts",
    "start": 1539075375534,
    "end": 1539075375535,
    "duration": 1,
    "pid": 16952,
    "index": 3
  },
  {
    "name": "Require(1) config/config.local.ts",
    "start": 1539075375535,
    "end": 1539075375536,
    "duration": 1,
    "pid": 16952,
    "index": 4
  },
  {
    "name": "Require(2) node_modules/egg-session/config/config.default.js",
    "start": 1539075375536,
    "end": 1539075375536,
    "duration": 0,
    "pid": 16952,
    "index": 5
  },
  {
    "name": "Require(3) node_modules/egg-security/config/config.default.js",
    "start": 1539075375537,
    "end": 1539075375537,
    "duration": 0,
    "pid": 16952,
    "index": 6
  },
  {
    "name": "Require(4) node_modules/egg-jsonp/config/config.default.js",
    "start": 1539075375537,
    "end": 1539075375538,
    "duration": 1,
    "pid": 16952,
    "index": 7
  },
  {
    "name": "Require(5) node_modules/egg-onerror/config/config.default.js",
    "start": 1539075375538,
    "end": 1539075375538,
    "duration": 0,
    "pid": 16952,
    "index": 8
  },
  {
    "name": "Require(6) node_modules/egg-i18n/config/config.default.js",
    "start": 1539075375538,
    "end": 1539075375538,
    "duration": 0,
    "pid": 16952,
    "index": 9
  },
  {
    "name": "Require(7) node_modules/egg-watcher/config/config.default.js",
    "start": 1539075375539,
    "end": 1539075375539,
    "duration": 0,
    "pid": 16952,
    "index": 10
  },
  {
    "name": "Require(8) node_modules/egg-schedule/config/config.default.js",
    "start": 1539075375539,
    "end": 1539075375539,
    "duration": 0,
    "pid": 16952,
    "index": 11
  },
  {
    "name": "Require(9) node_modules/egg-multipart/config/config.default.js",
    "start": 1539075375540,
    "end": 1539075375540,
    "duration": 0,
    "pid": 16952,
    "index": 12
  },
  {
    "name": "Require(10) node_modules/egg-development/config/config.default.js",
    "start": 1539075375541,
    "end": 1539075375541,
    "duration": 0,
    "pid": 16952,
    "index": 13
  },
  {
    "name": "Require(11) node_modules/egg-logrotator/config/config.default.js",
    "start": 1539075375541,
    "end": 1539075375542,
    "duration": 1,
    "pid": 16952,
    "index": 14
  },
  {
    "name": "Require(12) node_modules/egg-static/config/config.default.js",
    "start": 1539075375542,
    "end": 1539075375542,
    "duration": 0,
    "pid": 16952,
    "index": 15
  },
  {
    "name": "Require(13) node_modules/egg-view/config/config.default.js",
    "start": 1539075375542,
    "end": 1539075375542,
    "duration": 0,
    "pid": 16952,
    "index": 16
  },
  {
    "name": "Require(14) node_modules/egg-view-nunjucks/config/config.default.js",
    "start": 1539075375543,
    "end": 1539075375543,
    "duration": 0,
    "pid": 16952,
    "index": 17
  },
  {
    "name": "Require(15) node_modules/egg-mongoose/config/config.default.js",
    "start": 1539075375544,
    "end": 1539075375544,
    "duration": 0,
    "pid": 16952,
    "index": 18
  },
  {
    "name": "Require(16) node_modules/egg/config/config.default.js",
    "start": 1539075375544,
    "end": 1539075375544,
    "duration": 0,
    "pid": 16952,
    "index": 19
  },
  {
    "name": "Require(17) config/config.default.ts",
    "start": 1539075375545,
    "end": 1539075375545,
    "duration": 0,
    "pid": 16952,
    "index": 20
  },
  {
    "name": "Require(18) node_modules/egg-security/config/config.local.js",
    "start": 1539075375546,
    "end": 1539075375546,
    "duration": 0,
    "pid": 16952,
    "index": 21
  },
  {
    "name": "Require(19) node_modules/egg-watcher/config/config.local.js",
    "start": 1539075375547,
    "end": 1539075375547,
    "duration": 0,
    "pid": 16952,
    "index": 22
  },
  {
    "name": "Require(20) node_modules/egg-view/config/config.local.js",
    "start": 1539075375548,
    "end": 1539075375548,
    "duration": 0,
    "pid": 16952,
    "index": 23
  },
  {
    "name": "Require(21) node_modules/egg-view-nunjucks/config/config.local.js",
    "start": 1539075375548,
    "end": 1539075375548,
    "duration": 0,
    "pid": 16952,
    "index": 24
  },
  {
    "name": "Require(22) node_modules/egg/config/config.local.js",
    "start": 1539075375549,
    "end": 1539075375549,
    "duration": 0,
    "pid": 16952,
    "index": 25
  },
  {
    "name": "Require(23) config/config.local.ts",
    "start": 1539075375549,
    "end": 1539075375549,
    "duration": 0,
    "pid": 16952,
    "index": 26
  },
  {
    "name": "Load extend/application.js",
    "start": 1539075375550,
    "end": 1539075375585,
    "duration": 35,
    "pid": 16952,
    "index": 27
  },
  {
    "name": "Require(24) node_modules/egg-session/app/extend/application.js",
    "start": 1539075375550,
    "end": 1539075375550,
    "duration": 0,
    "pid": 16952,
    "index": 28
  },
  {
    "name": "Require(25) node_modules/egg-security/app/extend/application.js",
    "start": 1539075375551,
    "end": 1539075375551,
    "duration": 0,
    "pid": 16952,
    "index": 29
  },
  {
    "name": "Require(26) node_modules/egg-jsonp/app/extend/application.js",
    "start": 1539075375551,
    "end": 1539075375552,
    "duration": 1,
    "pid": 16952,
    "index": 30
  },
  {
    "name": "Require(27) node_modules/egg-logrotator/app/extend/application.js",
    "start": 1539075375553,
    "end": 1539075375554,
    "duration": 1,
    "pid": 16952,
    "index": 31
  },
  {
    "name": "Require(28) node_modules/egg-view/app/extend/application.js",
    "start": 1539075375554,
    "end": 1539075375555,
    "duration": 1,
    "pid": 16952,
    "index": 32
  },
  {
    "name": "Require(29) node_modules/egg-view-nunjucks/app/extend/application.js",
    "start": 1539075375555,
    "end": 1539075375583,
    "duration": 28,
    "pid": 16952,
    "index": 33
  },
  {
    "name": "Load extend/request.js",
    "start": 1539075375585,
    "end": 1539075375591,
    "duration": 6,
    "pid": 16952,
    "index": 34
  },
  {
    "name": "Require(30) node_modules/egg/app/extend/request.js",
    "start": 1539075375587,
    "end": 1539075375588,
    "duration": 1,
    "pid": 16952,
    "index": 35
  },
  {
    "name": "Load extend/response.js",
    "start": 1539075375591,
    "end": 1539075375595,
    "duration": 4,
    "pid": 16952,
    "index": 36
  },
  {
    "name": "Require(31) node_modules/egg/app/extend/response.js",
    "start": 1539075375593,
    "end": 1539075375593,
    "duration": 0,
    "pid": 16952,
    "index": 37
  },
  {
    "name": "Load extend/context.js",
    "start": 1539075375595,
    "end": 1539075375639,
    "duration": 44,
    "pid": 16952,
    "index": 38
  },
  {
    "name": "Require(32) node_modules/egg-security/app/extend/context.js",
    "start": 1539075375596,
    "end": 1539075375603,
    "duration": 7,
    "pid": 16952,
    "index": 39
  },
  {
    "name": "Require(33) node_modules/egg-jsonp/app/extend/context.js",
    "start": 1539075375603,
    "end": 1539075375603,
    "duration": 0,
    "pid": 16952,
    "index": 40
  },
  {
    "name": "Require(34) node_modules/egg-i18n/app/extend/context.js",
    "start": 1539075375604,
    "end": 1539075375604,
    "duration": 0,
    "pid": 16952,
    "index": 41
  },
  {
    "name": "Require(35) node_modules/egg-multipart/app/extend/context.js",
    "start": 1539075375605,
    "end": 1539075375634,
    "duration": 29,
    "pid": 16952,
    "index": 42
  },
  {
    "name": "Require(36) node_modules/egg-view/app/extend/context.js",
    "start": 1539075375635,
    "end": 1539075375635,
    "duration": 0,
    "pid": 16952,
    "index": 43
  },
  {
    "name": "Require(37) node_modules/egg-mongoose/app/extend/context.js",
    "start": 1539075375636,
    "end": 1539075375636,
    "duration": 0,
    "pid": 16952,
    "index": 44
  },
  {
    "name": "Require(38) node_modules/egg/app/extend/context.js",
    "start": 1539075375636,
    "end": 1539075375637,
    "duration": 1,
    "pid": 16952,
    "index": 45
  },
  {
    "name": "Load extend/helper.js",
    "start": 1539075375639,
    "end": 1539075375653,
    "duration": 14,
    "pid": 16952,
    "index": 46
  },
  {
    "name": "Require(39) node_modules/egg-security/app/extend/helper.js",
    "start": 1539075375639,
    "end": 1539075375649,
    "duration": 10,
    "pid": 16952,
    "index": 47
  },
  {
    "name": "Require(40) node_modules/egg/app/extend/helper.js",
    "start": 1539075375651,
    "end": 1539075375651,
    "duration": 0,
    "pid": 16952,
    "index": 48
  },
  {
    "name": "Load app.js",
    "start": 1539075375653,
    "end": 1539075375678,
    "duration": 25,
    "pid": 16952,
    "index": 49
  },
  {
    "name": "Require(41) node_modules/egg-session/app.js",
    "start": 1539075375653,
    "end": 1539075375653,
    "duration": 0,
    "pid": 16952,
    "index": 50
  },
  {
    "name": "Require(42) node_modules/egg-security/app.js",
    "start": 1539075375654,
    "end": 1539075375655,
    "duration": 1,
    "pid": 16952,
    "index": 51
  },
  {
    "name": "Require(43) node_modules/egg-onerror/app.js",
    "start": 1539075375655,
    "end": 1539075375661,
    "duration": 6,
    "pid": 16952,
    "index": 52
  },
  {
    "name": "Require(44) node_modules/egg-i18n/app.js",
    "start": 1539075375661,
    "end": 1539075375668,
    "duration": 7,
    "pid": 16952,
    "index": 53
  },
  {
    "name": "Require(45) node_modules/egg-watcher/app.js",
    "start": 1539075375668,
    "end": 1539075375673,
    "duration": 5,
    "pid": 16952,
    "index": 54
  },
  {
    "name": "Require(46) node_modules/egg-schedule/app.js",
    "start": 1539075375673,
    "end": 1539075375674,
    "duration": 1,
    "pid": 16952,
    "index": 55
  },
  {
    "name": "Require(47) node_modules/egg-multipart/app.js",
    "start": 1539075375674,
    "end": 1539075375675,
    "duration": 1,
    "pid": 16952,
    "index": 56
  },
  {
    "name": "Require(48) node_modules/egg-development/app.js",
    "start": 1539075375676,
    "end": 1539075375676,
    "duration": 0,
    "pid": 16952,
    "index": 57
  },
  {
    "name": "Require(49) node_modules/egg-logrotator/app.js",
    "start": 1539075375676,
    "end": 1539075375676,
    "duration": 0,
    "pid": 16952,
    "index": 58
  },
  {
    "name": "Require(50) node_modules/egg-static/app.js",
    "start": 1539075375676,
    "end": 1539075375676,
    "duration": 0,
    "pid": 16952,
    "index": 59
  },
  {
    "name": "Require(51) node_modules/egg-view-nunjucks/app.js",
    "start": 1539075375677,
    "end": 1539075375677,
    "duration": 0,
    "pid": 16952,
    "index": 60
  },
  {
    "name": "Require(52) node_modules/egg-mongoose/app.js",
    "start": 1539075375677,
    "end": 1539075375677,
    "duration": 0,
    "pid": 16952,
    "index": 61
  },
  {
    "name": "Before Start in node_modules/egg-watcher/lib/init.js:15:14",
    "start": 1539075375689,
    "end": 1539075377181,
    "duration": 1492,
    "pid": 16952,
    "index": 62
  },
  {
    "name": "Before Start in node_modules/egg-mongoose/lib/mongoose.js:77:7",
    "start": 1539075376008,
    "end": 1539075378189,
    "duration": 2181,
    "pid": 16952,
    "index": 63
  },
  {
    "name": "Before Start in node_modules/egg-mongoose/lib/mongoose.js:42:9",
    "start": 1539075376009,
    "end": 1539075377173,
    "duration": 1164,
    "pid": 16952,
    "index": 64
  },
  {
    "name": "Load Service",
    "start": 1539075376009,
    "end": 1539075377098,
    "duration": 1089,
    "pid": 16952,
    "index": 65
  },
  {
    "name": "Load \"service\" to Context",
    "start": 1539075376009,
    "end": 1539075377098,
    "duration": 1089,
    "pid": 16952,
    "index": 66
  },
  {
    "name": "Load Middleware",
    "start": 1539075377098,
    "end": 1539075377150,
    "duration": 52,
    "pid": 16952,
    "index": 67
  },
  {
    "name": "Load \"middlewares\" to Application",
    "start": 1539075377098,
    "end": 1539075377142,
    "duration": 44,
    "pid": 16952,
    "index": 68
  },
  {
    "name": "Load Controller",
    "start": 1539075377150,
    "end": 1539075377152,
    "duration": 2,
    "pid": 16952,
    "index": 69
  },
  {
    "name": "Load \"controller\" to Application",
    "start": 1539075377150,
    "end": 1539075377152,
    "duration": 2,
    "pid": 16952,
    "index": 70
  },
  {
    "name": "Load Router",
    "start": 1539075377152,
    "end": 1539075377154,
    "duration": 2,
    "pid": 16952,
    "index": 71
  },
  {
    "name": "Require(53) app/router.ts",
    "start": 1539075377152,
    "end": 1539075377153,
    "duration": 1,
    "pid": 16952,
    "index": 72
  },
  {
    "name": "Before Start in node_modules/egg-core/lib/egg.js:287:10",
    "start": 1539075377153,
    "end": 1539075377173,
    "duration": 20,
    "pid": 16952,
    "index": 73
  },
  {
    "name": "Load \"model\" to Application",
    "start": 1539075377162,
    "end": 1539075377173,
    "duration": 11,
    "pid": 16952,
    "index": 74
  }
]