[
  {
    "name": "Application Start",
    "start": 1539074863459,
    "end": 1539074866038,
    "duration": 2579,
    "pid": 9184,
    "index": 0
  },
  {
    "name": "Load Plugin",
    "start": 1539074863462,
    "end": 1539074863475,
    "duration": 13,
    "pid": 9184,
    "index": 1
  },
  {
    "name": "Load Config",
    "start": 1539074863475,
    "end": 1539074863490,
    "duration": 15,
    "pid": 9184,
    "index": 2
  },
  {
    "name": "Require(0) config/config.default.ts",
    "start": 1539074863476,
    "end": 1539074863476,
    "duration": 0,
    "pid": 9184,
    "index": 3
  },
  {
    "name": "Require(1) config/config.local.ts",
    "start": 1539074863477,
    "end": 1539074863477,
    "duration": 0,
    "pid": 9184,
    "index": 4
  },
  {
    "name": "Require(2) node_modules/egg-session/config/config.default.js",
    "start": 1539074863478,
    "end": 1539074863478,
    "duration": 0,
    "pid": 9184,
    "index": 5
  },
  {
    "name": "Require(3) node_modules/egg-security/config/config.default.js",
    "start": 1539074863478,
    "end": 1539074863478,
    "duration": 0,
    "pid": 9184,
    "index": 6
  },
  {
    "name": "Require(4) node_modules/egg-jsonp/config/config.default.js",
    "start": 1539074863479,
    "end": 1539074863479,
    "duration": 0,
    "pid": 9184,
    "index": 7
  },
  {
    "name": "Require(5) node_modules/egg-onerror/config/config.default.js",
    "start": 1539074863479,
    "end": 1539074863480,
    "duration": 1,
    "pid": 9184,
    "index": 8
  },
  {
    "name": "Require(6) node_modules/egg-i18n/config/config.default.js",
    "start": 1539074863480,
    "end": 1539074863480,
    "duration": 0,
    "pid": 9184,
    "index": 9
  },
  {
    "name": "Require(7) node_modules/egg-watcher/config/config.default.js",
    "start": 1539074863480,
    "end": 1539074863481,
    "duration": 1,
    "pid": 9184,
    "index": 10
  },
  {
    "name": "Require(8) node_modules/egg-schedule/config/config.default.js",
    "start": 1539074863481,
    "end": 1539074863481,
    "duration": 0,
    "pid": 9184,
    "index": 11
  },
  {
    "name": "Require(9) node_modules/egg-multipart/config/config.default.js",
    "start": 1539074863482,
    "end": 1539074863482,
    "duration": 0,
    "pid": 9184,
    "index": 12
  },
  {
    "name": "Require(10) node_modules/egg-development/config/config.default.js",
    "start": 1539074863482,
    "end": 1539074863483,
    "duration": 1,
    "pid": 9184,
    "index": 13
  },
  {
    "name": "Require(11) node_modules/egg-logrotator/config/config.default.js",
    "start": 1539074863483,
    "end": 1539074863483,
    "duration": 0,
    "pid": 9184,
    "index": 14
  },
  {
    "name": "Require(12) node_modules/egg-static/config/config.default.js",
    "start": 1539074863483,
    "end": 1539074863484,
    "duration": 1,
    "pid": 9184,
    "index": 15
  },
  {
    "name": "Require(13) node_modules/egg-view/config/config.default.js",
    "start": 1539074863484,
    "end": 1539074863484,
    "duration": 0,
    "pid": 9184,
    "index": 16
  },
  {
    "name": "Require(14) node_modules/egg-view-nunjucks/config/config.default.js",
    "start": 1539074863484,
    "end": 1539074863485,
    "duration": 1,
    "pid": 9184,
    "index": 17
  },
  {
    "name": "Require(15) node_modules/egg-mongoose/config/config.default.js",
    "start": 1539074863485,
    "end": 1539074863485,
    "duration": 0,
    "pid": 9184,
    "index": 18
  },
  {
    "name": "Require(16) node_modules/egg/config/config.default.js",
    "start": 1539074863485,
    "end": 1539074863485,
    "duration": 0,
    "pid": 9184,
    "index": 19
  },
  {
    "name": "Require(17) config/config.default.ts",
    "start": 1539074863487,
    "end": 1539074863487,
    "duration": 0,
    "pid": 9184,
    "index": 20
  },
  {
    "name": "Require(18) node_modules/egg-security/config/config.local.js",
    "start": 1539074863487,
    "end": 1539074863487,
    "duration": 0,
    "pid": 9184,
    "index": 21
  },
  {
    "name": "Require(19) node_modules/egg-watcher/config/config.local.js",
    "start": 1539074863488,
    "end": 1539074863488,
    "duration": 0,
    "pid": 9184,
    "index": 22
  },
  {
    "name": "Require(20) node_modules/egg-view/config/config.local.js",
    "start": 1539074863489,
    "end": 1539074863489,
    "duration": 0,
    "pid": 9184,
    "index": 23
  },
  {
    "name": "Require(21) node_modules/egg-view-nunjucks/config/config.local.js",
    "start": 1539074863489,
    "end": 1539074863489,
    "duration": 0,
    "pid": 9184,
    "index": 24
  },
  {
    "name": "Require(22) node_modules/egg/config/config.local.js",
    "start": 1539074863490,
    "end": 1539074863490,
    "duration": 0,
    "pid": 9184,
    "index": 25
  },
  {
    "name": "Require(23) config/config.local.ts",
    "start": 1539074863490,
    "end": 1539074863490,
    "duration": 0,
    "pid": 9184,
    "index": 26
  },
  {
    "name": "Load extend/application.js",
    "start": 1539074863491,
    "end": 1539074863525,
    "duration": 34,
    "pid": 9184,
    "index": 27
  },
  {
    "name": "Require(24) node_modules/egg-session/app/extend/application.js",
    "start": 1539074863491,
    "end": 1539074863492,
    "duration": 1,
    "pid": 9184,
    "index": 28
  },
  {
    "name": "Require(25) node_modules/egg-security/app/extend/application.js",
    "start": 1539074863492,
    "end": 1539074863492,
    "duration": 0,
    "pid": 9184,
    "index": 29
  },
  {
    "name": "Require(26) node_modules/egg-jsonp/app/extend/application.js",
    "start": 1539074863493,
    "end": 1539074863493,
    "duration": 0,
    "pid": 9184,
    "index": 30
  },
  {
    "name": "Require(27) node_modules/egg-logrotator/app/extend/application.js",
    "start": 1539074863494,
    "end": 1539074863495,
    "duration": 1,
    "pid": 9184,
    "index": 31
  },
  {
    "name": "Require(28) node_modules/egg-view/app/extend/application.js",
    "start": 1539074863496,
    "end": 1539074863497,
    "duration": 1,
    "pid": 9184,
    "index": 32
  },
  {
    "name": "Require(29) node_modules/egg-view-nunjucks/app/extend/application.js",
    "start": 1539074863497,
    "end": 1539074863522,
    "duration": 25,
    "pid": 9184,
    "index": 33
  },
  {
    "name": "Load extend/request.js",
    "start": 1539074863525,
    "end": 1539074863530,
    "duration": 5,
    "pid": 9184,
    "index": 34
  },
  {
    "name": "Require(30) node_modules/egg/app/extend/request.js",
    "start": 1539074863527,
    "end": 1539074863527,
    "duration": 0,
    "pid": 9184,
    "index": 35
  },
  {
    "name": "Load extend/response.js",
    "start": 1539074863530,
    "end": 1539074863534,
    "duration": 4,
    "pid": 9184,
    "index": 36
  },
  {
    "name": "Require(31) node_modules/egg/app/extend/response.js",
    "start": 1539074863532,
    "end": 1539074863532,
    "duration": 0,
    "pid": 9184,
    "index": 37
  },
  {
    "name": "Load extend/context.js",
    "start": 1539074863534,
    "end": 1539074863578,
    "duration": 44,
    "pid": 9184,
    "index": 38
  },
  {
    "name": "Require(32) node_modules/egg-security/app/extend/context.js",
    "start": 1539074863535,
    "end": 1539074863541,
    "duration": 6,
    "pid": 9184,
    "index": 39
  },
  {
    "name": "Require(33) node_modules/egg-jsonp/app/extend/context.js",
    "start": 1539074863541,
    "end": 1539074863542,
    "duration": 1,
    "pid": 9184,
    "index": 40
  },
  {
    "name": "Require(34) node_modules/egg-i18n/app/extend/context.js",
    "start": 1539074863542,
    "end": 1539074863542,
    "duration": 0,
    "pid": 9184,
    "index": 41
  },
  {
    "name": "Require(35) node_modules/egg-multipart/app/extend/context.js",
    "start": 1539074863543,
    "end": 1539074863574,
    "duration": 31,
    "pid": 9184,
    "index": 42
  },
  {
    "name": "Require(36) node_modules/egg-view/app/extend/context.js",
    "start": 1539074863574,
    "end": 1539074863575,
    "duration": 1,
    "pid": 9184,
    "index": 43
  },
  {
    "name": "Require(37) node_modules/egg-mongoose/app/extend/context.js",
    "start": 1539074863575,
    "end": 1539074863575,
    "duration": 0,
    "pid": 9184,
    "index": 44
  },
  {
    "name": "Require(38) node_modules/egg/app/extend/context.js",
    "start": 1539074863576,
    "end": 1539074863576,
    "duration": 0,
    "pid": 9184,
    "index": 45
  },
  {
    "name": "Load extend/helper.js",
    "start": 1539074863578,
    "end": 1539074863593,
    "duration": 15,
    "pid": 9184,
    "index": 46
  },
  {
    "name": "Require(39) node_modules/egg-security/app/extend/helper.js",
    "start": 1539074863579,
    "end": 1539074863589,
    "duration": 10,
    "pid": 9184,
    "index": 47
  },
  {
    "name": "Require(40) node_modules/egg/app/extend/helper.js",
    "start": 1539074863590,
    "end": 1539074863591,
    "duration": 1,
    "pid": 9184,
    "index": 48
  },
  {
    "name": "Load app.js",
    "start": 1539074863593,
    "end": 1539074863618,
    "duration": 25,
    "pid": 9184,
    "index": 49
  },
  {
    "name": "Require(41) node_modules/egg-session/app.js",
    "start": 1539074863593,
    "end": 1539074863593,
    "duration": 0,
    "pid": 9184,
    "index": 50
  },
  {
    "name": "Require(42) node_modules/egg-security/app.js",
    "start": 1539074863593,
    "end": 1539074863594,
    "duration": 1,
    "pid": 9184,
    "index": 51
  },
  {
    "name": "Require(43) node_modules/egg-onerror/app.js",
    "start": 1539074863595,
    "end": 1539074863601,
    "duration": 6,
    "pid": 9184,
    "index": 52
  },
  {
    "name": "Require(44) node_modules/egg-i18n/app.js",
    "start": 1539074863602,
    "end": 1539074863607,
    "duration": 5,
    "pid": 9184,
    "index": 53
  },
  {
    "name": "Require(45) node_modules/egg-watcher/app.js",
    "start": 1539074863608,
    "end": 1539074863612,
    "duration": 4,
    "pid": 9184,
    "index": 54
  },
  {
    "name": "Require(46) node_modules/egg-schedule/app.js",
    "start": 1539074863612,
    "end": 1539074863613,
    "duration": 1,
    "pid": 9184,
    "index": 55
  },
  {
    "name": "Require(47) node_modules/egg-multipart/app.js",
    "start": 1539074863613,
    "end": 1539074863615,
    "duration": 2,
    "pid": 9184,
    "index": 56
  },
  {
    "name": "Require(48) node_modules/egg-development/app.js",
    "start": 1539074863615,
    "end": 1539074863615,
    "duration": 0,
    "pid": 9184,
    "index": 57
  },
  {
    "name": "Require(49) node_modules/egg-logrotator/app.js",
    "start": 1539074863615,
    "end": 1539074863616,
    "duration": 1,
    "pid": 9184,
    "index": 58
  },
  {
    "name": "Require(50) node_modules/egg-static/app.js",
    "start": 1539074863616,
    "end": 1539074863616,
    "duration": 0,
    "pid": 9184,
    "index": 59
  },
  {
    "name": "Require(51) node_modules/egg-view-nunjucks/app.js",
    "start": 1539074863617,
    "end": 1539074863617,
    "duration": 0,
    "pid": 9184,
    "index": 60
  },
  {
    "name": "Require(52) node_modules/egg-mongoose/app.js",
    "start": 1539074863617,
    "end": 1539074863617,
    "duration": 0,
    "pid": 9184,
    "index": 61
  },
  {
    "name": "Before Start in node_modules/egg-watcher/lib/init.js:15:14",
    "start": 1539074863628,
    "end": 1539074865034,
    "duration": 1406,
    "pid": 9184,
    "index": 62
  },
  {
    "name": "Before Start in node_modules/egg-mongoose/lib/mongoose.js:77:7",
    "start": 1539074863935,
    "end": 1539074866038,
    "duration": 2103,
    "pid": 9184,
    "index": 63
  },
  {
    "name": "Before Start in node_modules/egg-mongoose/lib/mongoose.js:42:9",
    "start": 1539074863935,
    "end": 1539074865025,
    "duration": 1090,
    "pid": 9184,
    "index": 64
  },
  {
    "name": "Load Service",
    "start": 1539074863935,
    "end": 1539074863942,
    "duration": 7,
    "pid": 9184,
    "index": 65
  },
  {
    "name": "Load \"service\" to Context",
    "start": 1539074863935,
    "end": 1539074863942,
    "duration": 7,
    "pid": 9184,
    "index": 66
  },
  {
    "name": "Load Middleware",
    "start": 1539074863942,
    "end": 1539074864000,
    "duration": 58,
    "pid": 9184,
    "index": 67
  },
  {
    "name": "Load \"middlewares\" to Application",
    "start": 1539074863942,
    "end": 1539074863992,
    "duration": 50,
    "pid": 9184,
    "index": 68
  },
  {
    "name": "Load Controller",
    "start": 1539074864000,
    "end": 1539074864988,
    "duration": 988,
    "pid": 9184,
    "index": 69
  },
  {
    "name": "Load \"controller\" to Application",
    "start": 1539074864000,
    "end": 1539074864988,
    "duration": 988,
    "pid": 9184,
    "index": 70
  },
  {
    "name": "Load Router",
    "start": 1539074864988,
    "end": 1539074865005,
    "duration": 17,
    "pid": 9184,
    "index": 71
  },
  {
    "name": "Require(53) app/router.ts",
    "start": 1539074864989,
    "end": 1539074865003,
    "duration": 14,
    "pid": 9184,
    "index": 72
  },
  {
    "name": "Before Start in node_modules/egg-core/lib/egg.js:287:10",
    "start": 1539074865004,
    "end": 1539074865025,
    "duration": 21,
    "pid": 9184,
    "index": 73
  },
  {
    "name": "Load \"model\" to Application",
    "start": 1539074865014,
    "end": 1539074865024,
    "duration": 10,
    "pid": 9184,
    "index": 74
  }
]