[
  {
    "name": "Application Start",
    "start": 1539075432327,
    "end": 1539075433947,
    "duration": 1620,
    "pid": 15720,
    "index": 0
  },
  {
    "name": "Load Plugin",
    "start": 1539075432331,
    "end": 1539075432342,
    "duration": 11,
    "pid": 15720,
    "index": 1
  },
  {
    "name": "Load Config",
    "start": 1539075432342,
    "end": 1539075432360,
    "duration": 18,
    "pid": 15720,
    "index": 2
  },
  {
    "name": "Require(0) config/config.default.ts",
    "start": 1539075432342,
    "end": 1539075432344,
    "duration": 2,
    "pid": 15720,
    "index": 3
  },
  {
    "name": "Require(1) config/config.local.ts",
    "start": 1539075432345,
    "end": 1539075432345,
    "duration": 0,
    "pid": 15720,
    "index": 4
  },
  {
    "name": "Require(2) node_modules/egg-session/config/config.default.js",
    "start": 1539075432345,
    "end": 1539075432346,
    "duration": 1,
    "pid": 15720,
    "index": 5
  },
  {
    "name": "Require(3) node_modules/egg-security/config/config.default.js",
    "start": 1539075432346,
    "end": 1539075432346,
    "duration": 0,
    "pid": 15720,
    "index": 6
  },
  {
    "name": "Require(4) node_modules/egg-jsonp/config/config.default.js",
    "start": 1539075432347,
    "end": 1539075432347,
    "duration": 0,
    "pid": 15720,
    "index": 7
  },
  {
    "name": "Require(5) node_modules/egg-onerror/config/config.default.js",
    "start": 1539075432347,
    "end": 1539075432347,
    "duration": 0,
    "pid": 15720,
    "index": 8
  },
  {
    "name": "Require(6) node_modules/egg-i18n/config/config.default.js",
    "start": 1539075432348,
    "end": 1539075432348,
    "duration": 0,
    "pid": 15720,
    "index": 9
  },
  {
    "name": "Require(7) node_modules/egg-watcher/config/config.default.js",
    "start": 1539075432348,
    "end": 1539075432348,
    "duration": 0,
    "pid": 15720,
    "index": 10
  },
  {
    "name": "Require(8) node_modules/egg-schedule/config/config.default.js",
    "start": 1539075432349,
    "end": 1539075432349,
    "duration": 0,
    "pid": 15720,
    "index": 11
  },
  {
    "name": "Require(9) node_modules/egg-multipart/config/config.default.js",
    "start": 1539075432349,
    "end": 1539075432349,
    "duration": 0,
    "pid": 15720,
    "index": 12
  },
  {
    "name": "Require(10) node_modules/egg-development/config/config.default.js",
    "start": 1539075432350,
    "end": 1539075432350,
    "duration": 0,
    "pid": 15720,
    "index": 13
  },
  {
    "name": "Require(11) node_modules/egg-logrotator/config/config.default.js",
    "start": 1539075432350,
    "end": 1539075432350,
    "duration": 0,
    "pid": 15720,
    "index": 14
  },
  {
    "name": "Require(12) node_modules/egg-static/config/config.default.js",
    "start": 1539075432351,
    "end": 1539075432351,
    "duration": 0,
    "pid": 15720,
    "index": 15
  },
  {
    "name": "Require(13) node_modules/egg-view/config/config.default.js",
    "start": 1539075432351,
    "end": 1539075432352,
    "duration": 1,
    "pid": 15720,
    "index": 16
  },
  {
    "name": "Require(14) node_modules/egg-view-nunjucks/config/config.default.js",
    "start": 1539075432352,
    "end": 1539075432353,
    "duration": 1,
    "pid": 15720,
    "index": 17
  },
  {
    "name": "Require(15) node_modules/egg-mongoose/config/config.default.js",
    "start": 1539075432353,
    "end": 1539075432353,
    "duration": 0,
    "pid": 15720,
    "index": 18
  },
  {
    "name": "Require(16) node_modules/egg/config/config.default.js",
    "start": 1539075432354,
    "end": 1539075432354,
    "duration": 0,
    "pid": 15720,
    "index": 19
  },
  {
    "name": "Require(17) config/config.default.ts",
    "start": 1539075432356,
    "end": 1539075432356,
    "duration": 0,
    "pid": 15720,
    "index": 20
  },
  {
    "name": "Require(18) node_modules/egg-security/config/config.local.js",
    "start": 1539075432356,
    "end": 1539075432357,
    "duration": 1,
    "pid": 15720,
    "index": 21
  },
  {
    "name": "Require(19) node_modules/egg-watcher/config/config.local.js",
    "start": 1539075432358,
    "end": 1539075432358,
    "duration": 0,
    "pid": 15720,
    "index": 22
  },
  {
    "name": "Require(20) node_modules/egg-view/config/config.local.js",
    "start": 1539075432358,
    "end": 1539075432359,
    "duration": 1,
    "pid": 15720,
    "index": 23
  },
  {
    "name": "Require(21) node_modules/egg-view-nunjucks/config/config.local.js",
    "start": 1539075432359,
    "end": 1539075432359,
    "duration": 0,
    "pid": 15720,
    "index": 24
  },
  {
    "name": "Require(22) node_modules/egg/config/config.local.js",
    "start": 1539075432360,
    "end": 1539075432360,
    "duration": 0,
    "pid": 15720,
    "index": 25
  },
  {
    "name": "Require(23) config/config.local.ts",
    "start": 1539075432360,
    "end": 1539075432360,
    "duration": 0,
    "pid": 15720,
    "index": 26
  },
  {
    "name": "Load extend/application.js",
    "start": 1539075432361,
    "end": 1539075432396,
    "duration": 35,
    "pid": 15720,
    "index": 27
  },
  {
    "name": "Require(24) node_modules/egg-session/app/extend/application.js",
    "start": 1539075432361,
    "end": 1539075432362,
    "duration": 1,
    "pid": 15720,
    "index": 28
  },
  {
    "name": "Require(25) node_modules/egg-security/app/extend/application.js",
    "start": 1539075432362,
    "end": 1539075432363,
    "duration": 1,
    "pid": 15720,
    "index": 29
  },
  {
    "name": "Require(26) node_modules/egg-jsonp/app/extend/application.js",
    "start": 1539075432363,
    "end": 1539075432364,
    "duration": 1,
    "pid": 15720,
    "index": 30
  },
  {
    "name": "Require(27) node_modules/egg-logrotator/app/extend/application.js",
    "start": 1539075432365,
    "end": 1539075432366,
    "duration": 1,
    "pid": 15720,
    "index": 31
  },
  {
    "name": "Require(28) node_modules/egg-view/app/extend/application.js",
    "start": 1539075432366,
    "end": 1539075432367,
    "duration": 1,
    "pid": 15720,
    "index": 32
  },
  {
    "name": "Require(29) node_modules/egg-view-nunjucks/app/extend/application.js",
    "start": 1539075432367,
    "end": 1539075432393,
    "duration": 26,
    "pid": 15720,
    "index": 33
  },
  {
    "name": "Load extend/request.js",
    "start": 1539075432396,
    "end": 1539075432401,
    "duration": 5,
    "pid": 15720,
    "index": 34
  },
  {
    "name": "Require(30) node_modules/egg/app/extend/request.js",
    "start": 1539075432398,
    "end": 1539075432399,
    "duration": 1,
    "pid": 15720,
    "index": 35
  },
  {
    "name": "Load extend/response.js",
    "start": 1539075432401,
    "end": 1539075432405,
    "duration": 4,
    "pid": 15720,
    "index": 36
  },
  {
    "name": "Require(31) node_modules/egg/app/extend/response.js",
    "start": 1539075432402,
    "end": 1539075432403,
    "duration": 1,
    "pid": 15720,
    "index": 37
  },
  {
    "name": "Load extend/context.js",
    "start": 1539075432405,
    "end": 1539075432450,
    "duration": 45,
    "pid": 15720,
    "index": 38
  },
  {
    "name": "Require(32) node_modules/egg-security/app/extend/context.js",
    "start": 1539075432406,
    "end": 1539075432412,
    "duration": 6,
    "pid": 15720,
    "index": 39
  },
  {
    "name": "Require(33) node_modules/egg-jsonp/app/extend/context.js",
    "start": 1539075432412,
    "end": 1539075432413,
    "duration": 1,
    "pid": 15720,
    "index": 40
  },
  {
    "name": "Require(34) node_modules/egg-i18n/app/extend/context.js",
    "start": 1539075432414,
    "end": 1539075432414,
    "duration": 0,
    "pid": 15720,
    "index": 41
  },
  {
    "name": "Require(35) node_modules/egg-multipart/app/extend/context.js",
    "start": 1539075432415,
    "end": 1539075432445,
    "duration": 30,
    "pid": 15720,
    "index": 42
  },
  {
    "name": "Require(36) node_modules/egg-view/app/extend/context.js",
    "start": 1539075432446,
    "end": 1539075432447,
    "duration": 1,
    "pid": 15720,
    "index": 43
  },
  {
    "name": "Require(37) node_modules/egg-mongoose/app/extend/context.js",
    "start": 1539075432447,
    "end": 1539075432447,
    "duration": 0,
    "pid": 15720,
    "index": 44
  },
  {
    "name": "Require(38) node_modules/egg/app/extend/context.js",
    "start": 1539075432447,
    "end": 1539075432448,
    "duration": 1,
    "pid": 15720,
    "index": 45
  },
  {
    "name": "Load extend/helper.js",
    "start": 1539075432450,
    "end": 1539075432465,
    "duration": 15,
    "pid": 15720,
    "index": 46
  },
  {
    "name": "Require(39) node_modules/egg-security/app/extend/helper.js",
    "start": 1539075432450,
    "end": 1539075432461,
    "duration": 11,
    "pid": 15720,
    "index": 47
  },
  {
    "name": "Require(40) node_modules/egg/app/extend/helper.js",
    "start": 1539075432462,
    "end": 1539075432462,
    "duration": 0,
    "pid": 15720,
    "index": 48
  },
  {
    "name": "Load app.js",
    "start": 1539075432465,
    "end": 1539075432488,
    "duration": 23,
    "pid": 15720,
    "index": 49
  },
  {
    "name": "Require(41) node_modules/egg-session/app.js",
    "start": 1539075432465,
    "end": 1539075432465,
    "duration": 0,
    "pid": 15720,
    "index": 50
  },
  {
    "name": "Require(42) node_modules/egg-security/app.js",
    "start": 1539075432465,
    "end": 1539075432466,
    "duration": 1,
    "pid": 15720,
    "index": 51
  },
  {
    "name": "Require(43) node_modules/egg-onerror/app.js",
    "start": 1539075432467,
    "end": 1539075432473,
    "duration": 6,
    "pid": 15720,
    "index": 52
  },
  {
    "name": "Require(44) node_modules/egg-i18n/app.js",
    "start": 1539075432473,
    "end": 1539075432478,
    "duration": 5,
    "pid": 15720,
    "index": 53
  },
  {
    "name": "Require(45) node_modules/egg-watcher/app.js",
    "start": 1539075432478,
    "end": 1539075432483,
    "duration": 5,
    "pid": 15720,
    "index": 54
  },
  {
    "name": "Require(46) node_modules/egg-schedule/app.js",
    "start": 1539075432483,
    "end": 1539075432484,
    "duration": 1,
    "pid": 15720,
    "index": 55
  },
  {
    "name": "Require(47) node_modules/egg-multipart/app.js",
    "start": 1539075432484,
    "end": 1539075432486,
    "duration": 2,
    "pid": 15720,
    "index": 56
  },
  {
    "name": "Require(48) node_modules/egg-development/app.js",
    "start": 1539075432486,
    "end": 1539075432486,
    "duration": 0,
    "pid": 15720,
    "index": 57
  },
  {
    "name": "Require(49) node_modules/egg-logrotator/app.js",
    "start": 1539075432486,
    "end": 1539075432487,
    "duration": 1,
    "pid": 15720,
    "index": 58
  },
  {
    "name": "Require(50) node_modules/egg-static/app.js",
    "start": 1539075432487,
    "end": 1539075432487,
    "duration": 0,
    "pid": 15720,
    "index": 59
  },
  {
    "name": "Require(51) node_modules/egg-view-nunjucks/app.js",
    "start": 1539075432487,
    "end": 1539075432488,
    "duration": 1,
    "pid": 15720,
    "index": 60
  },
  {
    "name": "Require(52) node_modules/egg-mongoose/app.js",
    "start": 1539075432488,
    "end": 1539075432488,
    "duration": 0,
    "pid": 15720,
    "index": 61
  },
  {
    "name": "Before Start in node_modules/egg-watcher/lib/init.js:15:14",
    "start": 1539075432499,
    "end": 1539075432939,
    "duration": 440,
    "pid": 15720,
    "index": 62
  },
  {
    "name": "Before Start in node_modules/egg-mongoose/lib/mongoose.js:77:7",
    "start": 1539075432809,
    "end": 1539075433946,
    "duration": 1137,
    "pid": 15720,
    "index": 63
  },
  {
    "name": "Before Start in node_modules/egg-mongoose/lib/mongoose.js:42:9",
    "start": 1539075432809,
    "end": 1539075432902,
    "duration": 93,
    "pid": 15720,
    "index": 64
  },
  {
    "name": "Load Service",
    "start": 1539075432810,
    "end": 1539075432815,
    "duration": 5,
    "pid": 15720,
    "index": 65
  },
  {
    "name": "Load \"service\" to Context",
    "start": 1539075432810,
    "end": 1539075432815,
    "duration": 5,
    "pid": 15720,
    "index": 66
  },
  {
    "name": "Load Middleware",
    "start": 1539075432815,
    "end": 1539075432873,
    "duration": 58,
    "pid": 15720,
    "index": 67
  },
  {
    "name": "Load \"middlewares\" to Application",
    "start": 1539075432815,
    "end": 1539075432865,
    "duration": 50,
    "pid": 15720,
    "index": 68
  },
  {
    "name": "Load Controller",
    "start": 1539075432873,
    "end": 1539075432875,
    "duration": 2,
    "pid": 15720,
    "index": 69
  },
  {
    "name": "Load \"controller\" to Application",
    "start": 1539075432873,
    "end": 1539075432875,
    "duration": 2,
    "pid": 15720,
    "index": 70
  },
  {
    "name": "Load Router",
    "start": 1539075432875,
    "end": 1539075432877,
    "duration": 2,
    "pid": 15720,
    "index": 71
  },
  {
    "name": "Require(53) app/router.ts",
    "start": 1539075432876,
    "end": 1539075432876,
    "duration": 0,
    "pid": 15720,
    "index": 72
  },
  {
    "name": "Before Start in node_modules/egg-core/lib/egg.js:287:10",
    "start": 1539075432876,
    "end": 1539075432902,
    "duration": 26,
    "pid": 15720,
    "index": 73
  },
  {
    "name": "Load \"model\" to Application",
    "start": 1539075432887,
    "end": 1539075432901,
    "duration": 14,
    "pid": 15720,
    "index": 74
  }
]