[
  {
    "name": "Application Start",
    "start": 1539075108086,
    "end": 1539075110697,
    "duration": 2611,
    "pid": 12120,
    "index": 0
  },
  {
    "name": "Load Plugin",
    "start": 1539075108090,
    "end": 1539075108101,
    "duration": 11,
    "pid": 12120,
    "index": 1
  },
  {
    "name": "Load Config",
    "start": 1539075108101,
    "end": 1539075108119,
    "duration": 18,
    "pid": 12120,
    "index": 2
  },
  {
    "name": "Require(0) config/config.default.ts",
    "start": 1539075108102,
    "end": 1539075108103,
    "duration": 1,
    "pid": 12120,
    "index": 3
  },
  {
    "name": "Require(1) config/config.local.ts",
    "start": 1539075108103,
    "end": 1539075108104,
    "duration": 1,
    "pid": 12120,
    "index": 4
  },
  {
    "name": "Require(2) node_modules/egg-session/config/config.default.js",
    "start": 1539075108104,
    "end": 1539075108104,
    "duration": 0,
    "pid": 12120,
    "index": 5
  },
  {
    "name": "Require(3) node_modules/egg-security/config/config.default.js",
    "start": 1539075108105,
    "end": 1539075108105,
    "duration": 0,
    "pid": 12120,
    "index": 6
  },
  {
    "name": "Require(4) node_modules/egg-jsonp/config/config.default.js",
    "start": 1539075108105,
    "end": 1539075108106,
    "duration": 1,
    "pid": 12120,
    "index": 7
  },
  {
    "name": "Require(5) node_modules/egg-onerror/config/config.default.js",
    "start": 1539075108106,
    "end": 1539075108107,
    "duration": 1,
    "pid": 12120,
    "index": 8
  },
  {
    "name": "Require(6) node_modules/egg-i18n/config/config.default.js",
    "start": 1539075108107,
    "end": 1539075108107,
    "duration": 0,
    "pid": 12120,
    "index": 9
  },
  {
    "name": "Require(7) node_modules/egg-watcher/config/config.default.js",
    "start": 1539075108107,
    "end": 1539075108108,
    "duration": 1,
    "pid": 12120,
    "index": 10
  },
  {
    "name": "Require(8) node_modules/egg-schedule/config/config.default.js",
    "start": 1539075108108,
    "end": 1539075108108,
    "duration": 0,
    "pid": 12120,
    "index": 11
  },
  {
    "name": "Require(9) node_modules/egg-multipart/config/config.default.js",
    "start": 1539075108108,
    "end": 1539075108109,
    "duration": 1,
    "pid": 12120,
    "index": 12
  },
  {
    "name": "Require(10) node_modules/egg-development/config/config.default.js",
    "start": 1539075108109,
    "end": 1539075108109,
    "duration": 0,
    "pid": 12120,
    "index": 13
  },
  {
    "name": "Require(11) node_modules/egg-logrotator/config/config.default.js",
    "start": 1539075108110,
    "end": 1539075108110,
    "duration": 0,
    "pid": 12120,
    "index": 14
  },
  {
    "name": "Require(12) node_modules/egg-static/config/config.default.js",
    "start": 1539075108110,
    "end": 1539075108110,
    "duration": 0,
    "pid": 12120,
    "index": 15
  },
  {
    "name": "Require(13) node_modules/egg-view/config/config.default.js",
    "start": 1539075108111,
    "end": 1539075108111,
    "duration": 0,
    "pid": 12120,
    "index": 16
  },
  {
    "name": "Require(14) node_modules/egg-view-nunjucks/config/config.default.js",
    "start": 1539075108112,
    "end": 1539075108112,
    "duration": 0,
    "pid": 12120,
    "index": 17
  },
  {
    "name": "Require(15) node_modules/egg-mongoose/config/config.default.js",
    "start": 1539075108112,
    "end": 1539075108112,
    "duration": 0,
    "pid": 12120,
    "index": 18
  },
  {
    "name": "Require(16) node_modules/egg/config/config.default.js",
    "start": 1539075108113,
    "end": 1539075108113,
    "duration": 0,
    "pid": 12120,
    "index": 19
  },
  {
    "name": "Require(17) config/config.default.ts",
    "start": 1539075108115,
    "end": 1539075108115,
    "duration": 0,
    "pid": 12120,
    "index": 20
  },
  {
    "name": "Require(18) node_modules/egg-security/config/config.local.js",
    "start": 1539075108115,
    "end": 1539075108116,
    "duration": 1,
    "pid": 12120,
    "index": 21
  },
  {
    "name": "Require(19) node_modules/egg-watcher/config/config.local.js",
    "start": 1539075108116,
    "end": 1539075108117,
    "duration": 1,
    "pid": 12120,
    "index": 22
  },
  {
    "name": "Require(20) node_modules/egg-view/config/config.local.js",
    "start": 1539075108118,
    "end": 1539075108118,
    "duration": 0,
    "pid": 12120,
    "index": 23
  },
  {
    "name": "Require(21) node_modules/egg-view-nunjucks/config/config.local.js",
    "start": 1539075108118,
    "end": 1539075108118,
    "duration": 0,
    "pid": 12120,
    "index": 24
  },
  {
    "name": "Require(22) node_modules/egg/config/config.local.js",
    "start": 1539075108119,
    "end": 1539075108119,
    "duration": 0,
    "pid": 12120,
    "index": 25
  },
  {
    "name": "Require(23) config/config.local.ts",
    "start": 1539075108119,
    "end": 1539075108119,
    "duration": 0,
    "pid": 12120,
    "index": 26
  },
  {
    "name": "Load extend/application.js",
    "start": 1539075108120,
    "end": 1539075108155,
    "duration": 35,
    "pid": 12120,
    "index": 27
  },
  {
    "name": "Require(24) node_modules/egg-session/app/extend/application.js",
    "start": 1539075108120,
    "end": 1539075108121,
    "duration": 1,
    "pid": 12120,
    "index": 28
  },
  {
    "name": "Require(25) node_modules/egg-security/app/extend/application.js",
    "start": 1539075108121,
    "end": 1539075108122,
    "duration": 1,
    "pid": 12120,
    "index": 29
  },
  {
    "name": "Require(26) node_modules/egg-jsonp/app/extend/application.js",
    "start": 1539075108122,
    "end": 1539075108123,
    "duration": 1,
    "pid": 12120,
    "index": 30
  },
  {
    "name": "Require(27) node_modules/egg-logrotator/app/extend/application.js",
    "start": 1539075108124,
    "end": 1539075108125,
    "duration": 1,
    "pid": 12120,
    "index": 31
  },
  {
    "name": "Require(28) node_modules/egg-view/app/extend/application.js",
    "start": 1539075108125,
    "end": 1539075108126,
    "duration": 1,
    "pid": 12120,
    "index": 32
  },
  {
    "name": "Require(29) node_modules/egg-view-nunjucks/app/extend/application.js",
    "start": 1539075108126,
    "end": 1539075108153,
    "duration": 27,
    "pid": 12120,
    "index": 33
  },
  {
    "name": "Load extend/request.js",
    "start": 1539075108155,
    "end": 1539075108160,
    "duration": 5,
    "pid": 12120,
    "index": 34
  },
  {
    "name": "Require(30) node_modules/egg/app/extend/request.js",
    "start": 1539075108157,
    "end": 1539075108158,
    "duration": 1,
    "pid": 12120,
    "index": 35
  },
  {
    "name": "Load extend/response.js",
    "start": 1539075108160,
    "end": 1539075108165,
    "duration": 5,
    "pid": 12120,
    "index": 36
  },
  {
    "name": "Require(31) node_modules/egg/app/extend/response.js",
    "start": 1539075108162,
    "end": 1539075108163,
    "duration": 1,
    "pid": 12120,
    "index": 37
  },
  {
    "name": "Load extend/context.js",
    "start": 1539075108165,
    "end": 1539075108219,
    "duration": 54,
    "pid": 12120,
    "index": 38
  },
  {
    "name": "Require(32) node_modules/egg-security/app/extend/context.js",
    "start": 1539075108166,
    "end": 1539075108173,
    "duration": 7,
    "pid": 12120,
    "index": 39
  },
  {
    "name": "Require(33) node_modules/egg-jsonp/app/extend/context.js",
    "start": 1539075108173,
    "end": 1539075108174,
    "duration": 1,
    "pid": 12120,
    "index": 40
  },
  {
    "name": "Require(34) node_modules/egg-i18n/app/extend/context.js",
    "start": 1539075108174,
    "end": 1539075108175,
    "duration": 1,
    "pid": 12120,
    "index": 41
  },
  {
    "name": "Require(35) node_modules/egg-multipart/app/extend/context.js",
    "start": 1539075108176,
    "end": 1539075108212,
    "duration": 36,
    "pid": 12120,
    "index": 42
  },
  {
    "name": "Require(36) node_modules/egg-view/app/extend/context.js",
    "start": 1539075108212,
    "end": 1539075108213,
    "duration": 1,
    "pid": 12120,
    "index": 43
  },
  {
    "name": "Require(37) node_modules/egg-mongoose/app/extend/context.js",
    "start": 1539075108214,
    "end": 1539075108214,
    "duration": 0,
    "pid": 12120,
    "index": 44
  },
  {
    "name": "Require(38) node_modules/egg/app/extend/context.js",
    "start": 1539075108215,
    "end": 1539075108216,
    "duration": 1,
    "pid": 12120,
    "index": 45
  },
  {
    "name": "Load extend/helper.js",
    "start": 1539075108220,
    "end": 1539075108241,
    "duration": 21,
    "pid": 12120,
    "index": 46
  },
  {
    "name": "Require(39) node_modules/egg-security/app/extend/helper.js",
    "start": 1539075108220,
    "end": 1539075108236,
    "duration": 16,
    "pid": 12120,
    "index": 47
  },
  {
    "name": "Require(40) node_modules/egg/app/extend/helper.js",
    "start": 1539075108238,
    "end": 1539075108238,
    "duration": 0,
    "pid": 12120,
    "index": 48
  },
  {
    "name": "Load app.js",
    "start": 1539075108241,
    "end": 1539075108268,
    "duration": 27,
    "pid": 12120,
    "index": 49
  },
  {
    "name": "Require(41) node_modules/egg-session/app.js",
    "start": 1539075108241,
    "end": 1539075108241,
    "duration": 0,
    "pid": 12120,
    "index": 50
  },
  {
    "name": "Require(42) node_modules/egg-security/app.js",
    "start": 1539075108242,
    "end": 1539075108242,
    "duration": 0,
    "pid": 12120,
    "index": 51
  },
  {
    "name": "Require(43) node_modules/egg-onerror/app.js",
    "start": 1539075108243,
    "end": 1539075108250,
    "duration": 7,
    "pid": 12120,
    "index": 52
  },
  {
    "name": "Require(44) node_modules/egg-i18n/app.js",
    "start": 1539075108250,
    "end": 1539075108256,
    "duration": 6,
    "pid": 12120,
    "index": 53
  },
  {
    "name": "Require(45) node_modules/egg-watcher/app.js",
    "start": 1539075108256,
    "end": 1539075108261,
    "duration": 5,
    "pid": 12120,
    "index": 54
  },
  {
    "name": "Require(46) node_modules/egg-schedule/app.js",
    "start": 1539075108261,
    "end": 1539075108263,
    "duration": 2,
    "pid": 12120,
    "index": 55
  },
  {
    "name": "Require(47) node_modules/egg-multipart/app.js",
    "start": 1539075108263,
    "end": 1539075108265,
    "duration": 2,
    "pid": 12120,
    "index": 56
  },
  {
    "name": "Require(48) node_modules/egg-development/app.js",
    "start": 1539075108265,
    "end": 1539075108265,
    "duration": 0,
    "pid": 12120,
    "index": 57
  },
  {
    "name": "Require(49) node_modules/egg-logrotator/app.js",
    "start": 1539075108265,
    "end": 1539075108265,
    "duration": 0,
    "pid": 12120,
    "index": 58
  },
  {
    "name": "Require(50) node_modules/egg-static/app.js",
    "start": 1539075108266,
    "end": 1539075108266,
    "duration": 0,
    "pid": 12120,
    "index": 59
  },
  {
    "name": "Require(51) node_modules/egg-view-nunjucks/app.js",
    "start": 1539075108266,
    "end": 1539075108266,
    "duration": 0,
    "pid": 12120,
    "index": 60
  },
  {
    "name": "Require(52) node_modules/egg-mongoose/app.js",
    "start": 1539075108267,
    "end": 1539075108267,
    "duration": 0,
    "pid": 12120,
    "index": 61
  },
  {
    "name": "Before Start in node_modules/egg-watcher/lib/init.js:15:14",
    "start": 1539075108282,
    "end": 1539075109689,
    "duration": 1407,
    "pid": 12120,
    "index": 62
  },
  {
    "name": "Before Start in node_modules/egg-mongoose/lib/mongoose.js:77:7",
    "start": 1539075108574,
    "end": 1539075110697,
    "duration": 2123,
    "pid": 12120,
    "index": 63
  },
  {
    "name": "Before Start in node_modules/egg-mongoose/lib/mongoose.js:42:9",
    "start": 1539075108574,
    "end": 1539075109681,
    "duration": 1107,
    "pid": 12120,
    "index": 64
  },
  {
    "name": "Load Service",
    "start": 1539075108574,
    "end": 1539075108581,
    "duration": 7,
    "pid": 12120,
    "index": 65
  },
  {
    "name": "Load \"service\" to Context",
    "start": 1539075108575,
    "end": 1539075108581,
    "duration": 6,
    "pid": 12120,
    "index": 66
  },
  {
    "name": "Load Middleware",
    "start": 1539075108581,
    "end": 1539075108634,
    "duration": 53,
    "pid": 12120,
    "index": 67
  },
  {
    "name": "Load \"middlewares\" to Application",
    "start": 1539075108581,
    "end": 1539075108627,
    "duration": 46,
    "pid": 12120,
    "index": 68
  },
  {
    "name": "Load Controller",
    "start": 1539075108634,
    "end": 1539075109658,
    "duration": 1024,
    "pid": 12120,
    "index": 69
  },
  {
    "name": "Load \"controller\" to Application",
    "start": 1539075108634,
    "end": 1539075109658,
    "duration": 1024,
    "pid": 12120,
    "index": 70
  },
  {
    "name": "Load Router",
    "start": 1539075109658,
    "end": 1539075109660,
    "duration": 2,
    "pid": 12120,
    "index": 71
  },
  {
    "name": "Require(53) app/router.ts",
    "start": 1539075109658,
    "end": 1539075109658,
    "duration": 0,
    "pid": 12120,
    "index": 72
  },
  {
    "name": "Before Start in node_modules/egg-core/lib/egg.js:287:10",
    "start": 1539075109659,
    "end": 1539075109681,
    "duration": 22,
    "pid": 12120,
    "index": 73
  },
  {
    "name": "Load \"model\" to Application",
    "start": 1539075109669,
    "end": 1539075109681,
    "duration": 12,
    "pid": 12120,
    "index": 74
  }
]