[
  {
    "name": "Application Start",
    "start": 1539075167165,
    "end": 1539075168779,
    "duration": 1614,
    "pid": 10960,
    "index": 0
  },
  {
    "name": "Load Plugin",
    "start": 1539075167169,
    "end": 1539075167180,
    "duration": 11,
    "pid": 10960,
    "index": 1
  },
  {
    "name": "Load Config",
    "start": 1539075167180,
    "end": 1539075167199,
    "duration": 19,
    "pid": 10960,
    "index": 2
  },
  {
    "name": "Require(0) config/config.default.ts",
    "start": 1539075167181,
    "end": 1539075167183,
    "duration": 2,
    "pid": 10960,
    "index": 3
  },
  {
    "name": "Require(1) config/config.local.ts",
    "start": 1539075167183,
    "end": 1539075167184,
    "duration": 1,
    "pid": 10960,
    "index": 4
  },
  {
    "name": "Require(2) node_modules/egg-session/config/config.default.js",
    "start": 1539075167184,
    "end": 1539075167184,
    "duration": 0,
    "pid": 10960,
    "index": 5
  },
  {
    "name": "Require(3) node_modules/egg-security/config/config.default.js",
    "start": 1539075167185,
    "end": 1539075167185,
    "duration": 0,
    "pid": 10960,
    "index": 6
  },
  {
    "name": "Require(4) node_modules/egg-jsonp/config/config.default.js",
    "start": 1539075167186,
    "end": 1539075167186,
    "duration": 0,
    "pid": 10960,
    "index": 7
  },
  {
    "name": "Require(5) node_modules/egg-onerror/config/config.default.js",
    "start": 1539075167186,
    "end": 1539075167187,
    "duration": 1,
    "pid": 10960,
    "index": 8
  },
  {
    "name": "Require(6) node_modules/egg-i18n/config/config.default.js",
    "start": 1539075167187,
    "end": 1539075167187,
    "duration": 0,
    "pid": 10960,
    "index": 9
  },
  {
    "name": "Require(7) node_modules/egg-watcher/config/config.default.js",
    "start": 1539075167187,
    "end": 1539075167188,
    "duration": 1,
    "pid": 10960,
    "index": 10
  },
  {
    "name": "Require(8) node_modules/egg-schedule/config/config.default.js",
    "start": 1539075167188,
    "end": 1539075167188,
    "duration": 0,
    "pid": 10960,
    "index": 11
  },
  {
    "name": "Require(9) node_modules/egg-multipart/config/config.default.js",
    "start": 1539075167188,
    "end": 1539075167189,
    "duration": 1,
    "pid": 10960,
    "index": 12
  },
  {
    "name": "Require(10) node_modules/egg-development/config/config.default.js",
    "start": 1539075167189,
    "end": 1539075167189,
    "duration": 0,
    "pid": 10960,
    "index": 13
  },
  {
    "name": "Require(11) node_modules/egg-logrotator/config/config.default.js",
    "start": 1539075167189,
    "end": 1539075167190,
    "duration": 1,
    "pid": 10960,
    "index": 14
  },
  {
    "name": "Require(12) node_modules/egg-static/config/config.default.js",
    "start": 1539075167191,
    "end": 1539075167191,
    "duration": 0,
    "pid": 10960,
    "index": 15
  },
  {
    "name": "Require(13) node_modules/egg-view/config/config.default.js",
    "start": 1539075167191,
    "end": 1539075167191,
    "duration": 0,
    "pid": 10960,
    "index": 16
  },
  {
    "name": "Require(14) node_modules/egg-view-nunjucks/config/config.default.js",
    "start": 1539075167192,
    "end": 1539075167192,
    "duration": 0,
    "pid": 10960,
    "index": 17
  },
  {
    "name": "Require(15) node_modules/egg-mongoose/config/config.default.js",
    "start": 1539075167192,
    "end": 1539075167192,
    "duration": 0,
    "pid": 10960,
    "index": 18
  },
  {
    "name": "Require(16) node_modules/egg/config/config.default.js",
    "start": 1539075167193,
    "end": 1539075167193,
    "duration": 0,
    "pid": 10960,
    "index": 19
  },
  {
    "name": "Require(17) config/config.default.ts",
    "start": 1539075167194,
    "end": 1539075167194,
    "duration": 0,
    "pid": 10960,
    "index": 20
  },
  {
    "name": "Require(18) node_modules/egg-security/config/config.local.js",
    "start": 1539075167195,
    "end": 1539075167195,
    "duration": 0,
    "pid": 10960,
    "index": 21
  },
  {
    "name": "Require(19) node_modules/egg-watcher/config/config.local.js",
    "start": 1539075167196,
    "end": 1539075167196,
    "duration": 0,
    "pid": 10960,
    "index": 22
  },
  {
    "name": "Require(20) node_modules/egg-view/config/config.local.js",
    "start": 1539075167197,
    "end": 1539075167197,
    "duration": 0,
    "pid": 10960,
    "index": 23
  },
  {
    "name": "Require(21) node_modules/egg-view-nunjucks/config/config.local.js",
    "start": 1539075167198,
    "end": 1539075167198,
    "duration": 0,
    "pid": 10960,
    "index": 24
  },
  {
    "name": "Require(22) node_modules/egg/config/config.local.js",
    "start": 1539075167199,
    "end": 1539075167199,
    "duration": 0,
    "pid": 10960,
    "index": 25
  },
  {
    "name": "Require(23) config/config.local.ts",
    "start": 1539075167199,
    "end": 1539075167199,
    "duration": 0,
    "pid": 10960,
    "index": 26
  },
  {
    "name": "Load extend/application.js",
    "start": 1539075167200,
    "end": 1539075167237,
    "duration": 37,
    "pid": 10960,
    "index": 27
  },
  {
    "name": "Require(24) node_modules/egg-session/app/extend/application.js",
    "start": 1539075167201,
    "end": 1539075167201,
    "duration": 0,
    "pid": 10960,
    "index": 28
  },
  {
    "name": "Require(25) node_modules/egg-security/app/extend/application.js",
    "start": 1539075167201,
    "end": 1539075167202,
    "duration": 1,
    "pid": 10960,
    "index": 29
  },
  {
    "name": "Require(26) node_modules/egg-jsonp/app/extend/application.js",
    "start": 1539075167203,
    "end": 1539075167204,
    "duration": 1,
    "pid": 10960,
    "index": 30
  },
  {
    "name": "Require(27) node_modules/egg-logrotator/app/extend/application.js",
    "start": 1539075167205,
    "end": 1539075167205,
    "duration": 0,
    "pid": 10960,
    "index": 31
  },
  {
    "name": "Require(28) node_modules/egg-view/app/extend/application.js",
    "start": 1539075167206,
    "end": 1539075167207,
    "duration": 1,
    "pid": 10960,
    "index": 32
  },
  {
    "name": "Require(29) node_modules/egg-view-nunjucks/app/extend/application.js",
    "start": 1539075167207,
    "end": 1539075167235,
    "duration": 28,
    "pid": 10960,
    "index": 33
  },
  {
    "name": "Load extend/request.js",
    "start": 1539075167237,
    "end": 1539075167242,
    "duration": 5,
    "pid": 10960,
    "index": 34
  },
  {
    "name": "Require(30) node_modules/egg/app/extend/request.js",
    "start": 1539075167239,
    "end": 1539075167240,
    "duration": 1,
    "pid": 10960,
    "index": 35
  },
  {
    "name": "Load extend/response.js",
    "start": 1539075167242,
    "end": 1539075167247,
    "duration": 5,
    "pid": 10960,
    "index": 36
  },
  {
    "name": "Require(31) node_modules/egg/app/extend/response.js",
    "start": 1539075167244,
    "end": 1539075167244,
    "duration": 0,
    "pid": 10960,
    "index": 37
  },
  {
    "name": "Load extend/context.js",
    "start": 1539075167247,
    "end": 1539075167292,
    "duration": 45,
    "pid": 10960,
    "index": 38
  },
  {
    "name": "Require(32) node_modules/egg-security/app/extend/context.js",
    "start": 1539075167248,
    "end": 1539075167254,
    "duration": 6,
    "pid": 10960,
    "index": 39
  },
  {
    "name": "Require(33) node_modules/egg-jsonp/app/extend/context.js",
    "start": 1539075167255,
    "end": 1539075167255,
    "duration": 0,
    "pid": 10960,
    "index": 40
  },
  {
    "name": "Require(34) node_modules/egg-i18n/app/extend/context.js",
    "start": 1539075167256,
    "end": 1539075167256,
    "duration": 0,
    "pid": 10960,
    "index": 41
  },
  {
    "name": "Require(35) node_modules/egg-multipart/app/extend/context.js",
    "start": 1539075167257,
    "end": 1539075167287,
    "duration": 30,
    "pid": 10960,
    "index": 42
  },
  {
    "name": "Require(36) node_modules/egg-view/app/extend/context.js",
    "start": 1539075167288,
    "end": 1539075167288,
    "duration": 0,
    "pid": 10960,
    "index": 43
  },
  {
    "name": "Require(37) node_modules/egg-mongoose/app/extend/context.js",
    "start": 1539075167289,
    "end": 1539075167289,
    "duration": 0,
    "pid": 10960,
    "index": 44
  },
  {
    "name": "Require(38) node_modules/egg/app/extend/context.js",
    "start": 1539075167289,
    "end": 1539075167290,
    "duration": 1,
    "pid": 10960,
    "index": 45
  },
  {
    "name": "Load extend/helper.js",
    "start": 1539075167292,
    "end": 1539075167306,
    "duration": 14,
    "pid": 10960,
    "index": 46
  },
  {
    "name": "Require(39) node_modules/egg-security/app/extend/helper.js",
    "start": 1539075167292,
    "end": 1539075167302,
    "duration": 10,
    "pid": 10960,
    "index": 47
  },
  {
    "name": "Require(40) node_modules/egg/app/extend/helper.js",
    "start": 1539075167304,
    "end": 1539075167304,
    "duration": 0,
    "pid": 10960,
    "index": 48
  },
  {
    "name": "Load app.js",
    "start": 1539075167306,
    "end": 1539075167332,
    "duration": 26,
    "pid": 10960,
    "index": 49
  },
  {
    "name": "Require(41) node_modules/egg-session/app.js",
    "start": 1539075167306,
    "end": 1539075167306,
    "duration": 0,
    "pid": 10960,
    "index": 50
  },
  {
    "name": "Require(42) node_modules/egg-security/app.js",
    "start": 1539075167307,
    "end": 1539075167308,
    "duration": 1,
    "pid": 10960,
    "index": 51
  },
  {
    "name": "Require(43) node_modules/egg-onerror/app.js",
    "start": 1539075167308,
    "end": 1539075167316,
    "duration": 8,
    "pid": 10960,
    "index": 52
  },
  {
    "name": "Require(44) node_modules/egg-i18n/app.js",
    "start": 1539075167316,
    "end": 1539075167321,
    "duration": 5,
    "pid": 10960,
    "index": 53
  },
  {
    "name": "Require(45) node_modules/egg-watcher/app.js",
    "start": 1539075167321,
    "end": 1539075167326,
    "duration": 5,
    "pid": 10960,
    "index": 54
  },
  {
    "name": "Require(46) node_modules/egg-schedule/app.js",
    "start": 1539075167326,
    "end": 1539075167327,
    "duration": 1,
    "pid": 10960,
    "index": 55
  },
  {
    "name": "Require(47) node_modules/egg-multipart/app.js",
    "start": 1539075167328,
    "end": 1539075167329,
    "duration": 1,
    "pid": 10960,
    "index": 56
  },
  {
    "name": "Require(48) node_modules/egg-development/app.js",
    "start": 1539075167329,
    "end": 1539075167330,
    "duration": 1,
    "pid": 10960,
    "index": 57
  },
  {
    "name": "Require(49) node_modules/egg-logrotator/app.js",
    "start": 1539075167330,
    "end": 1539075167330,
    "duration": 0,
    "pid": 10960,
    "index": 58
  },
  {
    "name": "Require(50) node_modules/egg-static/app.js",
    "start": 1539075167330,
    "end": 1539075167330,
    "duration": 0,
    "pid": 10960,
    "index": 59
  },
  {
    "name": "Require(51) node_modules/egg-view-nunjucks/app.js",
    "start": 1539075167331,
    "end": 1539075167331,
    "duration": 0,
    "pid": 10960,
    "index": 60
  },
  {
    "name": "Require(52) node_modules/egg-mongoose/app.js",
    "start": 1539075167331,
    "end": 1539075167331,
    "duration": 0,
    "pid": 10960,
    "index": 61
  },
  {
    "name": "Before Start in node_modules/egg-watcher/lib/init.js:15:14",
    "start": 1539075167341,
    "end": 1539075167775,
    "duration": 434,
    "pid": 10960,
    "index": 62
  },
  {
    "name": "Before Start in node_modules/egg-mongoose/lib/mongoose.js:77:7",
    "start": 1539075167648,
    "end": 1539075168779,
    "duration": 1131,
    "pid": 10960,
    "index": 63
  },
  {
    "name": "Before Start in node_modules/egg-mongoose/lib/mongoose.js:42:9",
    "start": 1539075167648,
    "end": 1539075167737,
    "duration": 89,
    "pid": 10960,
    "index": 64
  },
  {
    "name": "Load Service",
    "start": 1539075167648,
    "end": 1539075167653,
    "duration": 5,
    "pid": 10960,
    "index": 65
  },
  {
    "name": "Load \"service\" to Context",
    "start": 1539075167649,
    "end": 1539075167653,
    "duration": 4,
    "pid": 10960,
    "index": 66
  },
  {
    "name": "Load Middleware",
    "start": 1539075167653,
    "end": 1539075167709,
    "duration": 56,
    "pid": 10960,
    "index": 67
  },
  {
    "name": "Load \"middlewares\" to Application",
    "start": 1539075167654,
    "end": 1539075167701,
    "duration": 47,
    "pid": 10960,
    "index": 68
  },
  {
    "name": "Load Controller",
    "start": 1539075167709,
    "end": 1539075167711,
    "duration": 2,
    "pid": 10960,
    "index": 69
  },
  {
    "name": "Load \"controller\" to Application",
    "start": 1539075167709,
    "end": 1539075167711,
    "duration": 2,
    "pid": 10960,
    "index": 70
  },
  {
    "name": "Load Router",
    "start": 1539075167711,
    "end": 1539075167713,
    "duration": 2,
    "pid": 10960,
    "index": 71
  },
  {
    "name": "Require(53) app/router.ts",
    "start": 1539075167711,
    "end": 1539075167711,
    "duration": 0,
    "pid": 10960,
    "index": 72
  },
  {
    "name": "Before Start in node_modules/egg-core/lib/egg.js:287:10",
    "start": 1539075167712,
    "end": 1539075167737,
    "duration": 25,
    "pid": 10960,
    "index": 73
  },
  {
    "name": "Load \"model\" to Application",
    "start": 1539075167725,
    "end": 1539075167736,
    "duration": 11,
    "pid": 10960,
    "index": 74
  }
]