[
  {
    "name": "Application Start",
    "start": 1539076340723,
    "end": 1539076343479,
    "duration": 2756,
    "pid": 15612,
    "index": 0
  },
  {
    "name": "Load Plugin",
    "start": 1539076340727,
    "end": 1539076340762,
    "duration": 35,
    "pid": 15612,
    "index": 1
  },
  {
    "name": "Load Config",
    "start": 1539076340762,
    "end": 1539076340787,
    "duration": 25,
    "pid": 15612,
    "index": 2
  },
  {
    "name": "Require(0) config/config.default.ts",
    "start": 1539076340763,
    "end": 1539076340765,
    "duration": 2,
    "pid": 15612,
    "index": 3
  },
  {
    "name": "Require(1) config/config.local.ts",
    "start": 1539076340766,
    "end": 1539076340767,
    "duration": 1,
    "pid": 15612,
    "index": 4
  },
  {
    "name": "Require(2) node_modules/egg-session/config/config.default.js",
    "start": 1539076340768,
    "end": 1539076340768,
    "duration": 0,
    "pid": 15612,
    "index": 5
  },
  {
    "name": "Require(3) node_modules/egg-security/config/config.default.js",
    "start": 1539076340768,
    "end": 1539076340769,
    "duration": 1,
    "pid": 15612,
    "index": 6
  },
  {
    "name": "Require(4) node_modules/egg-jsonp/config/config.default.js",
    "start": 1539076340770,
    "end": 1539076340770,
    "duration": 0,
    "pid": 15612,
    "index": 7
  },
  {
    "name": "Require(5) node_modules/egg-onerror/config/config.default.js",
    "start": 1539076340770,
    "end": 1539076340771,
    "duration": 1,
    "pid": 15612,
    "index": 8
  },
  {
    "name": "Require(6) node_modules/egg-i18n/config/config.default.js",
    "start": 1539076340771,
    "end": 1539076340771,
    "duration": 0,
    "pid": 15612,
    "index": 9
  },
  {
    "name": "Require(7) node_modules/egg-watcher/config/config.default.js",
    "start": 1539076340772,
    "end": 1539076340772,
    "duration": 0,
    "pid": 15612,
    "index": 10
  },
  {
    "name": "Require(8) node_modules/egg-schedule/config/config.default.js",
    "start": 1539076340773,
    "end": 1539076340773,
    "duration": 0,
    "pid": 15612,
    "index": 11
  },
  {
    "name": "Require(9) node_modules/egg-multipart/config/config.default.js",
    "start": 1539076340774,
    "end": 1539076340774,
    "duration": 0,
    "pid": 15612,
    "index": 12
  },
  {
    "name": "Require(10) node_modules/egg-development/config/config.default.js",
    "start": 1539076340775,
    "end": 1539076340775,
    "duration": 0,
    "pid": 15612,
    "index": 13
  },
  {
    "name": "Require(11) node_modules/egg-logrotator/config/config.default.js",
    "start": 1539076340776,
    "end": 1539076340776,
    "duration": 0,
    "pid": 15612,
    "index": 14
  },
  {
    "name": "Require(12) node_modules/egg-static/config/config.default.js",
    "start": 1539076340776,
    "end": 1539076340777,
    "duration": 1,
    "pid": 15612,
    "index": 15
  },
  {
    "name": "Require(13) node_modules/egg-view/config/config.default.js",
    "start": 1539076340778,
    "end": 1539076340778,
    "duration": 0,
    "pid": 15612,
    "index": 16
  },
  {
    "name": "Require(14) node_modules/egg-view-nunjucks/config/config.default.js",
    "start": 1539076340778,
    "end": 1539076340778,
    "duration": 0,
    "pid": 15612,
    "index": 17
  },
  {
    "name": "Require(15) node_modules/egg-mongoose/config/config.default.js",
    "start": 1539076340779,
    "end": 1539076340780,
    "duration": 1,
    "pid": 15612,
    "index": 18
  },
  {
    "name": "Require(16) node_modules/egg/config/config.default.js",
    "start": 1539076340780,
    "end": 1539076340781,
    "duration": 1,
    "pid": 15612,
    "index": 19
  },
  {
    "name": "Require(17) config/config.default.ts",
    "start": 1539076340782,
    "end": 1539076340782,
    "duration": 0,
    "pid": 15612,
    "index": 20
  },
  {
    "name": "Require(18) node_modules/egg-security/config/config.local.js",
    "start": 1539076340782,
    "end": 1539076340783,
    "duration": 1,
    "pid": 15612,
    "index": 21
  },
  {
    "name": "Require(19) node_modules/egg-watcher/config/config.local.js",
    "start": 1539076340784,
    "end": 1539076340784,
    "duration": 0,
    "pid": 15612,
    "index": 22
  },
  {
    "name": "Require(20) node_modules/egg-view/config/config.local.js",
    "start": 1539076340785,
    "end": 1539076340786,
    "duration": 1,
    "pid": 15612,
    "index": 23
  },
  {
    "name": "Require(21) node_modules/egg-view-nunjucks/config/config.local.js",
    "start": 1539076340786,
    "end": 1539076340786,
    "duration": 0,
    "pid": 15612,
    "index": 24
  },
  {
    "name": "Require(22) node_modules/egg/config/config.local.js",
    "start": 1539076340786,
    "end": 1539076340787,
    "duration": 1,
    "pid": 15612,
    "index": 25
  },
  {
    "name": "Require(23) config/config.local.ts",
    "start": 1539076340787,
    "end": 1539076340787,
    "duration": 0,
    "pid": 15612,
    "index": 26
  },
  {
    "name": "Load extend/application.js",
    "start": 1539076340788,
    "end": 1539076340830,
    "duration": 42,
    "pid": 15612,
    "index": 27
  },
  {
    "name": "Require(24) node_modules/egg-session/app/extend/application.js",
    "start": 1539076340788,
    "end": 1539076340788,
    "duration": 0,
    "pid": 15612,
    "index": 28
  },
  {
    "name": "Require(25) node_modules/egg-security/app/extend/application.js",
    "start": 1539076340789,
    "end": 1539076340789,
    "duration": 0,
    "pid": 15612,
    "index": 29
  },
  {
    "name": "Require(26) node_modules/egg-jsonp/app/extend/application.js",
    "start": 1539076340790,
    "end": 1539076340791,
    "duration": 1,
    "pid": 15612,
    "index": 30
  },
  {
    "name": "Require(27) node_modules/egg-logrotator/app/extend/application.js",
    "start": 1539076340792,
    "end": 1539076340794,
    "duration": 2,
    "pid": 15612,
    "index": 31
  },
  {
    "name": "Require(28) node_modules/egg-view/app/extend/application.js",
    "start": 1539076340794,
    "end": 1539076340795,
    "duration": 1,
    "pid": 15612,
    "index": 32
  },
  {
    "name": "Require(29) node_modules/egg-view-nunjucks/app/extend/application.js",
    "start": 1539076340796,
    "end": 1539076340828,
    "duration": 32,
    "pid": 15612,
    "index": 33
  },
  {
    "name": "Load extend/request.js",
    "start": 1539076340830,
    "end": 1539076340839,
    "duration": 9,
    "pid": 15612,
    "index": 34
  },
  {
    "name": "Require(30) node_modules/egg/app/extend/request.js",
    "start": 1539076340833,
    "end": 1539076340835,
    "duration": 2,
    "pid": 15612,
    "index": 35
  },
  {
    "name": "Load extend/response.js",
    "start": 1539076340839,
    "end": 1539076340844,
    "duration": 5,
    "pid": 15612,
    "index": 36
  },
  {
    "name": "Require(31) node_modules/egg/app/extend/response.js",
    "start": 1539076340841,
    "end": 1539076340842,
    "duration": 1,
    "pid": 15612,
    "index": 37
  },
  {
    "name": "Load extend/context.js",
    "start": 1539076340844,
    "end": 1539076340887,
    "duration": 43,
    "pid": 15612,
    "index": 38
  },
  {
    "name": "Require(32) node_modules/egg-security/app/extend/context.js",
    "start": 1539076340844,
    "end": 1539076340851,
    "duration": 7,
    "pid": 15612,
    "index": 39
  },
  {
    "name": "Require(33) node_modules/egg-jsonp/app/extend/context.js",
    "start": 1539076340852,
    "end": 1539076340853,
    "duration": 1,
    "pid": 15612,
    "index": 40
  },
  {
    "name": "Require(34) node_modules/egg-i18n/app/extend/context.js",
    "start": 1539076340853,
    "end": 1539076340853,
    "duration": 0,
    "pid": 15612,
    "index": 41
  },
  {
    "name": "Require(35) node_modules/egg-multipart/app/extend/context.js",
    "start": 1539076340854,
    "end": 1539076340883,
    "duration": 29,
    "pid": 15612,
    "index": 42
  },
  {
    "name": "Require(36) node_modules/egg-view/app/extend/context.js",
    "start": 1539076340883,
    "end": 1539076340884,
    "duration": 1,
    "pid": 15612,
    "index": 43
  },
  {
    "name": "Require(37) node_modules/egg-mongoose/app/extend/context.js",
    "start": 1539076340884,
    "end": 1539076340884,
    "duration": 0,
    "pid": 15612,
    "index": 44
  },
  {
    "name": "Require(38) node_modules/egg/app/extend/context.js",
    "start": 1539076340884,
    "end": 1539076340885,
    "duration": 1,
    "pid": 15612,
    "index": 45
  },
  {
    "name": "Load extend/helper.js",
    "start": 1539076340887,
    "end": 1539076340901,
    "duration": 14,
    "pid": 15612,
    "index": 46
  },
  {
    "name": "Require(39) node_modules/egg-security/app/extend/helper.js",
    "start": 1539076340887,
    "end": 1539076340897,
    "duration": 10,
    "pid": 15612,
    "index": 47
  },
  {
    "name": "Require(40) node_modules/egg/app/extend/helper.js",
    "start": 1539076340899,
    "end": 1539076340899,
    "duration": 0,
    "pid": 15612,
    "index": 48
  },
  {
    "name": "Load app.js",
    "start": 1539076340901,
    "end": 1539076340926,
    "duration": 25,
    "pid": 15612,
    "index": 49
  },
  {
    "name": "Require(41) node_modules/egg-session/app.js",
    "start": 1539076340901,
    "end": 1539076340901,
    "duration": 0,
    "pid": 15612,
    "index": 50
  },
  {
    "name": "Require(42) node_modules/egg-security/app.js",
    "start": 1539076340902,
    "end": 1539076340902,
    "duration": 0,
    "pid": 15612,
    "index": 51
  },
  {
    "name": "Require(43) node_modules/egg-onerror/app.js",
    "start": 1539076340903,
    "end": 1539076340909,
    "duration": 6,
    "pid": 15612,
    "index": 52
  },
  {
    "name": "Require(44) node_modules/egg-i18n/app.js",
    "start": 1539076340909,
    "end": 1539076340915,
    "duration": 6,
    "pid": 15612,
    "index": 53
  },
  {
    "name": "Require(45) node_modules/egg-watcher/app.js",
    "start": 1539076340915,
    "end": 1539076340919,
    "duration": 4,
    "pid": 15612,
    "index": 54
  },
  {
    "name": "Require(46) node_modules/egg-schedule/app.js",
    "start": 1539076340919,
    "end": 1539076340920,
    "duration": 1,
    "pid": 15612,
    "index": 55
  },
  {
    "name": "Require(47) node_modules/egg-multipart/app.js",
    "start": 1539076340921,
    "end": 1539076340922,
    "duration": 1,
    "pid": 15612,
    "index": 56
  },
  {
    "name": "Require(48) node_modules/egg-development/app.js",
    "start": 1539076340922,
    "end": 1539076340923,
    "duration": 1,
    "pid": 15612,
    "index": 57
  },
  {
    "name": "Require(49) node_modules/egg-logrotator/app.js",
    "start": 1539076340923,
    "end": 1539076340923,
    "duration": 0,
    "pid": 15612,
    "index": 58
  },
  {
    "name": "Require(50) node_modules/egg-static/app.js",
    "start": 1539076340924,
    "end": 1539076340924,
    "duration": 0,
    "pid": 15612,
    "index": 59
  },
  {
    "name": "Require(51) node_modules/egg-view-nunjucks/app.js",
    "start": 1539076340924,
    "end": 1539076340925,
    "duration": 1,
    "pid": 15612,
    "index": 60
  },
  {
    "name": "Require(52) node_modules/egg-mongoose/app.js",
    "start": 1539076340925,
    "end": 1539076340925,
    "duration": 0,
    "pid": 15612,
    "index": 61
  },
  {
    "name": "Before Start in node_modules/egg-watcher/lib/init.js:15:14",
    "start": 1539076340941,
    "end": 1539076342479,
    "duration": 1538,
    "pid": 15612,
    "index": 62
  },
  {
    "name": "Before Start in node_modules/egg-mongoose/lib/mongoose.js:77:7",
    "start": 1539076341251,
    "end": 1539076343478,
    "duration": 2227,
    "pid": 15612,
    "index": 63
  },
  {
    "name": "Before Start in node_modules/egg-mongoose/lib/mongoose.js:42:9",
    "start": 1539076341251,
    "end": 1539076342472,
    "duration": 1221,
    "pid": 15612,
    "index": 64
  },
  {
    "name": "Load Service",
    "start": 1539076341252,
    "end": 1539076341257,
    "duration": 5,
    "pid": 15612,
    "index": 65
  },
  {
    "name": "Load \"service\" to Context",
    "start": 1539076341252,
    "end": 1539076341257,
    "duration": 5,
    "pid": 15612,
    "index": 66
  },
  {
    "name": "Load Middleware",
    "start": 1539076341257,
    "end": 1539076341313,
    "duration": 56,
    "pid": 15612,
    "index": 67
  },
  {
    "name": "Load \"middlewares\" to Application",
    "start": 1539076341257,
    "end": 1539076341306,
    "duration": 49,
    "pid": 15612,
    "index": 68
  },
  {
    "name": "Load Controller",
    "start": 1539076341313,
    "end": 1539076342447,
    "duration": 1134,
    "pid": 15612,
    "index": 69
  },
  {
    "name": "Load \"controller\" to Application",
    "start": 1539076341314,
    "end": 1539076342447,
    "duration": 1133,
    "pid": 15612,
    "index": 70
  },
  {
    "name": "Load Router",
    "start": 1539076342447,
    "end": 1539076342450,
    "duration": 3,
    "pid": 15612,
    "index": 71
  },
  {
    "name": "Require(53) app/router.ts",
    "start": 1539076342448,
    "end": 1539076342448,
    "duration": 0,
    "pid": 15612,
    "index": 72
  },
  {
    "name": "Before Start in node_modules/egg-core/lib/egg.js:287:10",
    "start": 1539076342449,
    "end": 1539076342472,
    "duration": 23,
    "pid": 15612,
    "index": 73
  },
  {
    "name": "Load \"model\" to Application",
    "start": 1539076342461,
    "end": 1539076342471,
    "duration": 10,
    "pid": 15612,
    "index": 74
  }
]