[
  {
    "name": "Application Start",
    "start": 1539075491232,
    "end": 1539075494192,
    "duration": 2960,
    "pid": 15728,
    "index": 0
  },
  {
    "name": "Load Plugin",
    "start": 1539075491235,
    "end": 1539075491246,
    "duration": 11,
    "pid": 15728,
    "index": 1
  },
  {
    "name": "Load Config",
    "start": 1539075491246,
    "end": 1539075491262,
    "duration": 16,
    "pid": 15728,
    "index": 2
  },
  {
    "name": "Require(0) config/config.default.ts",
    "start": 1539075491246,
    "end": 1539075491248,
    "duration": 2,
    "pid": 15728,
    "index": 3
  },
  {
    "name": "Require(1) config/config.local.ts",
    "start": 1539075491249,
    "end": 1539075491249,
    "duration": 0,
    "pid": 15728,
    "index": 4
  },
  {
    "name": "Require(2) node_modules/egg-session/config/config.default.js",
    "start": 1539075491250,
    "end": 1539075491250,
    "duration": 0,
    "pid": 15728,
    "index": 5
  },
  {
    "name": "Require(3) node_modules/egg-security/config/config.default.js",
    "start": 1539075491250,
    "end": 1539075491250,
    "duration": 0,
    "pid": 15728,
    "index": 6
  },
  {
    "name": "Require(4) node_modules/egg-jsonp/config/config.default.js",
    "start": 1539075491251,
    "end": 1539075491251,
    "duration": 0,
    "pid": 15728,
    "index": 7
  },
  {
    "name": "Require(5) node_modules/egg-onerror/config/config.default.js",
    "start": 1539075491251,
    "end": 1539075491252,
    "duration": 1,
    "pid": 15728,
    "index": 8
  },
  {
    "name": "Require(6) node_modules/egg-i18n/config/config.default.js",
    "start": 1539075491252,
    "end": 1539075491252,
    "duration": 0,
    "pid": 15728,
    "index": 9
  },
  {
    "name": "Require(7) node_modules/egg-watcher/config/config.default.js",
    "start": 1539075491252,
    "end": 1539075491253,
    "duration": 1,
    "pid": 15728,
    "index": 10
  },
  {
    "name": "Require(8) node_modules/egg-schedule/config/config.default.js",
    "start": 1539075491253,
    "end": 1539075491253,
    "duration": 0,
    "pid": 15728,
    "index": 11
  },
  {
    "name": "Require(9) node_modules/egg-multipart/config/config.default.js",
    "start": 1539075491253,
    "end": 1539075491254,
    "duration": 1,
    "pid": 15728,
    "index": 12
  },
  {
    "name": "Require(10) node_modules/egg-development/config/config.default.js",
    "start": 1539075491254,
    "end": 1539075491254,
    "duration": 0,
    "pid": 15728,
    "index": 13
  },
  {
    "name": "Require(11) node_modules/egg-logrotator/config/config.default.js",
    "start": 1539075491254,
    "end": 1539075491255,
    "duration": 1,
    "pid": 15728,
    "index": 14
  },
  {
    "name": "Require(12) node_modules/egg-static/config/config.default.js",
    "start": 1539075491255,
    "end": 1539075491255,
    "duration": 0,
    "pid": 15728,
    "index": 15
  },
  {
    "name": "Require(13) node_modules/egg-view/config/config.default.js",
    "start": 1539075491255,
    "end": 1539075491256,
    "duration": 1,
    "pid": 15728,
    "index": 16
  },
  {
    "name": "Require(14) node_modules/egg-view-nunjucks/config/config.default.js",
    "start": 1539075491256,
    "end": 1539075491256,
    "duration": 0,
    "pid": 15728,
    "index": 17
  },
  {
    "name": "Require(15) node_modules/egg-mongoose/config/config.default.js",
    "start": 1539075491256,
    "end": 1539075491257,
    "duration": 1,
    "pid": 15728,
    "index": 18
  },
  {
    "name": "Require(16) node_modules/egg/config/config.default.js",
    "start": 1539075491257,
    "end": 1539075491257,
    "duration": 0,
    "pid": 15728,
    "index": 19
  },
  {
    "name": "Require(17) config/config.default.ts",
    "start": 1539075491258,
    "end": 1539075491258,
    "duration": 0,
    "pid": 15728,
    "index": 20
  },
  {
    "name": "Require(18) node_modules/egg-security/config/config.local.js",
    "start": 1539075491259,
    "end": 1539075491259,
    "duration": 0,
    "pid": 15728,
    "index": 21
  },
  {
    "name": "Require(19) node_modules/egg-watcher/config/config.local.js",
    "start": 1539075491259,
    "end": 1539075491260,
    "duration": 1,
    "pid": 15728,
    "index": 22
  },
  {
    "name": "Require(20) node_modules/egg-view/config/config.local.js",
    "start": 1539075491261,
    "end": 1539075491261,
    "duration": 0,
    "pid": 15728,
    "index": 23
  },
  {
    "name": "Require(21) node_modules/egg-view-nunjucks/config/config.local.js",
    "start": 1539075491261,
    "end": 1539075491261,
    "duration": 0,
    "pid": 15728,
    "index": 24
  },
  {
    "name": "Require(22) node_modules/egg/config/config.local.js",
    "start": 1539075491261,
    "end": 1539075491262,
    "duration": 1,
    "pid": 15728,
    "index": 25
  },
  {
    "name": "Require(23) config/config.local.ts",
    "start": 1539075491262,
    "end": 1539075491262,
    "duration": 0,
    "pid": 15728,
    "index": 26
  },
  {
    "name": "Load extend/application.js",
    "start": 1539075491263,
    "end": 1539075491297,
    "duration": 34,
    "pid": 15728,
    "index": 27
  },
  {
    "name": "Require(24) node_modules/egg-session/app/extend/application.js",
    "start": 1539075491263,
    "end": 1539075491264,
    "duration": 1,
    "pid": 15728,
    "index": 28
  },
  {
    "name": "Require(25) node_modules/egg-security/app/extend/application.js",
    "start": 1539075491264,
    "end": 1539075491264,
    "duration": 0,
    "pid": 15728,
    "index": 29
  },
  {
    "name": "Require(26) node_modules/egg-jsonp/app/extend/application.js",
    "start": 1539075491265,
    "end": 1539075491266,
    "duration": 1,
    "pid": 15728,
    "index": 30
  },
  {
    "name": "Require(27) node_modules/egg-logrotator/app/extend/application.js",
    "start": 1539075491267,
    "end": 1539075491268,
    "duration": 1,
    "pid": 15728,
    "index": 31
  },
  {
    "name": "Require(28) node_modules/egg-view/app/extend/application.js",
    "start": 1539075491268,
    "end": 1539075491269,
    "duration": 1,
    "pid": 15728,
    "index": 32
  },
  {
    "name": "Require(29) node_modules/egg-view-nunjucks/app/extend/application.js",
    "start": 1539075491269,
    "end": 1539075491295,
    "duration": 26,
    "pid": 15728,
    "index": 33
  },
  {
    "name": "Load extend/request.js",
    "start": 1539075491297,
    "end": 1539075491303,
    "duration": 6,
    "pid": 15728,
    "index": 34
  },
  {
    "name": "Require(30) node_modules/egg/app/extend/request.js",
    "start": 1539075491300,
    "end": 1539075491301,
    "duration": 1,
    "pid": 15728,
    "index": 35
  },
  {
    "name": "Load extend/response.js",
    "start": 1539075491303,
    "end": 1539075491307,
    "duration": 4,
    "pid": 15728,
    "index": 36
  },
  {
    "name": "Require(31) node_modules/egg/app/extend/response.js",
    "start": 1539075491304,
    "end": 1539075491305,
    "duration": 1,
    "pid": 15728,
    "index": 37
  },
  {
    "name": "Load extend/context.js",
    "start": 1539075491307,
    "end": 1539075491355,
    "duration": 48,
    "pid": 15728,
    "index": 38
  },
  {
    "name": "Require(32) node_modules/egg-security/app/extend/context.js",
    "start": 1539075491307,
    "end": 1539075491315,
    "duration": 8,
    "pid": 15728,
    "index": 39
  },
  {
    "name": "Require(33) node_modules/egg-jsonp/app/extend/context.js",
    "start": 1539075491316,
    "end": 1539075491316,
    "duration": 0,
    "pid": 15728,
    "index": 40
  },
  {
    "name": "Require(34) node_modules/egg-i18n/app/extend/context.js",
    "start": 1539075491317,
    "end": 1539075491317,
    "duration": 0,
    "pid": 15728,
    "index": 41
  },
  {
    "name": "Require(35) node_modules/egg-multipart/app/extend/context.js",
    "start": 1539075491318,
    "end": 1539075491349,
    "duration": 31,
    "pid": 15728,
    "index": 42
  },
  {
    "name": "Require(36) node_modules/egg-view/app/extend/context.js",
    "start": 1539075491350,
    "end": 1539075491351,
    "duration": 1,
    "pid": 15728,
    "index": 43
  },
  {
    "name": "Require(37) node_modules/egg-mongoose/app/extend/context.js",
    "start": 1539075491351,
    "end": 1539075491352,
    "duration": 1,
    "pid": 15728,
    "index": 44
  },
  {
    "name": "Require(38) node_modules/egg/app/extend/context.js",
    "start": 1539075491352,
    "end": 1539075491353,
    "duration": 1,
    "pid": 15728,
    "index": 45
  },
  {
    "name": "Load extend/helper.js",
    "start": 1539075491355,
    "end": 1539075491371,
    "duration": 16,
    "pid": 15728,
    "index": 46
  },
  {
    "name": "Require(39) node_modules/egg-security/app/extend/helper.js",
    "start": 1539075491355,
    "end": 1539075491367,
    "duration": 12,
    "pid": 15728,
    "index": 47
  },
  {
    "name": "Require(40) node_modules/egg/app/extend/helper.js",
    "start": 1539075491368,
    "end": 1539075491369,
    "duration": 1,
    "pid": 15728,
    "index": 48
  },
  {
    "name": "Load app.js",
    "start": 1539075491371,
    "end": 1539075491402,
    "duration": 31,
    "pid": 15728,
    "index": 49
  },
  {
    "name": "Require(41) node_modules/egg-session/app.js",
    "start": 1539075491372,
    "end": 1539075491372,
    "duration": 0,
    "pid": 15728,
    "index": 50
  },
  {
    "name": "Require(42) node_modules/egg-security/app.js",
    "start": 1539075491372,
    "end": 1539075491373,
    "duration": 1,
    "pid": 15728,
    "index": 51
  },
  {
    "name": "Require(43) node_modules/egg-onerror/app.js",
    "start": 1539075491374,
    "end": 1539075491382,
    "duration": 8,
    "pid": 15728,
    "index": 52
  },
  {
    "name": "Require(44) node_modules/egg-i18n/app.js",
    "start": 1539075491382,
    "end": 1539075491389,
    "duration": 7,
    "pid": 15728,
    "index": 53
  },
  {
    "name": "Require(45) node_modules/egg-watcher/app.js",
    "start": 1539075491389,
    "end": 1539075491394,
    "duration": 5,
    "pid": 15728,
    "index": 54
  },
  {
    "name": "Require(46) node_modules/egg-schedule/app.js",
    "start": 1539075491394,
    "end": 1539075491395,
    "duration": 1,
    "pid": 15728,
    "index": 55
  },
  {
    "name": "Require(47) node_modules/egg-multipart/app.js",
    "start": 1539075491395,
    "end": 1539075491397,
    "duration": 2,
    "pid": 15728,
    "index": 56
  },
  {
    "name": "Require(48) node_modules/egg-development/app.js",
    "start": 1539075491398,
    "end": 1539075491398,
    "duration": 0,
    "pid": 15728,
    "index": 57
  },
  {
    "name": "Require(49) node_modules/egg-logrotator/app.js",
    "start": 1539075491398,
    "end": 1539075491399,
    "duration": 1,
    "pid": 15728,
    "index": 58
  },
  {
    "name": "Require(50) node_modules/egg-static/app.js",
    "start": 1539075491399,
    "end": 1539075491399,
    "duration": 0,
    "pid": 15728,
    "index": 59
  },
  {
    "name": "Require(51) node_modules/egg-view-nunjucks/app.js",
    "start": 1539075491400,
    "end": 1539075491400,
    "duration": 0,
    "pid": 15728,
    "index": 60
  },
  {
    "name": "Require(52) node_modules/egg-mongoose/app.js",
    "start": 1539075491400,
    "end": 1539075491401,
    "duration": 1,
    "pid": 15728,
    "index": 61
  },
  {
    "name": "Before Start in node_modules/egg-watcher/lib/init.js:15:14",
    "start": 1539075491415,
    "end": 1539075493188,
    "duration": 1773,
    "pid": 15728,
    "index": 62
  },
  {
    "name": "Before Start in node_modules/egg-mongoose/lib/mongoose.js:77:7",
    "start": 1539075491837,
    "end": 1539075494192,
    "duration": 2355,
    "pid": 15728,
    "index": 63
  },
  {
    "name": "Before Start in node_modules/egg-mongoose/lib/mongoose.js:42:9",
    "start": 1539075491837,
    "end": 1539075493179,
    "duration": 1342,
    "pid": 15728,
    "index": 64
  },
  {
    "name": "Load Service",
    "start": 1539075491837,
    "end": 1539075491844,
    "duration": 7,
    "pid": 15728,
    "index": 65
  },
  {
    "name": "Load \"service\" to Context",
    "start": 1539075491838,
    "end": 1539075491844,
    "duration": 6,
    "pid": 15728,
    "index": 66
  },
  {
    "name": "Load Middleware",
    "start": 1539075491844,
    "end": 1539075491913,
    "duration": 69,
    "pid": 15728,
    "index": 67
  },
  {
    "name": "Load \"middlewares\" to Application",
    "start": 1539075491844,
    "end": 1539075491905,
    "duration": 61,
    "pid": 15728,
    "index": 68
  },
  {
    "name": "Load Controller",
    "start": 1539075491913,
    "end": 1539075493153,
    "duration": 1240,
    "pid": 15728,
    "index": 69
  },
  {
    "name": "Load \"controller\" to Application",
    "start": 1539075491913,
    "end": 1539075493153,
    "duration": 1240,
    "pid": 15728,
    "index": 70
  },
  {
    "name": "Load Router",
    "start": 1539075493153,
    "end": 1539075493156,
    "duration": 3,
    "pid": 15728,
    "index": 71
  },
  {
    "name": "Require(53) app/router.ts",
    "start": 1539075493154,
    "end": 1539075493154,
    "duration": 0,
    "pid": 15728,
    "index": 72
  },
  {
    "name": "Before Start in node_modules/egg-core/lib/egg.js:287:10",
    "start": 1539075493154,
    "end": 1539075493179,
    "duration": 25,
    "pid": 15728,
    "index": 73
  },
  {
    "name": "Load \"model\" to Application",
    "start": 1539075493165,
    "end": 1539075493178,
    "duration": 13,
    "pid": 15728,
    "index": 74
  }
]