[
  {
    "name": "Application Start",
    "start": 1539075088066,
    "end": 1539075090772,
    "duration": 2706,
    "pid": 12276,
    "index": 0
  },
  {
    "name": "Load Plugin",
    "start": 1539075088070,
    "end": 1539075088083,
    "duration": 13,
    "pid": 12276,
    "index": 1
  },
  {
    "name": "Load Config",
    "start": 1539075088083,
    "end": 1539075088101,
    "duration": 18,
    "pid": 12276,
    "index": 2
  },
  {
    "name": "Require(0) config/config.default.ts",
    "start": 1539075088084,
    "end": 1539075088085,
    "duration": 1,
    "pid": 12276,
    "index": 3
  },
  {
    "name": "Require(1) config/config.local.ts",
    "start": 1539075088086,
    "end": 1539075088086,
    "duration": 0,
    "pid": 12276,
    "index": 4
  },
  {
    "name": "Require(2) node_modules/egg-session/config/config.default.js",
    "start": 1539075088086,
    "end": 1539075088087,
    "duration": 1,
    "pid": 12276,
    "index": 5
  },
  {
    "name": "Require(3) node_modules/egg-security/config/config.default.js",
    "start": 1539075088087,
    "end": 1539075088087,
    "duration": 0,
    "pid": 12276,
    "index": 6
  },
  {
    "name": "Require(4) node_modules/egg-jsonp/config/config.default.js",
    "start": 1539075088088,
    "end": 1539075088088,
    "duration": 0,
    "pid": 12276,
    "index": 7
  },
  {
    "name": "Require(5) node_modules/egg-onerror/config/config.default.js",
    "start": 1539075088088,
    "end": 1539075088088,
    "duration": 0,
    "pid": 12276,
    "index": 8
  },
  {
    "name": "Require(6) node_modules/egg-i18n/config/config.default.js",
    "start": 1539075088088,
    "end": 1539075088089,
    "duration": 1,
    "pid": 12276,
    "index": 9
  },
  {
    "name": "Require(7) node_modules/egg-watcher/config/config.default.js",
    "start": 1539075088089,
    "end": 1539075088089,
    "duration": 0,
    "pid": 12276,
    "index": 10
  },
  {
    "name": "Require(8) node_modules/egg-schedule/config/config.default.js",
    "start": 1539075088089,
    "end": 1539075088090,
    "duration": 1,
    "pid": 12276,
    "index": 11
  },
  {
    "name": "Require(9) node_modules/egg-multipart/config/config.default.js",
    "start": 1539075088090,
    "end": 1539075088090,
    "duration": 0,
    "pid": 12276,
    "index": 12
  },
  {
    "name": "Require(10) node_modules/egg-development/config/config.default.js",
    "start": 1539075088091,
    "end": 1539075088091,
    "duration": 0,
    "pid": 12276,
    "index": 13
  },
  {
    "name": "Require(11) node_modules/egg-logrotator/config/config.default.js",
    "start": 1539075088092,
    "end": 1539075088092,
    "duration": 0,
    "pid": 12276,
    "index": 14
  },
  {
    "name": "Require(12) node_modules/egg-static/config/config.default.js",
    "start": 1539075088092,
    "end": 1539075088093,
    "duration": 1,
    "pid": 12276,
    "index": 15
  },
  {
    "name": "Require(13) node_modules/egg-view/config/config.default.js",
    "start": 1539075088093,
    "end": 1539075088093,
    "duration": 0,
    "pid": 12276,
    "index": 16
  },
  {
    "name": "Require(14) node_modules/egg-view-nunjucks/config/config.default.js",
    "start": 1539075088094,
    "end": 1539075088094,
    "duration": 0,
    "pid": 12276,
    "index": 17
  },
  {
    "name": "Require(15) node_modules/egg-mongoose/config/config.default.js",
    "start": 1539075088094,
    "end": 1539075088094,
    "duration": 0,
    "pid": 12276,
    "index": 18
  },
  {
    "name": "Require(16) node_modules/egg/config/config.default.js",
    "start": 1539075088095,
    "end": 1539075088095,
    "duration": 0,
    "pid": 12276,
    "index": 19
  },
  {
    "name": "Require(17) config/config.default.ts",
    "start": 1539075088097,
    "end": 1539075088097,
    "duration": 0,
    "pid": 12276,
    "index": 20
  },
  {
    "name": "Require(18) node_modules/egg-security/config/config.local.js",
    "start": 1539075088097,
    "end": 1539075088098,
    "duration": 1,
    "pid": 12276,
    "index": 21
  },
  {
    "name": "Require(19) node_modules/egg-watcher/config/config.local.js",
    "start": 1539075088098,
    "end": 1539075088099,
    "duration": 1,
    "pid": 12276,
    "index": 22
  },
  {
    "name": "Require(20) node_modules/egg-view/config/config.local.js",
    "start": 1539075088100,
    "end": 1539075088100,
    "duration": 0,
    "pid": 12276,
    "index": 23
  },
  {
    "name": "Require(21) node_modules/egg-view-nunjucks/config/config.local.js",
    "start": 1539075088100,
    "end": 1539075088100,
    "duration": 0,
    "pid": 12276,
    "index": 24
  },
  {
    "name": "Require(22) node_modules/egg/config/config.local.js",
    "start": 1539075088100,
    "end": 1539075088101,
    "duration": 1,
    "pid": 12276,
    "index": 25
  },
  {
    "name": "Require(23) config/config.local.ts",
    "start": 1539075088101,
    "end": 1539075088101,
    "duration": 0,
    "pid": 12276,
    "index": 26
  },
  {
    "name": "Load extend/application.js",
    "start": 1539075088102,
    "end": 1539075088137,
    "duration": 35,
    "pid": 12276,
    "index": 27
  },
  {
    "name": "Require(24) node_modules/egg-session/app/extend/application.js",
    "start": 1539075088102,
    "end": 1539075088102,
    "duration": 0,
    "pid": 12276,
    "index": 28
  },
  {
    "name": "Require(25) node_modules/egg-security/app/extend/application.js",
    "start": 1539075088102,
    "end": 1539075088103,
    "duration": 1,
    "pid": 12276,
    "index": 29
  },
  {
    "name": "Require(26) node_modules/egg-jsonp/app/extend/application.js",
    "start": 1539075088103,
    "end": 1539075088104,
    "duration": 1,
    "pid": 12276,
    "index": 30
  },
  {
    "name": "Require(27) node_modules/egg-logrotator/app/extend/application.js",
    "start": 1539075088105,
    "end": 1539075088106,
    "duration": 1,
    "pid": 12276,
    "index": 31
  },
  {
    "name": "Require(28) node_modules/egg-view/app/extend/application.js",
    "start": 1539075088106,
    "end": 1539075088107,
    "duration": 1,
    "pid": 12276,
    "index": 32
  },
  {
    "name": "Require(29) node_modules/egg-view-nunjucks/app/extend/application.js",
    "start": 1539075088107,
    "end": 1539075088135,
    "duration": 28,
    "pid": 12276,
    "index": 33
  },
  {
    "name": "Load extend/request.js",
    "start": 1539075088137,
    "end": 1539075088142,
    "duration": 5,
    "pid": 12276,
    "index": 34
  },
  {
    "name": "Require(30) node_modules/egg/app/extend/request.js",
    "start": 1539075088139,
    "end": 1539075088140,
    "duration": 1,
    "pid": 12276,
    "index": 35
  },
  {
    "name": "Load extend/response.js",
    "start": 1539075088142,
    "end": 1539075088147,
    "duration": 5,
    "pid": 12276,
    "index": 36
  },
  {
    "name": "Require(31) node_modules/egg/app/extend/response.js",
    "start": 1539075088144,
    "end": 1539075088145,
    "duration": 1,
    "pid": 12276,
    "index": 37
  },
  {
    "name": "Load extend/context.js",
    "start": 1539075088147,
    "end": 1539075088192,
    "duration": 45,
    "pid": 12276,
    "index": 38
  },
  {
    "name": "Require(32) node_modules/egg-security/app/extend/context.js",
    "start": 1539075088147,
    "end": 1539075088153,
    "duration": 6,
    "pid": 12276,
    "index": 39
  },
  {
    "name": "Require(33) node_modules/egg-jsonp/app/extend/context.js",
    "start": 1539075088153,
    "end": 1539075088154,
    "duration": 1,
    "pid": 12276,
    "index": 40
  },
  {
    "name": "Require(34) node_modules/egg-i18n/app/extend/context.js",
    "start": 1539075088155,
    "end": 1539075088155,
    "duration": 0,
    "pid": 12276,
    "index": 41
  },
  {
    "name": "Require(35) node_modules/egg-multipart/app/extend/context.js",
    "start": 1539075088156,
    "end": 1539075088187,
    "duration": 31,
    "pid": 12276,
    "index": 42
  },
  {
    "name": "Require(36) node_modules/egg-view/app/extend/context.js",
    "start": 1539075088187,
    "end": 1539075088188,
    "duration": 1,
    "pid": 12276,
    "index": 43
  },
  {
    "name": "Require(37) node_modules/egg-mongoose/app/extend/context.js",
    "start": 1539075088189,
    "end": 1539075088189,
    "duration": 0,
    "pid": 12276,
    "index": 44
  },
  {
    "name": "Require(38) node_modules/egg/app/extend/context.js",
    "start": 1539075088189,
    "end": 1539075088190,
    "duration": 1,
    "pid": 12276,
    "index": 45
  },
  {
    "name": "Load extend/helper.js",
    "start": 1539075088192,
    "end": 1539075088208,
    "duration": 16,
    "pid": 12276,
    "index": 46
  },
  {
    "name": "Require(39) node_modules/egg-security/app/extend/helper.js",
    "start": 1539075088192,
    "end": 1539075088203,
    "duration": 11,
    "pid": 12276,
    "index": 47
  },
  {
    "name": "Require(40) node_modules/egg/app/extend/helper.js",
    "start": 1539075088205,
    "end": 1539075088206,
    "duration": 1,
    "pid": 12276,
    "index": 48
  },
  {
    "name": "Load app.js",
    "start": 1539075088208,
    "end": 1539075088234,
    "duration": 26,
    "pid": 12276,
    "index": 49
  },
  {
    "name": "Require(41) node_modules/egg-session/app.js",
    "start": 1539075088208,
    "end": 1539075088209,
    "duration": 1,
    "pid": 12276,
    "index": 50
  },
  {
    "name": "Require(42) node_modules/egg-security/app.js",
    "start": 1539075088209,
    "end": 1539075088210,
    "duration": 1,
    "pid": 12276,
    "index": 51
  },
  {
    "name": "Require(43) node_modules/egg-onerror/app.js",
    "start": 1539075088210,
    "end": 1539075088216,
    "duration": 6,
    "pid": 12276,
    "index": 52
  },
  {
    "name": "Require(44) node_modules/egg-i18n/app.js",
    "start": 1539075088217,
    "end": 1539075088223,
    "duration": 6,
    "pid": 12276,
    "index": 53
  },
  {
    "name": "Require(45) node_modules/egg-watcher/app.js",
    "start": 1539075088223,
    "end": 1539075088228,
    "duration": 5,
    "pid": 12276,
    "index": 54
  },
  {
    "name": "Require(46) node_modules/egg-schedule/app.js",
    "start": 1539075088228,
    "end": 1539075088229,
    "duration": 1,
    "pid": 12276,
    "index": 55
  },
  {
    "name": "Require(47) node_modules/egg-multipart/app.js",
    "start": 1539075088230,
    "end": 1539075088231,
    "duration": 1,
    "pid": 12276,
    "index": 56
  },
  {
    "name": "Require(48) node_modules/egg-development/app.js",
    "start": 1539075088232,
    "end": 1539075088232,
    "duration": 0,
    "pid": 12276,
    "index": 57
  },
  {
    "name": "Require(49) node_modules/egg-logrotator/app.js",
    "start": 1539075088232,
    "end": 1539075088232,
    "duration": 0,
    "pid": 12276,
    "index": 58
  },
  {
    "name": "Require(50) node_modules/egg-static/app.js",
    "start": 1539075088233,
    "end": 1539075088233,
    "duration": 0,
    "pid": 12276,
    "index": 59
  },
  {
    "name": "Require(51) node_modules/egg-view-nunjucks/app.js",
    "start": 1539075088233,
    "end": 1539075088233,
    "duration": 0,
    "pid": 12276,
    "index": 60
  },
  {
    "name": "Require(52) node_modules/egg-mongoose/app.js",
    "start": 1539075088234,
    "end": 1539075088234,
    "duration": 0,
    "pid": 12276,
    "index": 61
  },
  {
    "name": "Before Start in node_modules/egg-watcher/lib/init.js:15:14",
    "start": 1539075088244,
    "end": 1539075089760,
    "duration": 1516,
    "pid": 12276,
    "index": 62
  },
  {
    "name": "Before Start in node_modules/egg-mongoose/lib/mongoose.js:77:7",
    "start": 1539075088570,
    "end": 1539075090772,
    "duration": 2202,
    "pid": 12276,
    "index": 63
  },
  {
    "name": "Before Start in node_modules/egg-mongoose/lib/mongoose.js:42:9",
    "start": 1539075088571,
    "end": 1539075089753,
    "duration": 1182,
    "pid": 12276,
    "index": 64
  },
  {
    "name": "Load Service",
    "start": 1539075088571,
    "end": 1539075088578,
    "duration": 7,
    "pid": 12276,
    "index": 65
  },
  {
    "name": "Load \"service\" to Context",
    "start": 1539075088571,
    "end": 1539075088578,
    "duration": 7,
    "pid": 12276,
    "index": 66
  },
  {
    "name": "Load Middleware",
    "start": 1539075088578,
    "end": 1539075088638,
    "duration": 60,
    "pid": 12276,
    "index": 67
  },
  {
    "name": "Load \"middlewares\" to Application",
    "start": 1539075088579,
    "end": 1539075088631,
    "duration": 52,
    "pid": 12276,
    "index": 68
  },
  {
    "name": "Load Controller",
    "start": 1539075088638,
    "end": 1539075089697,
    "duration": 1059,
    "pid": 12276,
    "index": 69
  },
  {
    "name": "Load \"controller\" to Application",
    "start": 1539075088638,
    "end": 1539075089697,
    "duration": 1059,
    "pid": 12276,
    "index": 70
  },
  {
    "name": "Load Router",
    "start": 1539075089697,
    "end": 1539075089714,
    "duration": 17,
    "pid": 12276,
    "index": 71
  },
  {
    "name": "Require(53) app/router.ts",
    "start": 1539075089698,
    "end": 1539075089713,
    "duration": 15,
    "pid": 12276,
    "index": 72
  },
  {
    "name": "Before Start in node_modules/egg-core/lib/egg.js:287:10",
    "start": 1539075089713,
    "end": 1539075089753,
    "duration": 40,
    "pid": 12276,
    "index": 73
  },
  {
    "name": "Load \"model\" to Application",
    "start": 1539075089723,
    "end": 1539075089753,
    "duration": 30,
    "pid": 12276,
    "index": 74
  }
]