[
  {
    "name": "Application Start",
    "start": 1539075129586,
    "end": 1539075132277,
    "duration": 2691,
    "pid": 10392,
    "index": 0
  },
  {
    "name": "Load Plugin",
    "start": 1539075129590,
    "end": 1539075129601,
    "duration": 11,
    "pid": 10392,
    "index": 1
  },
  {
    "name": "Load Config",
    "start": 1539075129601,
    "end": 1539075129616,
    "duration": 15,
    "pid": 10392,
    "index": 2
  },
  {
    "name": "Require(0) config/config.default.ts",
    "start": 1539075129601,
    "end": 1539075129602,
    "duration": 1,
    "pid": 10392,
    "index": 3
  },
  {
    "name": "Require(1) config/config.local.ts",
    "start": 1539075129603,
    "end": 1539075129604,
    "duration": 1,
    "pid": 10392,
    "index": 4
  },
  {
    "name": "Require(2) node_modules/egg-session/config/config.default.js",
    "start": 1539075129604,
    "end": 1539075129604,
    "duration": 0,
    "pid": 10392,
    "index": 5
  },
  {
    "name": "Require(3) node_modules/egg-security/config/config.default.js",
    "start": 1539075129604,
    "end": 1539075129605,
    "duration": 1,
    "pid": 10392,
    "index": 6
  },
  {
    "name": "Require(4) node_modules/egg-jsonp/config/config.default.js",
    "start": 1539075129605,
    "end": 1539075129606,
    "duration": 1,
    "pid": 10392,
    "index": 7
  },
  {
    "name": "Require(5) node_modules/egg-onerror/config/config.default.js",
    "start": 1539075129606,
    "end": 1539075129606,
    "duration": 0,
    "pid": 10392,
    "index": 8
  },
  {
    "name": "Require(6) node_modules/egg-i18n/config/config.default.js",
    "start": 1539075129606,
    "end": 1539075129606,
    "duration": 0,
    "pid": 10392,
    "index": 9
  },
  {
    "name": "Require(7) node_modules/egg-watcher/config/config.default.js",
    "start": 1539075129607,
    "end": 1539075129607,
    "duration": 0,
    "pid": 10392,
    "index": 10
  },
  {
    "name": "Require(8) node_modules/egg-schedule/config/config.default.js",
    "start": 1539075129607,
    "end": 1539075129607,
    "duration": 0,
    "pid": 10392,
    "index": 11
  },
  {
    "name": "Require(9) node_modules/egg-multipart/config/config.default.js",
    "start": 1539075129608,
    "end": 1539075129608,
    "duration": 0,
    "pid": 10392,
    "index": 12
  },
  {
    "name": "Require(10) node_modules/egg-development/config/config.default.js",
    "start": 1539075129608,
    "end": 1539075129609,
    "duration": 1,
    "pid": 10392,
    "index": 13
  },
  {
    "name": "Require(11) node_modules/egg-logrotator/config/config.default.js",
    "start": 1539075129609,
    "end": 1539075129609,
    "duration": 0,
    "pid": 10392,
    "index": 14
  },
  {
    "name": "Require(12) node_modules/egg-static/config/config.default.js",
    "start": 1539075129610,
    "end": 1539075129610,
    "duration": 0,
    "pid": 10392,
    "index": 15
  },
  {
    "name": "Require(13) node_modules/egg-view/config/config.default.js",
    "start": 1539075129610,
    "end": 1539075129610,
    "duration": 0,
    "pid": 10392,
    "index": 16
  },
  {
    "name": "Require(14) node_modules/egg-view-nunjucks/config/config.default.js",
    "start": 1539075129611,
    "end": 1539075129611,
    "duration": 0,
    "pid": 10392,
    "index": 17
  },
  {
    "name": "Require(15) node_modules/egg-mongoose/config/config.default.js",
    "start": 1539075129611,
    "end": 1539075129611,
    "duration": 0,
    "pid": 10392,
    "index": 18
  },
  {
    "name": "Require(16) node_modules/egg/config/config.default.js",
    "start": 1539075129612,
    "end": 1539075129612,
    "duration": 0,
    "pid": 10392,
    "index": 19
  },
  {
    "name": "Require(17) config/config.default.ts",
    "start": 1539075129613,
    "end": 1539075129613,
    "duration": 0,
    "pid": 10392,
    "index": 20
  },
  {
    "name": "Require(18) node_modules/egg-security/config/config.local.js",
    "start": 1539075129613,
    "end": 1539075129614,
    "duration": 1,
    "pid": 10392,
    "index": 21
  },
  {
    "name": "Require(19) node_modules/egg-watcher/config/config.local.js",
    "start": 1539075129614,
    "end": 1539075129614,
    "duration": 0,
    "pid": 10392,
    "index": 22
  },
  {
    "name": "Require(20) node_modules/egg-view/config/config.local.js",
    "start": 1539075129615,
    "end": 1539075129615,
    "duration": 0,
    "pid": 10392,
    "index": 23
  },
  {
    "name": "Require(21) node_modules/egg-view-nunjucks/config/config.local.js",
    "start": 1539075129616,
    "end": 1539075129616,
    "duration": 0,
    "pid": 10392,
    "index": 24
  },
  {
    "name": "Require(22) node_modules/egg/config/config.local.js",
    "start": 1539075129616,
    "end": 1539075129616,
    "duration": 0,
    "pid": 10392,
    "index": 25
  },
  {
    "name": "Require(23) config/config.local.ts",
    "start": 1539075129616,
    "end": 1539075129616,
    "duration": 0,
    "pid": 10392,
    "index": 26
  },
  {
    "name": "Load extend/application.js",
    "start": 1539075129617,
    "end": 1539075129652,
    "duration": 35,
    "pid": 10392,
    "index": 27
  },
  {
    "name": "Require(24) node_modules/egg-session/app/extend/application.js",
    "start": 1539075129618,
    "end": 1539075129618,
    "duration": 0,
    "pid": 10392,
    "index": 28
  },
  {
    "name": "Require(25) node_modules/egg-security/app/extend/application.js",
    "start": 1539075129618,
    "end": 1539075129619,
    "duration": 1,
    "pid": 10392,
    "index": 29
  },
  {
    "name": "Require(26) node_modules/egg-jsonp/app/extend/application.js",
    "start": 1539075129619,
    "end": 1539075129620,
    "duration": 1,
    "pid": 10392,
    "index": 30
  },
  {
    "name": "Require(27) node_modules/egg-logrotator/app/extend/application.js",
    "start": 1539075129621,
    "end": 1539075129622,
    "duration": 1,
    "pid": 10392,
    "index": 31
  },
  {
    "name": "Require(28) node_modules/egg-view/app/extend/application.js",
    "start": 1539075129622,
    "end": 1539075129623,
    "duration": 1,
    "pid": 10392,
    "index": 32
  },
  {
    "name": "Require(29) node_modules/egg-view-nunjucks/app/extend/application.js",
    "start": 1539075129623,
    "end": 1539075129650,
    "duration": 27,
    "pid": 10392,
    "index": 33
  },
  {
    "name": "Load extend/request.js",
    "start": 1539075129652,
    "end": 1539075129658,
    "duration": 6,
    "pid": 10392,
    "index": 34
  },
  {
    "name": "Require(30) node_modules/egg/app/extend/request.js",
    "start": 1539075129655,
    "end": 1539075129656,
    "duration": 1,
    "pid": 10392,
    "index": 35
  },
  {
    "name": "Load extend/response.js",
    "start": 1539075129658,
    "end": 1539075129662,
    "duration": 4,
    "pid": 10392,
    "index": 36
  },
  {
    "name": "Require(31) node_modules/egg/app/extend/response.js",
    "start": 1539075129659,
    "end": 1539075129660,
    "duration": 1,
    "pid": 10392,
    "index": 37
  },
  {
    "name": "Load extend/context.js",
    "start": 1539075129662,
    "end": 1539075129708,
    "duration": 46,
    "pid": 10392,
    "index": 38
  },
  {
    "name": "Require(32) node_modules/egg-security/app/extend/context.js",
    "start": 1539075129662,
    "end": 1539075129669,
    "duration": 7,
    "pid": 10392,
    "index": 39
  },
  {
    "name": "Require(33) node_modules/egg-jsonp/app/extend/context.js",
    "start": 1539075129669,
    "end": 1539075129670,
    "duration": 1,
    "pid": 10392,
    "index": 40
  },
  {
    "name": "Require(34) node_modules/egg-i18n/app/extend/context.js",
    "start": 1539075129670,
    "end": 1539075129671,
    "duration": 1,
    "pid": 10392,
    "index": 41
  },
  {
    "name": "Require(35) node_modules/egg-multipart/app/extend/context.js",
    "start": 1539075129671,
    "end": 1539075129703,
    "duration": 32,
    "pid": 10392,
    "index": 42
  },
  {
    "name": "Require(36) node_modules/egg-view/app/extend/context.js",
    "start": 1539075129703,
    "end": 1539075129704,
    "duration": 1,
    "pid": 10392,
    "index": 43
  },
  {
    "name": "Require(37) node_modules/egg-mongoose/app/extend/context.js",
    "start": 1539075129704,
    "end": 1539075129704,
    "duration": 0,
    "pid": 10392,
    "index": 44
  },
  {
    "name": "Require(38) node_modules/egg/app/extend/context.js",
    "start": 1539075129704,
    "end": 1539075129705,
    "duration": 1,
    "pid": 10392,
    "index": 45
  },
  {
    "name": "Load extend/helper.js",
    "start": 1539075129708,
    "end": 1539075129724,
    "duration": 16,
    "pid": 10392,
    "index": 46
  },
  {
    "name": "Require(39) node_modules/egg-security/app/extend/helper.js",
    "start": 1539075129708,
    "end": 1539075129721,
    "duration": 13,
    "pid": 10392,
    "index": 47
  },
  {
    "name": "Require(40) node_modules/egg/app/extend/helper.js",
    "start": 1539075129722,
    "end": 1539075129723,
    "duration": 1,
    "pid": 10392,
    "index": 48
  },
  {
    "name": "Load app.js",
    "start": 1539075129724,
    "end": 1539075129751,
    "duration": 27,
    "pid": 10392,
    "index": 49
  },
  {
    "name": "Require(41) node_modules/egg-session/app.js",
    "start": 1539075129725,
    "end": 1539075129725,
    "duration": 0,
    "pid": 10392,
    "index": 50
  },
  {
    "name": "Require(42) node_modules/egg-security/app.js",
    "start": 1539075129726,
    "end": 1539075129727,
    "duration": 1,
    "pid": 10392,
    "index": 51
  },
  {
    "name": "Require(43) node_modules/egg-onerror/app.js",
    "start": 1539075129727,
    "end": 1539075129734,
    "duration": 7,
    "pid": 10392,
    "index": 52
  },
  {
    "name": "Require(44) node_modules/egg-i18n/app.js",
    "start": 1539075129734,
    "end": 1539075129740,
    "duration": 6,
    "pid": 10392,
    "index": 53
  },
  {
    "name": "Require(45) node_modules/egg-watcher/app.js",
    "start": 1539075129740,
    "end": 1539075129745,
    "duration": 5,
    "pid": 10392,
    "index": 54
  },
  {
    "name": "Require(46) node_modules/egg-schedule/app.js",
    "start": 1539075129745,
    "end": 1539075129746,
    "duration": 1,
    "pid": 10392,
    "index": 55
  },
  {
    "name": "Require(47) node_modules/egg-multipart/app.js",
    "start": 1539075129747,
    "end": 1539075129748,
    "duration": 1,
    "pid": 10392,
    "index": 56
  },
  {
    "name": "Require(48) node_modules/egg-development/app.js",
    "start": 1539075129748,
    "end": 1539075129748,
    "duration": 0,
    "pid": 10392,
    "index": 57
  },
  {
    "name": "Require(49) node_modules/egg-logrotator/app.js",
    "start": 1539075129749,
    "end": 1539075129749,
    "duration": 0,
    "pid": 10392,
    "index": 58
  },
  {
    "name": "Require(50) node_modules/egg-static/app.js",
    "start": 1539075129749,
    "end": 1539075129749,
    "duration": 0,
    "pid": 10392,
    "index": 59
  },
  {
    "name": "Require(51) node_modules/egg-view-nunjucks/app.js",
    "start": 1539075129750,
    "end": 1539075129750,
    "duration": 0,
    "pid": 10392,
    "index": 60
  },
  {
    "name": "Require(52) node_modules/egg-mongoose/app.js",
    "start": 1539075129750,
    "end": 1539075129750,
    "duration": 0,
    "pid": 10392,
    "index": 61
  },
  {
    "name": "Before Start in node_modules/egg-watcher/lib/init.js:15:14",
    "start": 1539075129760,
    "end": 1539075131275,
    "duration": 1515,
    "pid": 10392,
    "index": 62
  },
  {
    "name": "Before Start in node_modules/egg-mongoose/lib/mongoose.js:77:7",
    "start": 1539075130081,
    "end": 1539075132276,
    "duration": 2195,
    "pid": 10392,
    "index": 63
  },
  {
    "name": "Before Start in node_modules/egg-mongoose/lib/mongoose.js:42:9",
    "start": 1539075130081,
    "end": 1539075131268,
    "duration": 1187,
    "pid": 10392,
    "index": 64
  },
  {
    "name": "Load Service",
    "start": 1539075130082,
    "end": 1539075130088,
    "duration": 6,
    "pid": 10392,
    "index": 65
  },
  {
    "name": "Load \"service\" to Context",
    "start": 1539075130082,
    "end": 1539075130088,
    "duration": 6,
    "pid": 10392,
    "index": 66
  },
  {
    "name": "Load Middleware",
    "start": 1539075130088,
    "end": 1539075130144,
    "duration": 56,
    "pid": 10392,
    "index": 67
  },
  {
    "name": "Load \"middlewares\" to Application",
    "start": 1539075130088,
    "end": 1539075130137,
    "duration": 49,
    "pid": 10392,
    "index": 68
  },
  {
    "name": "Load Controller",
    "start": 1539075130144,
    "end": 1539075131246,
    "duration": 1102,
    "pid": 10392,
    "index": 69
  },
  {
    "name": "Load \"controller\" to Application",
    "start": 1539075130144,
    "end": 1539075131246,
    "duration": 1102,
    "pid": 10392,
    "index": 70
  },
  {
    "name": "Load Router",
    "start": 1539075131246,
    "end": 1539075131248,
    "duration": 2,
    "pid": 10392,
    "index": 71
  },
  {
    "name": "Require(53) app/router.ts",
    "start": 1539075131246,
    "end": 1539075131247,
    "duration": 1,
    "pid": 10392,
    "index": 72
  },
  {
    "name": "Before Start in node_modules/egg-core/lib/egg.js:287:10",
    "start": 1539075131247,
    "end": 1539075131268,
    "duration": 21,
    "pid": 10392,
    "index": 73
  },
  {
    "name": "Load \"model\" to Application",
    "start": 1539075131257,
    "end": 1539075131267,
    "duration": 10,
    "pid": 10392,
    "index": 74
  }
]