[
  {
    "name": "Application Start",
    "start": 1539075162795,
    "end": 1539075165787,
    "duration": 2992,
    "pid": 9064,
    "index": 0
  },
  {
    "name": "Load Plugin",
    "start": 1539075162799,
    "end": 1539075162811,
    "duration": 12,
    "pid": 9064,
    "index": 1
  },
  {
    "name": "Load Config",
    "start": 1539075162811,
    "end": 1539075162827,
    "duration": 16,
    "pid": 9064,
    "index": 2
  },
  {
    "name": "Require(0) config/config.default.ts",
    "start": 1539075162811,
    "end": 1539075162812,
    "duration": 1,
    "pid": 9064,
    "index": 3
  },
  {
    "name": "Require(1) config/config.local.ts",
    "start": 1539075162814,
    "end": 1539075162814,
    "duration": 0,
    "pid": 9064,
    "index": 4
  },
  {
    "name": "Require(2) node_modules/egg-session/config/config.default.js",
    "start": 1539075162815,
    "end": 1539075162815,
    "duration": 0,
    "pid": 9064,
    "index": 5
  },
  {
    "name": "Require(3) node_modules/egg-security/config/config.default.js",
    "start": 1539075162815,
    "end": 1539075162815,
    "duration": 0,
    "pid": 9064,
    "index": 6
  },
  {
    "name": "Require(4) node_modules/egg-jsonp/config/config.default.js",
    "start": 1539075162816,
    "end": 1539075162816,
    "duration": 0,
    "pid": 9064,
    "index": 7
  },
  {
    "name": "Require(5) node_modules/egg-onerror/config/config.default.js",
    "start": 1539075162816,
    "end": 1539075162816,
    "duration": 0,
    "pid": 9064,
    "index": 8
  },
  {
    "name": "Require(6) node_modules/egg-i18n/config/config.default.js",
    "start": 1539075162817,
    "end": 1539075162817,
    "duration": 0,
    "pid": 9064,
    "index": 9
  },
  {
    "name": "Require(7) node_modules/egg-watcher/config/config.default.js",
    "start": 1539075162817,
    "end": 1539075162818,
    "duration": 1,
    "pid": 9064,
    "index": 10
  },
  {
    "name": "Require(8) node_modules/egg-schedule/config/config.default.js",
    "start": 1539075162818,
    "end": 1539075162818,
    "duration": 0,
    "pid": 9064,
    "index": 11
  },
  {
    "name": "Require(9) node_modules/egg-multipart/config/config.default.js",
    "start": 1539075162819,
    "end": 1539075162819,
    "duration": 0,
    "pid": 9064,
    "index": 12
  },
  {
    "name": "Require(10) node_modules/egg-development/config/config.default.js",
    "start": 1539075162819,
    "end": 1539075162820,
    "duration": 1,
    "pid": 9064,
    "index": 13
  },
  {
    "name": "Require(11) node_modules/egg-logrotator/config/config.default.js",
    "start": 1539075162820,
    "end": 1539075162820,
    "duration": 0,
    "pid": 9064,
    "index": 14
  },
  {
    "name": "Require(12) node_modules/egg-static/config/config.default.js",
    "start": 1539075162820,
    "end": 1539075162821,
    "duration": 1,
    "pid": 9064,
    "index": 15
  },
  {
    "name": "Require(13) node_modules/egg-view/config/config.default.js",
    "start": 1539075162821,
    "end": 1539075162821,
    "duration": 0,
    "pid": 9064,
    "index": 16
  },
  {
    "name": "Require(14) node_modules/egg-view-nunjucks/config/config.default.js",
    "start": 1539075162821,
    "end": 1539075162822,
    "duration": 1,
    "pid": 9064,
    "index": 17
  },
  {
    "name": "Require(15) node_modules/egg-mongoose/config/config.default.js",
    "start": 1539075162822,
    "end": 1539075162822,
    "duration": 0,
    "pid": 9064,
    "index": 18
  },
  {
    "name": "Require(16) node_modules/egg/config/config.default.js",
    "start": 1539075162822,
    "end": 1539075162823,
    "duration": 1,
    "pid": 9064,
    "index": 19
  },
  {
    "name": "Require(17) config/config.default.ts",
    "start": 1539075162824,
    "end": 1539075162824,
    "duration": 0,
    "pid": 9064,
    "index": 20
  },
  {
    "name": "Require(18) node_modules/egg-security/config/config.local.js",
    "start": 1539075162824,
    "end": 1539075162825,
    "duration": 1,
    "pid": 9064,
    "index": 21
  },
  {
    "name": "Require(19) node_modules/egg-watcher/config/config.local.js",
    "start": 1539075162825,
    "end": 1539075162825,
    "duration": 0,
    "pid": 9064,
    "index": 22
  },
  {
    "name": "Require(20) node_modules/egg-view/config/config.local.js",
    "start": 1539075162826,
    "end": 1539075162826,
    "duration": 0,
    "pid": 9064,
    "index": 23
  },
  {
    "name": "Require(21) node_modules/egg-view-nunjucks/config/config.local.js",
    "start": 1539075162826,
    "end": 1539075162827,
    "duration": 1,
    "pid": 9064,
    "index": 24
  },
  {
    "name": "Require(22) node_modules/egg/config/config.local.js",
    "start": 1539075162827,
    "end": 1539075162827,
    "duration": 0,
    "pid": 9064,
    "index": 25
  },
  {
    "name": "Require(23) config/config.local.ts",
    "start": 1539075162827,
    "end": 1539075162827,
    "duration": 0,
    "pid": 9064,
    "index": 26
  },
  {
    "name": "Load extend/application.js",
    "start": 1539075162828,
    "end": 1539075162862,
    "duration": 34,
    "pid": 9064,
    "index": 27
  },
  {
    "name": "Require(24) node_modules/egg-session/app/extend/application.js",
    "start": 1539075162829,
    "end": 1539075162829,
    "duration": 0,
    "pid": 9064,
    "index": 28
  },
  {
    "name": "Require(25) node_modules/egg-security/app/extend/application.js",
    "start": 1539075162829,
    "end": 1539075162830,
    "duration": 1,
    "pid": 9064,
    "index": 29
  },
  {
    "name": "Require(26) node_modules/egg-jsonp/app/extend/application.js",
    "start": 1539075162830,
    "end": 1539075162831,
    "duration": 1,
    "pid": 9064,
    "index": 30
  },
  {
    "name": "Require(27) node_modules/egg-logrotator/app/extend/application.js",
    "start": 1539075162832,
    "end": 1539075162833,
    "duration": 1,
    "pid": 9064,
    "index": 31
  },
  {
    "name": "Require(28) node_modules/egg-view/app/extend/application.js",
    "start": 1539075162833,
    "end": 1539075162834,
    "duration": 1,
    "pid": 9064,
    "index": 32
  },
  {
    "name": "Require(29) node_modules/egg-view-nunjucks/app/extend/application.js",
    "start": 1539075162834,
    "end": 1539075162860,
    "duration": 26,
    "pid": 9064,
    "index": 33
  },
  {
    "name": "Load extend/request.js",
    "start": 1539075162862,
    "end": 1539075162868,
    "duration": 6,
    "pid": 9064,
    "index": 34
  },
  {
    "name": "Require(30) node_modules/egg/app/extend/request.js",
    "start": 1539075162865,
    "end": 1539075162866,
    "duration": 1,
    "pid": 9064,
    "index": 35
  },
  {
    "name": "Load extend/response.js",
    "start": 1539075162868,
    "end": 1539075162873,
    "duration": 5,
    "pid": 9064,
    "index": 36
  },
  {
    "name": "Require(31) node_modules/egg/app/extend/response.js",
    "start": 1539075162870,
    "end": 1539075162871,
    "duration": 1,
    "pid": 9064,
    "index": 37
  },
  {
    "name": "Load extend/context.js",
    "start": 1539075162873,
    "end": 1539075162921,
    "duration": 48,
    "pid": 9064,
    "index": 38
  },
  {
    "name": "Require(32) node_modules/egg-security/app/extend/context.js",
    "start": 1539075162873,
    "end": 1539075162880,
    "duration": 7,
    "pid": 9064,
    "index": 39
  },
  {
    "name": "Require(33) node_modules/egg-jsonp/app/extend/context.js",
    "start": 1539075162880,
    "end": 1539075162882,
    "duration": 2,
    "pid": 9064,
    "index": 40
  },
  {
    "name": "Require(34) node_modules/egg-i18n/app/extend/context.js",
    "start": 1539075162883,
    "end": 1539075162883,
    "duration": 0,
    "pid": 9064,
    "index": 41
  },
  {
    "name": "Require(35) node_modules/egg-multipart/app/extend/context.js",
    "start": 1539075162884,
    "end": 1539075162916,
    "duration": 32,
    "pid": 9064,
    "index": 42
  },
  {
    "name": "Require(36) node_modules/egg-view/app/extend/context.js",
    "start": 1539075162917,
    "end": 1539075162918,
    "duration": 1,
    "pid": 9064,
    "index": 43
  },
  {
    "name": "Require(37) node_modules/egg-mongoose/app/extend/context.js",
    "start": 1539075162918,
    "end": 1539075162918,
    "duration": 0,
    "pid": 9064,
    "index": 44
  },
  {
    "name": "Require(38) node_modules/egg/app/extend/context.js",
    "start": 1539075162918,
    "end": 1539075162919,
    "duration": 1,
    "pid": 9064,
    "index": 45
  },
  {
    "name": "Load extend/helper.js",
    "start": 1539075162921,
    "end": 1539075162935,
    "duration": 14,
    "pid": 9064,
    "index": 46
  },
  {
    "name": "Require(39) node_modules/egg-security/app/extend/helper.js",
    "start": 1539075162922,
    "end": 1539075162932,
    "duration": 10,
    "pid": 9064,
    "index": 47
  },
  {
    "name": "Require(40) node_modules/egg/app/extend/helper.js",
    "start": 1539075162933,
    "end": 1539075162933,
    "duration": 0,
    "pid": 9064,
    "index": 48
  },
  {
    "name": "Load app.js",
    "start": 1539075162935,
    "end": 1539075162961,
    "duration": 26,
    "pid": 9064,
    "index": 49
  },
  {
    "name": "Require(41) node_modules/egg-session/app.js",
    "start": 1539075162936,
    "end": 1539075162936,
    "duration": 0,
    "pid": 9064,
    "index": 50
  },
  {
    "name": "Require(42) node_modules/egg-security/app.js",
    "start": 1539075162936,
    "end": 1539075162937,
    "duration": 1,
    "pid": 9064,
    "index": 51
  },
  {
    "name": "Require(43) node_modules/egg-onerror/app.js",
    "start": 1539075162937,
    "end": 1539075162944,
    "duration": 7,
    "pid": 9064,
    "index": 52
  },
  {
    "name": "Require(44) node_modules/egg-i18n/app.js",
    "start": 1539075162944,
    "end": 1539075162950,
    "duration": 6,
    "pid": 9064,
    "index": 53
  },
  {
    "name": "Require(45) node_modules/egg-watcher/app.js",
    "start": 1539075162951,
    "end": 1539075162955,
    "duration": 4,
    "pid": 9064,
    "index": 54
  },
  {
    "name": "Require(46) node_modules/egg-schedule/app.js",
    "start": 1539075162955,
    "end": 1539075162956,
    "duration": 1,
    "pid": 9064,
    "index": 55
  },
  {
    "name": "Require(47) node_modules/egg-multipart/app.js",
    "start": 1539075162956,
    "end": 1539075162958,
    "duration": 2,
    "pid": 9064,
    "index": 56
  },
  {
    "name": "Require(48) node_modules/egg-development/app.js",
    "start": 1539075162958,
    "end": 1539075162958,
    "duration": 0,
    "pid": 9064,
    "index": 57
  },
  {
    "name": "Require(49) node_modules/egg-logrotator/app.js",
    "start": 1539075162959,
    "end": 1539075162959,
    "duration": 0,
    "pid": 9064,
    "index": 58
  },
  {
    "name": "Require(50) node_modules/egg-static/app.js",
    "start": 1539075162959,
    "end": 1539075162959,
    "duration": 0,
    "pid": 9064,
    "index": 59
  },
  {
    "name": "Require(51) node_modules/egg-view-nunjucks/app.js",
    "start": 1539075162960,
    "end": 1539075162960,
    "duration": 0,
    "pid": 9064,
    "index": 60
  },
  {
    "name": "Require(52) node_modules/egg-mongoose/app.js",
    "start": 1539075162960,
    "end": 1539075162960,
    "duration": 0,
    "pid": 9064,
    "index": 61
  },
  {
    "name": "Before Start in node_modules/egg-watcher/lib/init.js:15:14",
    "start": 1539075162970,
    "end": 1539075164787,
    "duration": 1817,
    "pid": 9064,
    "index": 62
  },
  {
    "name": "Before Start in node_modules/egg-mongoose/lib/mongoose.js:77:7",
    "start": 1539075163311,
    "end": 1539075165787,
    "duration": 2476,
    "pid": 9064,
    "index": 63
  },
  {
    "name": "Before Start in node_modules/egg-mongoose/lib/mongoose.js:42:9",
    "start": 1539075163311,
    "end": 1539075164773,
    "duration": 1462,
    "pid": 9064,
    "index": 64
  },
  {
    "name": "Load Service",
    "start": 1539075163311,
    "end": 1539075163318,
    "duration": 7,
    "pid": 9064,
    "index": 65
  },
  {
    "name": "Load \"service\" to Context",
    "start": 1539075163312,
    "end": 1539075163318,
    "duration": 6,
    "pid": 9064,
    "index": 66
  },
  {
    "name": "Load Middleware",
    "start": 1539075163318,
    "end": 1539075163375,
    "duration": 57,
    "pid": 9064,
    "index": 67
  },
  {
    "name": "Load \"middlewares\" to Application",
    "start": 1539075163318,
    "end": 1539075163367,
    "duration": 49,
    "pid": 9064,
    "index": 68
  },
  {
    "name": "Load Controller",
    "start": 1539075163375,
    "end": 1539075164732,
    "duration": 1357,
    "pid": 9064,
    "index": 69
  },
  {
    "name": "Load \"controller\" to Application",
    "start": 1539075163375,
    "end": 1539075164732,
    "duration": 1357,
    "pid": 9064,
    "index": 70
  },
  {
    "name": "Load Router",
    "start": 1539075164732,
    "end": 1539075164737,
    "duration": 5,
    "pid": 9064,
    "index": 71
  },
  {
    "name": "Require(53) app/router.ts",
    "start": 1539075164733,
    "end": 1539075164733,
    "duration": 0,
    "pid": 9064,
    "index": 72
  },
  {
    "name": "Before Start in node_modules/egg-core/lib/egg.js:287:10",
    "start": 1539075164734,
    "end": 1539075164773,
    "duration": 39,
    "pid": 9064,
    "index": 73
  },
  {
    "name": "Load \"model\" to Application",
    "start": 1539075164750,
    "end": 1539075164772,
    "duration": 22,
    "pid": 9064,
    "index": 74
  }
]