[
  {
    "name": "Application Start",
    "start": 1539077908092,
    "end": 1539077910893,
    "duration": 2801,
    "pid": 8772,
    "index": 0
  },
  {
    "name": "Load Plugin",
    "start": 1539077908096,
    "end": 1539077908110,
    "duration": 14,
    "pid": 8772,
    "index": 1
  },
  {
    "name": "Load Config",
    "start": 1539077908110,
    "end": 1539077909153,
    "duration": 1043,
    "pid": 8772,
    "index": 2
  },
  {
    "name": "Require(0) config/config.default.ts",
    "start": 1539077908110,
    "end": 1539077909137,
    "duration": 1027,
    "pid": 8772,
    "index": 3
  },
  {
    "name": "Require(1) config/config.local.ts",
    "start": 1539077909139,
    "end": 1539077909139,
    "duration": 0,
    "pid": 8772,
    "index": 4
  },
  {
    "name": "Require(2) node_modules/egg-session/config/config.default.js",
    "start": 1539077909140,
    "end": 1539077909140,
    "duration": 0,
    "pid": 8772,
    "index": 5
  },
  {
    "name": "Require(3) node_modules/egg-security/config/config.default.js",
    "start": 1539077909140,
    "end": 1539077909140,
    "duration": 0,
    "pid": 8772,
    "index": 6
  },
  {
    "name": "Require(4) node_modules/egg-jsonp/config/config.default.js",
    "start": 1539077909141,
    "end": 1539077909141,
    "duration": 0,
    "pid": 8772,
    "index": 7
  },
  {
    "name": "Require(5) node_modules/egg-onerror/config/config.default.js",
    "start": 1539077909141,
    "end": 1539077909142,
    "duration": 1,
    "pid": 8772,
    "index": 8
  },
  {
    "name": "Require(6) node_modules/egg-i18n/config/config.default.js",
    "start": 1539077909142,
    "end": 1539077909142,
    "duration": 0,
    "pid": 8772,
    "index": 9
  },
  {
    "name": "Require(7) node_modules/egg-watcher/config/config.default.js",
    "start": 1539077909142,
    "end": 1539077909142,
    "duration": 0,
    "pid": 8772,
    "index": 10
  },
  {
    "name": "Require(8) node_modules/egg-schedule/config/config.default.js",
    "start": 1539077909143,
    "end": 1539077909143,
    "duration": 0,
    "pid": 8772,
    "index": 11
  },
  {
    "name": "Require(9) node_modules/egg-multipart/config/config.default.js",
    "start": 1539077909143,
    "end": 1539077909143,
    "duration": 0,
    "pid": 8772,
    "index": 12
  },
  {
    "name": "Require(10) node_modules/egg-development/config/config.default.js",
    "start": 1539077909144,
    "end": 1539077909144,
    "duration": 0,
    "pid": 8772,
    "index": 13
  },
  {
    "name": "Require(11) node_modules/egg-logrotator/config/config.default.js",
    "start": 1539077909144,
    "end": 1539077909144,
    "duration": 0,
    "pid": 8772,
    "index": 14
  },
  {
    "name": "Require(12) node_modules/egg-static/config/config.default.js",
    "start": 1539077909145,
    "end": 1539077909145,
    "duration": 0,
    "pid": 8772,
    "index": 15
  },
  {
    "name": "Require(13) node_modules/egg-view/config/config.default.js",
    "start": 1539077909145,
    "end": 1539077909145,
    "duration": 0,
    "pid": 8772,
    "index": 16
  },
  {
    "name": "Require(14) node_modules/egg-view-nunjucks/config/config.default.js",
    "start": 1539077909146,
    "end": 1539077909146,
    "duration": 0,
    "pid": 8772,
    "index": 17
  },
  {
    "name": "Require(15) node_modules/egg-mongoose/config/config.default.js",
    "start": 1539077909146,
    "end": 1539077909146,
    "duration": 0,
    "pid": 8772,
    "index": 18
  },
  {
    "name": "Require(16) node_modules/egg/config/config.default.js",
    "start": 1539077909147,
    "end": 1539077909147,
    "duration": 0,
    "pid": 8772,
    "index": 19
  },
  {
    "name": "Require(17) config/config.default.ts",
    "start": 1539077909148,
    "end": 1539077909148,
    "duration": 0,
    "pid": 8772,
    "index": 20
  },
  {
    "name": "Require(18) node_modules/egg-security/config/config.local.js",
    "start": 1539077909148,
    "end": 1539077909149,
    "duration": 1,
    "pid": 8772,
    "index": 21
  },
  {
    "name": "Require(19) node_modules/egg-watcher/config/config.local.js",
    "start": 1539077909149,
    "end": 1539077909150,
    "duration": 1,
    "pid": 8772,
    "index": 22
  },
  {
    "name": "Require(20) node_modules/egg-view/config/config.local.js",
    "start": 1539077909151,
    "end": 1539077909151,
    "duration": 0,
    "pid": 8772,
    "index": 23
  },
  {
    "name": "Require(21) node_modules/egg-view-nunjucks/config/config.local.js",
    "start": 1539077909151,
    "end": 1539077909151,
    "duration": 0,
    "pid": 8772,
    "index": 24
  },
  {
    "name": "Require(22) node_modules/egg/config/config.local.js",
    "start": 1539077909152,
    "end": 1539077909152,
    "duration": 0,
    "pid": 8772,
    "index": 25
  },
  {
    "name": "Require(23) config/config.local.ts",
    "start": 1539077909153,
    "end": 1539077909153,
    "duration": 0,
    "pid": 8772,
    "index": 26
  },
  {
    "name": "Load extend/application.js",
    "start": 1539077909156,
    "end": 1539077909192,
    "duration": 36,
    "pid": 8772,
    "index": 27
  },
  {
    "name": "Require(24) node_modules/egg-session/app/extend/application.js",
    "start": 1539077909156,
    "end": 1539077909156,
    "duration": 0,
    "pid": 8772,
    "index": 28
  },
  {
    "name": "Require(25) node_modules/egg-security/app/extend/application.js",
    "start": 1539077909157,
    "end": 1539077909157,
    "duration": 0,
    "pid": 8772,
    "index": 29
  },
  {
    "name": "Require(26) node_modules/egg-jsonp/app/extend/application.js",
    "start": 1539077909158,
    "end": 1539077909158,
    "duration": 0,
    "pid": 8772,
    "index": 30
  },
  {
    "name": "Require(27) node_modules/egg-logrotator/app/extend/application.js",
    "start": 1539077909159,
    "end": 1539077909160,
    "duration": 1,
    "pid": 8772,
    "index": 31
  },
  {
    "name": "Require(28) node_modules/egg-view/app/extend/application.js",
    "start": 1539077909161,
    "end": 1539077909161,
    "duration": 0,
    "pid": 8772,
    "index": 32
  },
  {
    "name": "Require(29) node_modules/egg-view-nunjucks/app/extend/application.js",
    "start": 1539077909162,
    "end": 1539077909190,
    "duration": 28,
    "pid": 8772,
    "index": 33
  },
  {
    "name": "Load extend/request.js",
    "start": 1539077909192,
    "end": 1539077909197,
    "duration": 5,
    "pid": 8772,
    "index": 34
  },
  {
    "name": "Require(30) node_modules/egg/app/extend/request.js",
    "start": 1539077909194,
    "end": 1539077909195,
    "duration": 1,
    "pid": 8772,
    "index": 35
  },
  {
    "name": "Load extend/response.js",
    "start": 1539077909197,
    "end": 1539077909202,
    "duration": 5,
    "pid": 8772,
    "index": 36
  },
  {
    "name": "Require(31) node_modules/egg/app/extend/response.js",
    "start": 1539077909198,
    "end": 1539077909199,
    "duration": 1,
    "pid": 8772,
    "index": 37
  },
  {
    "name": "Load extend/context.js",
    "start": 1539077909202,
    "end": 1539077909263,
    "duration": 61,
    "pid": 8772,
    "index": 38
  },
  {
    "name": "Require(32) node_modules/egg-security/app/extend/context.js",
    "start": 1539077909202,
    "end": 1539077909210,
    "duration": 8,
    "pid": 8772,
    "index": 39
  },
  {
    "name": "Require(33) node_modules/egg-jsonp/app/extend/context.js",
    "start": 1539077909210,
    "end": 1539077909210,
    "duration": 0,
    "pid": 8772,
    "index": 40
  },
  {
    "name": "Require(34) node_modules/egg-i18n/app/extend/context.js",
    "start": 1539077909211,
    "end": 1539077909211,
    "duration": 0,
    "pid": 8772,
    "index": 41
  },
  {
    "name": "Require(35) node_modules/egg-multipart/app/extend/context.js",
    "start": 1539077909212,
    "end": 1539077909258,
    "duration": 46,
    "pid": 8772,
    "index": 42
  },
  {
    "name": "Require(36) node_modules/egg-view/app/extend/context.js",
    "start": 1539077909259,
    "end": 1539077909259,
    "duration": 0,
    "pid": 8772,
    "index": 43
  },
  {
    "name": "Require(37) node_modules/egg-mongoose/app/extend/context.js",
    "start": 1539077909260,
    "end": 1539077909260,
    "duration": 0,
    "pid": 8772,
    "index": 44
  },
  {
    "name": "Require(38) node_modules/egg/app/extend/context.js",
    "start": 1539077909260,
    "end": 1539077909261,
    "duration": 1,
    "pid": 8772,
    "index": 45
  },
  {
    "name": "Load extend/helper.js",
    "start": 1539077909263,
    "end": 1539077909283,
    "duration": 20,
    "pid": 8772,
    "index": 46
  },
  {
    "name": "Require(39) node_modules/egg-security/app/extend/helper.js",
    "start": 1539077909264,
    "end": 1539077909278,
    "duration": 14,
    "pid": 8772,
    "index": 47
  },
  {
    "name": "Require(40) node_modules/egg/app/extend/helper.js",
    "start": 1539077909280,
    "end": 1539077909280,
    "duration": 0,
    "pid": 8772,
    "index": 48
  },
  {
    "name": "Load app.js",
    "start": 1539077909283,
    "end": 1539077909319,
    "duration": 36,
    "pid": 8772,
    "index": 49
  },
  {
    "name": "Require(41) node_modules/egg-session/app.js",
    "start": 1539077909284,
    "end": 1539077909284,
    "duration": 0,
    "pid": 8772,
    "index": 50
  },
  {
    "name": "Require(42) node_modules/egg-security/app.js",
    "start": 1539077909284,
    "end": 1539077909286,
    "duration": 2,
    "pid": 8772,
    "index": 51
  },
  {
    "name": "Require(43) node_modules/egg-onerror/app.js",
    "start": 1539077909286,
    "end": 1539077909297,
    "duration": 11,
    "pid": 8772,
    "index": 52
  },
  {
    "name": "Require(44) node_modules/egg-i18n/app.js",
    "start": 1539077909297,
    "end": 1539077909306,
    "duration": 9,
    "pid": 8772,
    "index": 53
  },
  {
    "name": "Require(45) node_modules/egg-watcher/app.js",
    "start": 1539077909306,
    "end": 1539077909309,
    "duration": 3,
    "pid": 8772,
    "index": 54
  },
  {
    "name": "Require(46) node_modules/egg-schedule/app.js",
    "start": 1539077909309,
    "end": 1539077909310,
    "duration": 1,
    "pid": 8772,
    "index": 55
  },
  {
    "name": "Require(47) node_modules/egg-multipart/app.js",
    "start": 1539077909311,
    "end": 1539077909313,
    "duration": 2,
    "pid": 8772,
    "index": 56
  },
  {
    "name": "Require(48) node_modules/egg-development/app.js",
    "start": 1539077909314,
    "end": 1539077909314,
    "duration": 0,
    "pid": 8772,
    "index": 57
  },
  {
    "name": "Require(49) node_modules/egg-logrotator/app.js",
    "start": 1539077909314,
    "end": 1539077909314,
    "duration": 0,
    "pid": 8772,
    "index": 58
  },
  {
    "name": "Require(50) node_modules/egg-static/app.js",
    "start": 1539077909315,
    "end": 1539077909316,
    "duration": 1,
    "pid": 8772,
    "index": 59
  },
  {
    "name": "Require(51) node_modules/egg-view-nunjucks/app.js",
    "start": 1539077909317,
    "end": 1539077909317,
    "duration": 0,
    "pid": 8772,
    "index": 60
  },
  {
    "name": "Require(52) node_modules/egg-mongoose/app.js",
    "start": 1539077909318,
    "end": 1539077909318,
    "duration": 0,
    "pid": 8772,
    "index": 61
  },
  {
    "name": "Before Start in node_modules/egg-watcher/lib/init.js:15:14",
    "start": 1539077909331,
    "end": 1539077909885,
    "duration": 554,
    "pid": 8772,
    "index": 62
  },
  {
    "name": "Before Start in node_modules/egg-mongoose/lib/mongoose.js:77:7",
    "start": 1539077909738,
    "end": 1539077910893,
    "duration": 1155,
    "pid": 8772,
    "index": 63
  },
  {
    "name": "Before Start in node_modules/egg-mongoose/lib/mongoose.js:42:9",
    "start": 1539077909739,
    "end": 1539077909879,
    "duration": 140,
    "pid": 8772,
    "index": 64
  },
  {
    "name": "Load Service",
    "start": 1539077909739,
    "end": 1539077909802,
    "duration": 63,
    "pid": 8772,
    "index": 65
  },
  {
    "name": "Load \"service\" to Context",
    "start": 1539077909739,
    "end": 1539077909802,
    "duration": 63,
    "pid": 8772,
    "index": 66
  },
  {
    "name": "Load Middleware",
    "start": 1539077909802,
    "end": 1539077909851,
    "duration": 49,
    "pid": 8772,
    "index": 67
  },
  {
    "name": "Load \"middlewares\" to Application",
    "start": 1539077909802,
    "end": 1539077909844,
    "duration": 42,
    "pid": 8772,
    "index": 68
  },
  {
    "name": "Load Controller",
    "start": 1539077909851,
    "end": 1539077909854,
    "duration": 3,
    "pid": 8772,
    "index": 69
  },
  {
    "name": "Load \"controller\" to Application",
    "start": 1539077909851,
    "end": 1539077909854,
    "duration": 3,
    "pid": 8772,
    "index": 70
  },
  {
    "name": "Load Router",
    "start": 1539077909854,
    "end": 1539077909856,
    "duration": 2,
    "pid": 8772,
    "index": 71
  },
  {
    "name": "Require(53) app/router.ts",
    "start": 1539077909854,
    "end": 1539077909855,
    "duration": 1,
    "pid": 8772,
    "index": 72
  },
  {
    "name": "Before Start in node_modules/egg-core/lib/egg.js:287:10",
    "start": 1539077909855,
    "end": 1539077909879,
    "duration": 24,
    "pid": 8772,
    "index": 73
  },
  {
    "name": "Load \"model\" to Application",
    "start": 1539077909867,
    "end": 1539077909878,
    "duration": 11,
    "pid": 8772,
    "index": 74
  }
]