[
  {
    "name": "Application Start",
    "start": 1539077051863,
    "end": 1539077053508,
    "duration": 1645,
    "pid": 15664,
    "index": 0
  },
  {
    "name": "Load Plugin",
    "start": 1539077051867,
    "end": 1539077051879,
    "duration": 12,
    "pid": 15664,
    "index": 1
  },
  {
    "name": "Load Config",
    "start": 1539077051879,
    "end": 1539077051898,
    "duration": 19,
    "pid": 15664,
    "index": 2
  },
  {
    "name": "Require(0) config/config.default.ts",
    "start": 1539077051880,
    "end": 1539077051881,
    "duration": 1,
    "pid": 15664,
    "index": 3
  },
  {
    "name": "Require(1) config/config.local.ts",
    "start": 1539077051882,
    "end": 1539077051882,
    "duration": 0,
    "pid": 15664,
    "index": 4
  },
  {
    "name": "Require(2) node_modules/egg-session/config/config.default.js",
    "start": 1539077051883,
    "end": 1539077051883,
    "duration": 0,
    "pid": 15664,
    "index": 5
  },
  {
    "name": "Require(3) node_modules/egg-security/config/config.default.js",
    "start": 1539077051884,
    "end": 1539077051884,
    "duration": 0,
    "pid": 15664,
    "index": 6
  },
  {
    "name": "Require(4) node_modules/egg-jsonp/config/config.default.js",
    "start": 1539077051885,
    "end": 1539077051885,
    "duration": 0,
    "pid": 15664,
    "index": 7
  },
  {
    "name": "Require(5) node_modules/egg-onerror/config/config.default.js",
    "start": 1539077051885,
    "end": 1539077051886,
    "duration": 1,
    "pid": 15664,
    "index": 8
  },
  {
    "name": "Require(6) node_modules/egg-i18n/config/config.default.js",
    "start": 1539077051886,
    "end": 1539077051887,
    "duration": 1,
    "pid": 15664,
    "index": 9
  },
  {
    "name": "Require(7) node_modules/egg-watcher/config/config.default.js",
    "start": 1539077051887,
    "end": 1539077051888,
    "duration": 1,
    "pid": 15664,
    "index": 10
  },
  {
    "name": "Require(8) node_modules/egg-schedule/config/config.default.js",
    "start": 1539077051888,
    "end": 1539077051889,
    "duration": 1,
    "pid": 15664,
    "index": 11
  },
  {
    "name": "Require(9) node_modules/egg-multipart/config/config.default.js",
    "start": 1539077051889,
    "end": 1539077051889,
    "duration": 0,
    "pid": 15664,
    "index": 12
  },
  {
    "name": "Require(10) node_modules/egg-development/config/config.default.js",
    "start": 1539077051890,
    "end": 1539077051890,
    "duration": 0,
    "pid": 15664,
    "index": 13
  },
  {
    "name": "Require(11) node_modules/egg-logrotator/config/config.default.js",
    "start": 1539077051890,
    "end": 1539077051890,
    "duration": 0,
    "pid": 15664,
    "index": 14
  },
  {
    "name": "Require(12) node_modules/egg-static/config/config.default.js",
    "start": 1539077051890,
    "end": 1539077051891,
    "duration": 1,
    "pid": 15664,
    "index": 15
  },
  {
    "name": "Require(13) node_modules/egg-view/config/config.default.js",
    "start": 1539077051891,
    "end": 1539077051891,
    "duration": 0,
    "pid": 15664,
    "index": 16
  },
  {
    "name": "Require(14) node_modules/egg-view-nunjucks/config/config.default.js",
    "start": 1539077051892,
    "end": 1539077051892,
    "duration": 0,
    "pid": 15664,
    "index": 17
  },
  {
    "name": "Require(15) node_modules/egg-mongoose/config/config.default.js",
    "start": 1539077051892,
    "end": 1539077051892,
    "duration": 0,
    "pid": 15664,
    "index": 18
  },
  {
    "name": "Require(16) node_modules/egg/config/config.default.js",
    "start": 1539077051892,
    "end": 1539077051893,
    "duration": 1,
    "pid": 15664,
    "index": 19
  },
  {
    "name": "Require(17) config/config.default.ts",
    "start": 1539077051894,
    "end": 1539077051894,
    "duration": 0,
    "pid": 15664,
    "index": 20
  },
  {
    "name": "Require(18) node_modules/egg-security/config/config.local.js",
    "start": 1539077051895,
    "end": 1539077051895,
    "duration": 0,
    "pid": 15664,
    "index": 21
  },
  {
    "name": "Require(19) node_modules/egg-watcher/config/config.local.js",
    "start": 1539077051896,
    "end": 1539077051896,
    "duration": 0,
    "pid": 15664,
    "index": 22
  },
  {
    "name": "Require(20) node_modules/egg-view/config/config.local.js",
    "start": 1539077051897,
    "end": 1539077051897,
    "duration": 0,
    "pid": 15664,
    "index": 23
  },
  {
    "name": "Require(21) node_modules/egg-view-nunjucks/config/config.local.js",
    "start": 1539077051897,
    "end": 1539077051898,
    "duration": 1,
    "pid": 15664,
    "index": 24
  },
  {
    "name": "Require(22) node_modules/egg/config/config.local.js",
    "start": 1539077051898,
    "end": 1539077051898,
    "duration": 0,
    "pid": 15664,
    "index": 25
  },
  {
    "name": "Require(23) config/config.local.ts",
    "start": 1539077051898,
    "end": 1539077051898,
    "duration": 0,
    "pid": 15664,
    "index": 26
  },
  {
    "name": "Load extend/application.js",
    "start": 1539077051900,
    "end": 1539077051933,
    "duration": 33,
    "pid": 15664,
    "index": 27
  },
  {
    "name": "Require(24) node_modules/egg-session/app/extend/application.js",
    "start": 1539077051900,
    "end": 1539077051900,
    "duration": 0,
    "pid": 15664,
    "index": 28
  },
  {
    "name": "Require(25) node_modules/egg-security/app/extend/application.js",
    "start": 1539077051901,
    "end": 1539077051901,
    "duration": 0,
    "pid": 15664,
    "index": 29
  },
  {
    "name": "Require(26) node_modules/egg-jsonp/app/extend/application.js",
    "start": 1539077051901,
    "end": 1539077051902,
    "duration": 1,
    "pid": 15664,
    "index": 30
  },
  {
    "name": "Require(27) node_modules/egg-logrotator/app/extend/application.js",
    "start": 1539077051903,
    "end": 1539077051904,
    "duration": 1,
    "pid": 15664,
    "index": 31
  },
  {
    "name": "Require(28) node_modules/egg-view/app/extend/application.js",
    "start": 1539077051904,
    "end": 1539077051905,
    "duration": 1,
    "pid": 15664,
    "index": 32
  },
  {
    "name": "Require(29) node_modules/egg-view-nunjucks/app/extend/application.js",
    "start": 1539077051905,
    "end": 1539077051930,
    "duration": 25,
    "pid": 15664,
    "index": 33
  },
  {
    "name": "Load extend/request.js",
    "start": 1539077051933,
    "end": 1539077051937,
    "duration": 4,
    "pid": 15664,
    "index": 34
  },
  {
    "name": "Require(30) node_modules/egg/app/extend/request.js",
    "start": 1539077051934,
    "end": 1539077051935,
    "duration": 1,
    "pid": 15664,
    "index": 35
  },
  {
    "name": "Load extend/response.js",
    "start": 1539077051937,
    "end": 1539077051942,
    "duration": 5,
    "pid": 15664,
    "index": 36
  },
  {
    "name": "Require(31) node_modules/egg/app/extend/response.js",
    "start": 1539077051939,
    "end": 1539077051940,
    "duration": 1,
    "pid": 15664,
    "index": 37
  },
  {
    "name": "Load extend/context.js",
    "start": 1539077051942,
    "end": 1539077051988,
    "duration": 46,
    "pid": 15664,
    "index": 38
  },
  {
    "name": "Require(32) node_modules/egg-security/app/extend/context.js",
    "start": 1539077051942,
    "end": 1539077051951,
    "duration": 9,
    "pid": 15664,
    "index": 39
  },
  {
    "name": "Require(33) node_modules/egg-jsonp/app/extend/context.js",
    "start": 1539077051951,
    "end": 1539077051952,
    "duration": 1,
    "pid": 15664,
    "index": 40
  },
  {
    "name": "Require(34) node_modules/egg-i18n/app/extend/context.js",
    "start": 1539077051952,
    "end": 1539077051953,
    "duration": 1,
    "pid": 15664,
    "index": 41
  },
  {
    "name": "Require(35) node_modules/egg-multipart/app/extend/context.js",
    "start": 1539077051954,
    "end": 1539077051984,
    "duration": 30,
    "pid": 15664,
    "index": 42
  },
  {
    "name": "Require(36) node_modules/egg-view/app/extend/context.js",
    "start": 1539077051984,
    "end": 1539077051985,
    "duration": 1,
    "pid": 15664,
    "index": 43
  },
  {
    "name": "Require(37) node_modules/egg-mongoose/app/extend/context.js",
    "start": 1539077051985,
    "end": 1539077051985,
    "duration": 0,
    "pid": 15664,
    "index": 44
  },
  {
    "name": "Require(38) node_modules/egg/app/extend/context.js",
    "start": 1539077051986,
    "end": 1539077051986,
    "duration": 0,
    "pid": 15664,
    "index": 45
  },
  {
    "name": "Load extend/helper.js",
    "start": 1539077051988,
    "end": 1539077052002,
    "duration": 14,
    "pid": 15664,
    "index": 46
  },
  {
    "name": "Require(39) node_modules/egg-security/app/extend/helper.js",
    "start": 1539077051989,
    "end": 1539077051999,
    "duration": 10,
    "pid": 15664,
    "index": 47
  },
  {
    "name": "Require(40) node_modules/egg/app/extend/helper.js",
    "start": 1539077052000,
    "end": 1539077052000,
    "duration": 0,
    "pid": 15664,
    "index": 48
  },
  {
    "name": "Load app.js",
    "start": 1539077052003,
    "end": 1539077052030,
    "duration": 27,
    "pid": 15664,
    "index": 49
  },
  {
    "name": "Require(41) node_modules/egg-session/app.js",
    "start": 1539077052003,
    "end": 1539077052003,
    "duration": 0,
    "pid": 15664,
    "index": 50
  },
  {
    "name": "Require(42) node_modules/egg-security/app.js",
    "start": 1539077052004,
    "end": 1539077052005,
    "duration": 1,
    "pid": 15664,
    "index": 51
  },
  {
    "name": "Require(43) node_modules/egg-onerror/app.js",
    "start": 1539077052005,
    "end": 1539077052012,
    "duration": 7,
    "pid": 15664,
    "index": 52
  },
  {
    "name": "Require(44) node_modules/egg-i18n/app.js",
    "start": 1539077052013,
    "end": 1539077052019,
    "duration": 6,
    "pid": 15664,
    "index": 53
  },
  {
    "name": "Require(45) node_modules/egg-watcher/app.js",
    "start": 1539077052019,
    "end": 1539077052024,
    "duration": 5,
    "pid": 15664,
    "index": 54
  },
  {
    "name": "Require(46) node_modules/egg-schedule/app.js",
    "start": 1539077052024,
    "end": 1539077052025,
    "duration": 1,
    "pid": 15664,
    "index": 55
  },
  {
    "name": "Require(47) node_modules/egg-multipart/app.js",
    "start": 1539077052025,
    "end": 1539077052027,
    "duration": 2,
    "pid": 15664,
    "index": 56
  },
  {
    "name": "Require(48) node_modules/egg-development/app.js",
    "start": 1539077052027,
    "end": 1539077052027,
    "duration": 0,
    "pid": 15664,
    "index": 57
  },
  {
    "name": "Require(49) node_modules/egg-logrotator/app.js",
    "start": 1539077052028,
    "end": 1539077052028,
    "duration": 0,
    "pid": 15664,
    "index": 58
  },
  {
    "name": "Require(50) node_modules/egg-static/app.js",
    "start": 1539077052028,
    "end": 1539077052028,
    "duration": 0,
    "pid": 15664,
    "index": 59
  },
  {
    "name": "Require(51) node_modules/egg-view-nunjucks/app.js",
    "start": 1539077052028,
    "end": 1539077052029,
    "duration": 1,
    "pid": 15664,
    "index": 60
  },
  {
    "name": "Require(52) node_modules/egg-mongoose/app.js",
    "start": 1539077052029,
    "end": 1539077052029,
    "duration": 0,
    "pid": 15664,
    "index": 61
  },
  {
    "name": "Before Start in node_modules/egg-watcher/lib/init.js:15:14",
    "start": 1539077052040,
    "end": 1539077052509,
    "duration": 469,
    "pid": 15664,
    "index": 62
  },
  {
    "name": "Before Start in node_modules/egg-mongoose/lib/mongoose.js:77:7",
    "start": 1539077052366,
    "end": 1539077053507,
    "duration": 1141,
    "pid": 15664,
    "index": 63
  },
  {
    "name": "Before Start in node_modules/egg-mongoose/lib/mongoose.js:42:9",
    "start": 1539077052366,
    "end": 1539077052465,
    "duration": 99,
    "pid": 15664,
    "index": 64
  },
  {
    "name": "Load Service",
    "start": 1539077052366,
    "end": 1539077052373,
    "duration": 7,
    "pid": 15664,
    "index": 65
  },
  {
    "name": "Load \"service\" to Context",
    "start": 1539077052367,
    "end": 1539077052373,
    "duration": 6,
    "pid": 15664,
    "index": 66
  },
  {
    "name": "Load Middleware",
    "start": 1539077052373,
    "end": 1539077052433,
    "duration": 60,
    "pid": 15664,
    "index": 67
  },
  {
    "name": "Load \"middlewares\" to Application",
    "start": 1539077052373,
    "end": 1539077052424,
    "duration": 51,
    "pid": 15664,
    "index": 68
  },
  {
    "name": "Load Controller",
    "start": 1539077052433,
    "end": 1539077052436,
    "duration": 3,
    "pid": 15664,
    "index": 69
  },
  {
    "name": "Load \"controller\" to Application",
    "start": 1539077052433,
    "end": 1539077052436,
    "duration": 3,
    "pid": 15664,
    "index": 70
  },
  {
    "name": "Load Router",
    "start": 1539077052436,
    "end": 1539077052439,
    "duration": 3,
    "pid": 15664,
    "index": 71
  },
  {
    "name": "Require(53) app/router.ts",
    "start": 1539077052437,
    "end": 1539077052437,
    "duration": 0,
    "pid": 15664,
    "index": 72
  },
  {
    "name": "Before Start in node_modules/egg-core/lib/egg.js:287:10",
    "start": 1539077052438,
    "end": 1539077052465,
    "duration": 27,
    "pid": 15664,
    "index": 73
  },
  {
    "name": "Load \"model\" to Application",
    "start": 1539077052451,
    "end": 1539077052464,
    "duration": 13,
    "pid": 15664,
    "index": 74
  }
]