[
  {
    "name": "Application Start",
    "start": 1539076344988,
    "end": 1539076347590,
    "duration": 2602,
    "pid": 16780,
    "index": 0
  },
  {
    "name": "Load Plugin",
    "start": 1539076344993,
    "end": 1539076345004,
    "duration": 11,
    "pid": 16780,
    "index": 1
  },
  {
    "name": "Load Config",
    "start": 1539076345004,
    "end": 1539076345019,
    "duration": 15,
    "pid": 16780,
    "index": 2
  },
  {
    "name": "Require(0) config/config.default.ts",
    "start": 1539076345004,
    "end": 1539076345005,
    "duration": 1,
    "pid": 16780,
    "index": 3
  },
  {
    "name": "Require(1) config/config.local.ts",
    "start": 1539076345006,
    "end": 1539076345006,
    "duration": 0,
    "pid": 16780,
    "index": 4
  },
  {
    "name": "Require(2) node_modules/egg-session/config/config.default.js",
    "start": 1539076345007,
    "end": 1539076345007,
    "duration": 0,
    "pid": 16780,
    "index": 5
  },
  {
    "name": "Require(3) node_modules/egg-security/config/config.default.js",
    "start": 1539076345007,
    "end": 1539076345008,
    "duration": 1,
    "pid": 16780,
    "index": 6
  },
  {
    "name": "Require(4) node_modules/egg-jsonp/config/config.default.js",
    "start": 1539076345008,
    "end": 1539076345008,
    "duration": 0,
    "pid": 16780,
    "index": 7
  },
  {
    "name": "Require(5) node_modules/egg-onerror/config/config.default.js",
    "start": 1539076345009,
    "end": 1539076345009,
    "duration": 0,
    "pid": 16780,
    "index": 8
  },
  {
    "name": "Require(6) node_modules/egg-i18n/config/config.default.js",
    "start": 1539076345009,
    "end": 1539076345009,
    "duration": 0,
    "pid": 16780,
    "index": 9
  },
  {
    "name": "Require(7) node_modules/egg-watcher/config/config.default.js",
    "start": 1539076345010,
    "end": 1539076345010,
    "duration": 0,
    "pid": 16780,
    "index": 10
  },
  {
    "name": "Require(8) node_modules/egg-schedule/config/config.default.js",
    "start": 1539076345010,
    "end": 1539076345010,
    "duration": 0,
    "pid": 16780,
    "index": 11
  },
  {
    "name": "Require(9) node_modules/egg-multipart/config/config.default.js",
    "start": 1539076345011,
    "end": 1539076345011,
    "duration": 0,
    "pid": 16780,
    "index": 12
  },
  {
    "name": "Require(10) node_modules/egg-development/config/config.default.js",
    "start": 1539076345011,
    "end": 1539076345011,
    "duration": 0,
    "pid": 16780,
    "index": 13
  },
  {
    "name": "Require(11) node_modules/egg-logrotator/config/config.default.js",
    "start": 1539076345012,
    "end": 1539076345012,
    "duration": 0,
    "pid": 16780,
    "index": 14
  },
  {
    "name": "Require(12) node_modules/egg-static/config/config.default.js",
    "start": 1539076345012,
    "end": 1539076345012,
    "duration": 0,
    "pid": 16780,
    "index": 15
  },
  {
    "name": "Require(13) node_modules/egg-view/config/config.default.js",
    "start": 1539076345013,
    "end": 1539076345013,
    "duration": 0,
    "pid": 16780,
    "index": 16
  },
  {
    "name": "Require(14) node_modules/egg-view-nunjucks/config/config.default.js",
    "start": 1539076345013,
    "end": 1539076345013,
    "duration": 0,
    "pid": 16780,
    "index": 17
  },
  {
    "name": "Require(15) node_modules/egg-mongoose/config/config.default.js",
    "start": 1539076345014,
    "end": 1539076345014,
    "duration": 0,
    "pid": 16780,
    "index": 18
  },
  {
    "name": "Require(16) node_modules/egg/config/config.default.js",
    "start": 1539076345014,
    "end": 1539076345014,
    "duration": 0,
    "pid": 16780,
    "index": 19
  },
  {
    "name": "Require(17) config/config.default.ts",
    "start": 1539076345015,
    "end": 1539076345015,
    "duration": 0,
    "pid": 16780,
    "index": 20
  },
  {
    "name": "Require(18) node_modules/egg-security/config/config.local.js",
    "start": 1539076345016,
    "end": 1539076345016,
    "duration": 0,
    "pid": 16780,
    "index": 21
  },
  {
    "name": "Require(19) node_modules/egg-watcher/config/config.local.js",
    "start": 1539076345016,
    "end": 1539076345017,
    "duration": 1,
    "pid": 16780,
    "index": 22
  },
  {
    "name": "Require(20) node_modules/egg-view/config/config.local.js",
    "start": 1539076345017,
    "end": 1539076345017,
    "duration": 0,
    "pid": 16780,
    "index": 23
  },
  {
    "name": "Require(21) node_modules/egg-view-nunjucks/config/config.local.js",
    "start": 1539076345018,
    "end": 1539076345018,
    "duration": 0,
    "pid": 16780,
    "index": 24
  },
  {
    "name": "Require(22) node_modules/egg/config/config.local.js",
    "start": 1539076345018,
    "end": 1539076345018,
    "duration": 0,
    "pid": 16780,
    "index": 25
  },
  {
    "name": "Require(23) config/config.local.ts",
    "start": 1539076345019,
    "end": 1539076345019,
    "duration": 0,
    "pid": 16780,
    "index": 26
  },
  {
    "name": "Load extend/application.js",
    "start": 1539076345020,
    "end": 1539076345052,
    "duration": 32,
    "pid": 16780,
    "index": 27
  },
  {
    "name": "Require(24) node_modules/egg-session/app/extend/application.js",
    "start": 1539076345020,
    "end": 1539076345020,
    "duration": 0,
    "pid": 16780,
    "index": 28
  },
  {
    "name": "Require(25) node_modules/egg-security/app/extend/application.js",
    "start": 1539076345020,
    "end": 1539076345021,
    "duration": 1,
    "pid": 16780,
    "index": 29
  },
  {
    "name": "Require(26) node_modules/egg-jsonp/app/extend/application.js",
    "start": 1539076345021,
    "end": 1539076345022,
    "duration": 1,
    "pid": 16780,
    "index": 30
  },
  {
    "name": "Require(27) node_modules/egg-logrotator/app/extend/application.js",
    "start": 1539076345023,
    "end": 1539076345024,
    "duration": 1,
    "pid": 16780,
    "index": 31
  },
  {
    "name": "Require(28) node_modules/egg-view/app/extend/application.js",
    "start": 1539076345024,
    "end": 1539076345025,
    "duration": 1,
    "pid": 16780,
    "index": 32
  },
  {
    "name": "Require(29) node_modules/egg-view-nunjucks/app/extend/application.js",
    "start": 1539076345025,
    "end": 1539076345050,
    "duration": 25,
    "pid": 16780,
    "index": 33
  },
  {
    "name": "Load extend/request.js",
    "start": 1539076345052,
    "end": 1539076345058,
    "duration": 6,
    "pid": 16780,
    "index": 34
  },
  {
    "name": "Require(30) node_modules/egg/app/extend/request.js",
    "start": 1539076345054,
    "end": 1539076345055,
    "duration": 1,
    "pid": 16780,
    "index": 35
  },
  {
    "name": "Load extend/response.js",
    "start": 1539076345058,
    "end": 1539076345062,
    "duration": 4,
    "pid": 16780,
    "index": 36
  },
  {
    "name": "Require(31) node_modules/egg/app/extend/response.js",
    "start": 1539076345060,
    "end": 1539076345060,
    "duration": 0,
    "pid": 16780,
    "index": 37
  },
  {
    "name": "Load extend/context.js",
    "start": 1539076345062,
    "end": 1539076345105,
    "duration": 43,
    "pid": 16780,
    "index": 38
  },
  {
    "name": "Require(32) node_modules/egg-security/app/extend/context.js",
    "start": 1539076345063,
    "end": 1539076345069,
    "duration": 6,
    "pid": 16780,
    "index": 39
  },
  {
    "name": "Require(33) node_modules/egg-jsonp/app/extend/context.js",
    "start": 1539076345069,
    "end": 1539076345070,
    "duration": 1,
    "pid": 16780,
    "index": 40
  },
  {
    "name": "Require(34) node_modules/egg-i18n/app/extend/context.js",
    "start": 1539076345070,
    "end": 1539076345070,
    "duration": 0,
    "pid": 16780,
    "index": 41
  },
  {
    "name": "Require(35) node_modules/egg-multipart/app/extend/context.js",
    "start": 1539076345071,
    "end": 1539076345099,
    "duration": 28,
    "pid": 16780,
    "index": 42
  },
  {
    "name": "Require(36) node_modules/egg-view/app/extend/context.js",
    "start": 1539076345100,
    "end": 1539076345100,
    "duration": 0,
    "pid": 16780,
    "index": 43
  },
  {
    "name": "Require(37) node_modules/egg-mongoose/app/extend/context.js",
    "start": 1539076345101,
    "end": 1539076345102,
    "duration": 1,
    "pid": 16780,
    "index": 44
  },
  {
    "name": "Require(38) node_modules/egg/app/extend/context.js",
    "start": 1539076345102,
    "end": 1539076345102,
    "duration": 0,
    "pid": 16780,
    "index": 45
  },
  {
    "name": "Load extend/helper.js",
    "start": 1539076345105,
    "end": 1539076345118,
    "duration": 13,
    "pid": 16780,
    "index": 46
  },
  {
    "name": "Require(39) node_modules/egg-security/app/extend/helper.js",
    "start": 1539076345105,
    "end": 1539076345114,
    "duration": 9,
    "pid": 16780,
    "index": 47
  },
  {
    "name": "Require(40) node_modules/egg/app/extend/helper.js",
    "start": 1539076345116,
    "end": 1539076345116,
    "duration": 0,
    "pid": 16780,
    "index": 48
  },
  {
    "name": "Load app.js",
    "start": 1539076345119,
    "end": 1539076345144,
    "duration": 25,
    "pid": 16780,
    "index": 49
  },
  {
    "name": "Require(41) node_modules/egg-session/app.js",
    "start": 1539076345119,
    "end": 1539076345119,
    "duration": 0,
    "pid": 16780,
    "index": 50
  },
  {
    "name": "Require(42) node_modules/egg-security/app.js",
    "start": 1539076345119,
    "end": 1539076345120,
    "duration": 1,
    "pid": 16780,
    "index": 51
  },
  {
    "name": "Require(43) node_modules/egg-onerror/app.js",
    "start": 1539076345120,
    "end": 1539076345126,
    "duration": 6,
    "pid": 16780,
    "index": 52
  },
  {
    "name": "Require(44) node_modules/egg-i18n/app.js",
    "start": 1539076345127,
    "end": 1539076345132,
    "duration": 5,
    "pid": 16780,
    "index": 53
  },
  {
    "name": "Require(45) node_modules/egg-watcher/app.js",
    "start": 1539076345132,
    "end": 1539076345135,
    "duration": 3,
    "pid": 16780,
    "index": 54
  },
  {
    "name": "Require(46) node_modules/egg-schedule/app.js",
    "start": 1539076345135,
    "end": 1539076345136,
    "duration": 1,
    "pid": 16780,
    "index": 55
  },
  {
    "name": "Require(47) node_modules/egg-multipart/app.js",
    "start": 1539076345136,
    "end": 1539076345141,
    "duration": 5,
    "pid": 16780,
    "index": 56
  },
  {
    "name": "Require(48) node_modules/egg-development/app.js",
    "start": 1539076345141,
    "end": 1539076345141,
    "duration": 0,
    "pid": 16780,
    "index": 57
  },
  {
    "name": "Require(49) node_modules/egg-logrotator/app.js",
    "start": 1539076345141,
    "end": 1539076345142,
    "duration": 1,
    "pid": 16780,
    "index": 58
  },
  {
    "name": "Require(50) node_modules/egg-static/app.js",
    "start": 1539076345142,
    "end": 1539076345142,
    "duration": 0,
    "pid": 16780,
    "index": 59
  },
  {
    "name": "Require(51) node_modules/egg-view-nunjucks/app.js",
    "start": 1539076345142,
    "end": 1539076345143,
    "duration": 1,
    "pid": 16780,
    "index": 60
  },
  {
    "name": "Require(52) node_modules/egg-mongoose/app.js",
    "start": 1539076345143,
    "end": 1539076345143,
    "duration": 0,
    "pid": 16780,
    "index": 61
  },
  {
    "name": "Before Start in node_modules/egg-watcher/lib/init.js:15:14",
    "start": 1539076345153,
    "end": 1539076346589,
    "duration": 1436,
    "pid": 16780,
    "index": 62
  },
  {
    "name": "Before Start in node_modules/egg-mongoose/lib/mongoose.js:77:7",
    "start": 1539076345444,
    "end": 1539076347589,
    "duration": 2145,
    "pid": 16780,
    "index": 63
  },
  {
    "name": "Before Start in node_modules/egg-mongoose/lib/mongoose.js:42:9",
    "start": 1539076345445,
    "end": 1539076346582,
    "duration": 1137,
    "pid": 16780,
    "index": 64
  },
  {
    "name": "Load Service",
    "start": 1539076345445,
    "end": 1539076345452,
    "duration": 7,
    "pid": 16780,
    "index": 65
  },
  {
    "name": "Load \"service\" to Context",
    "start": 1539076345445,
    "end": 1539076345452,
    "duration": 7,
    "pid": 16780,
    "index": 66
  },
  {
    "name": "Load Middleware",
    "start": 1539076345452,
    "end": 1539076345507,
    "duration": 55,
    "pid": 16780,
    "index": 67
  },
  {
    "name": "Load \"middlewares\" to Application",
    "start": 1539076345452,
    "end": 1539076345499,
    "duration": 47,
    "pid": 16780,
    "index": 68
  },
  {
    "name": "Load Controller",
    "start": 1539076345507,
    "end": 1539076346559,
    "duration": 1052,
    "pid": 16780,
    "index": 69
  },
  {
    "name": "Load \"controller\" to Application",
    "start": 1539076345507,
    "end": 1539076346559,
    "duration": 1052,
    "pid": 16780,
    "index": 70
  },
  {
    "name": "Load Router",
    "start": 1539076346559,
    "end": 1539076346561,
    "duration": 2,
    "pid": 16780,
    "index": 71
  },
  {
    "name": "Require(53) app/router.ts",
    "start": 1539076346559,
    "end": 1539076346560,
    "duration": 1,
    "pid": 16780,
    "index": 72
  },
  {
    "name": "Before Start in node_modules/egg-core/lib/egg.js:287:10",
    "start": 1539076346560,
    "end": 1539076346582,
    "duration": 22,
    "pid": 16780,
    "index": 73
  },
  {
    "name": "Load \"model\" to Application",
    "start": 1539076346571,
    "end": 1539076346581,
    "duration": 10,
    "pid": 16780,
    "index": 74
  }
]