[
  {
    "name": "Application Start",
    "start": 1539075401044,
    "end": 1539075402714,
    "duration": 1670,
    "pid": 8232,
    "index": 0
  },
  {
    "name": "Load Plugin",
    "start": 1539075401048,
    "end": 1539075401059,
    "duration": 11,
    "pid": 8232,
    "index": 1
  },
  {
    "name": "Load Config",
    "start": 1539075401059,
    "end": 1539075401076,
    "duration": 17,
    "pid": 8232,
    "index": 2
  },
  {
    "name": "Require(0) config/config.default.ts",
    "start": 1539075401059,
    "end": 1539075401061,
    "duration": 2,
    "pid": 8232,
    "index": 3
  },
  {
    "name": "Require(1) config/config.local.ts",
    "start": 1539075401061,
    "end": 1539075401062,
    "duration": 1,
    "pid": 8232,
    "index": 4
  },
  {
    "name": "Require(2) node_modules/egg-session/config/config.default.js",
    "start": 1539075401062,
    "end": 1539075401062,
    "duration": 0,
    "pid": 8232,
    "index": 5
  },
  {
    "name": "Require(3) node_modules/egg-security/config/config.default.js",
    "start": 1539075401063,
    "end": 1539075401063,
    "duration": 0,
    "pid": 8232,
    "index": 6
  },
  {
    "name": "Require(4) node_modules/egg-jsonp/config/config.default.js",
    "start": 1539075401064,
    "end": 1539075401064,
    "duration": 0,
    "pid": 8232,
    "index": 7
  },
  {
    "name": "Require(5) node_modules/egg-onerror/config/config.default.js",
    "start": 1539075401064,
    "end": 1539075401065,
    "duration": 1,
    "pid": 8232,
    "index": 8
  },
  {
    "name": "Require(6) node_modules/egg-i18n/config/config.default.js",
    "start": 1539075401065,
    "end": 1539075401065,
    "duration": 0,
    "pid": 8232,
    "index": 9
  },
  {
    "name": "Require(7) node_modules/egg-watcher/config/config.default.js",
    "start": 1539075401066,
    "end": 1539075401066,
    "duration": 0,
    "pid": 8232,
    "index": 10
  },
  {
    "name": "Require(8) node_modules/egg-schedule/config/config.default.js",
    "start": 1539075401067,
    "end": 1539075401067,
    "duration": 0,
    "pid": 8232,
    "index": 11
  },
  {
    "name": "Require(9) node_modules/egg-multipart/config/config.default.js",
    "start": 1539075401067,
    "end": 1539075401067,
    "duration": 0,
    "pid": 8232,
    "index": 12
  },
  {
    "name": "Require(10) node_modules/egg-development/config/config.default.js",
    "start": 1539075401068,
    "end": 1539075401068,
    "duration": 0,
    "pid": 8232,
    "index": 13
  },
  {
    "name": "Require(11) node_modules/egg-logrotator/config/config.default.js",
    "start": 1539075401068,
    "end": 1539075401069,
    "duration": 1,
    "pid": 8232,
    "index": 14
  },
  {
    "name": "Require(12) node_modules/egg-static/config/config.default.js",
    "start": 1539075401069,
    "end": 1539075401069,
    "duration": 0,
    "pid": 8232,
    "index": 15
  },
  {
    "name": "Require(13) node_modules/egg-view/config/config.default.js",
    "start": 1539075401069,
    "end": 1539075401070,
    "duration": 1,
    "pid": 8232,
    "index": 16
  },
  {
    "name": "Require(14) node_modules/egg-view-nunjucks/config/config.default.js",
    "start": 1539075401070,
    "end": 1539075401070,
    "duration": 0,
    "pid": 8232,
    "index": 17
  },
  {
    "name": "Require(15) node_modules/egg-mongoose/config/config.default.js",
    "start": 1539075401070,
    "end": 1539075401070,
    "duration": 0,
    "pid": 8232,
    "index": 18
  },
  {
    "name": "Require(16) node_modules/egg/config/config.default.js",
    "start": 1539075401071,
    "end": 1539075401071,
    "duration": 0,
    "pid": 8232,
    "index": 19
  },
  {
    "name": "Require(17) config/config.default.ts",
    "start": 1539075401072,
    "end": 1539075401072,
    "duration": 0,
    "pid": 8232,
    "index": 20
  },
  {
    "name": "Require(18) node_modules/egg-security/config/config.local.js",
    "start": 1539075401073,
    "end": 1539075401073,
    "duration": 0,
    "pid": 8232,
    "index": 21
  },
  {
    "name": "Require(19) node_modules/egg-watcher/config/config.local.js",
    "start": 1539075401073,
    "end": 1539075401073,
    "duration": 0,
    "pid": 8232,
    "index": 22
  },
  {
    "name": "Require(20) node_modules/egg-view/config/config.local.js",
    "start": 1539075401074,
    "end": 1539075401075,
    "duration": 1,
    "pid": 8232,
    "index": 23
  },
  {
    "name": "Require(21) node_modules/egg-view-nunjucks/config/config.local.js",
    "start": 1539075401075,
    "end": 1539075401075,
    "duration": 0,
    "pid": 8232,
    "index": 24
  },
  {
    "name": "Require(22) node_modules/egg/config/config.local.js",
    "start": 1539075401075,
    "end": 1539075401075,
    "duration": 0,
    "pid": 8232,
    "index": 25
  },
  {
    "name": "Require(23) config/config.local.ts",
    "start": 1539075401075,
    "end": 1539075401075,
    "duration": 0,
    "pid": 8232,
    "index": 26
  },
  {
    "name": "Load extend/application.js",
    "start": 1539075401077,
    "end": 1539075401113,
    "duration": 36,
    "pid": 8232,
    "index": 27
  },
  {
    "name": "Require(24) node_modules/egg-session/app/extend/application.js",
    "start": 1539075401077,
    "end": 1539075401078,
    "duration": 1,
    "pid": 8232,
    "index": 28
  },
  {
    "name": "Require(25) node_modules/egg-security/app/extend/application.js",
    "start": 1539075401078,
    "end": 1539075401078,
    "duration": 0,
    "pid": 8232,
    "index": 29
  },
  {
    "name": "Require(26) node_modules/egg-jsonp/app/extend/application.js",
    "start": 1539075401079,
    "end": 1539075401079,
    "duration": 0,
    "pid": 8232,
    "index": 30
  },
  {
    "name": "Require(27) node_modules/egg-logrotator/app/extend/application.js",
    "start": 1539075401080,
    "end": 1539075401081,
    "duration": 1,
    "pid": 8232,
    "index": 31
  },
  {
    "name": "Require(28) node_modules/egg-view/app/extend/application.js",
    "start": 1539075401082,
    "end": 1539075401083,
    "duration": 1,
    "pid": 8232,
    "index": 32
  },
  {
    "name": "Require(29) node_modules/egg-view-nunjucks/app/extend/application.js",
    "start": 1539075401083,
    "end": 1539075401110,
    "duration": 27,
    "pid": 8232,
    "index": 33
  },
  {
    "name": "Load extend/request.js",
    "start": 1539075401113,
    "end": 1539075401118,
    "duration": 5,
    "pid": 8232,
    "index": 34
  },
  {
    "name": "Require(30) node_modules/egg/app/extend/request.js",
    "start": 1539075401115,
    "end": 1539075401116,
    "duration": 1,
    "pid": 8232,
    "index": 35
  },
  {
    "name": "Load extend/response.js",
    "start": 1539075401118,
    "end": 1539075401122,
    "duration": 4,
    "pid": 8232,
    "index": 36
  },
  {
    "name": "Require(31) node_modules/egg/app/extend/response.js",
    "start": 1539075401120,
    "end": 1539075401120,
    "duration": 0,
    "pid": 8232,
    "index": 37
  },
  {
    "name": "Load extend/context.js",
    "start": 1539075401122,
    "end": 1539075401169,
    "duration": 47,
    "pid": 8232,
    "index": 38
  },
  {
    "name": "Require(32) node_modules/egg-security/app/extend/context.js",
    "start": 1539075401123,
    "end": 1539075401130,
    "duration": 7,
    "pid": 8232,
    "index": 39
  },
  {
    "name": "Require(33) node_modules/egg-jsonp/app/extend/context.js",
    "start": 1539075401130,
    "end": 1539075401131,
    "duration": 1,
    "pid": 8232,
    "index": 40
  },
  {
    "name": "Require(34) node_modules/egg-i18n/app/extend/context.js",
    "start": 1539075401131,
    "end": 1539075401132,
    "duration": 1,
    "pid": 8232,
    "index": 41
  },
  {
    "name": "Require(35) node_modules/egg-multipart/app/extend/context.js",
    "start": 1539075401132,
    "end": 1539075401164,
    "duration": 32,
    "pid": 8232,
    "index": 42
  },
  {
    "name": "Require(36) node_modules/egg-view/app/extend/context.js",
    "start": 1539075401165,
    "end": 1539075401166,
    "duration": 1,
    "pid": 8232,
    "index": 43
  },
  {
    "name": "Require(37) node_modules/egg-mongoose/app/extend/context.js",
    "start": 1539075401166,
    "end": 1539075401166,
    "duration": 0,
    "pid": 8232,
    "index": 44
  },
  {
    "name": "Require(38) node_modules/egg/app/extend/context.js",
    "start": 1539075401166,
    "end": 1539075401167,
    "duration": 1,
    "pid": 8232,
    "index": 45
  },
  {
    "name": "Load extend/helper.js",
    "start": 1539075401169,
    "end": 1539075401184,
    "duration": 15,
    "pid": 8232,
    "index": 46
  },
  {
    "name": "Require(39) node_modules/egg-security/app/extend/helper.js",
    "start": 1539075401169,
    "end": 1539075401180,
    "duration": 11,
    "pid": 8232,
    "index": 47
  },
  {
    "name": "Require(40) node_modules/egg/app/extend/helper.js",
    "start": 1539075401182,
    "end": 1539075401182,
    "duration": 0,
    "pid": 8232,
    "index": 48
  },
  {
    "name": "Load app.js",
    "start": 1539075401184,
    "end": 1539075401212,
    "duration": 28,
    "pid": 8232,
    "index": 49
  },
  {
    "name": "Require(41) node_modules/egg-session/app.js",
    "start": 1539075401184,
    "end": 1539075401185,
    "duration": 1,
    "pid": 8232,
    "index": 50
  },
  {
    "name": "Require(42) node_modules/egg-security/app.js",
    "start": 1539075401185,
    "end": 1539075401186,
    "duration": 1,
    "pid": 8232,
    "index": 51
  },
  {
    "name": "Require(43) node_modules/egg-onerror/app.js",
    "start": 1539075401187,
    "end": 1539075401195,
    "duration": 8,
    "pid": 8232,
    "index": 52
  },
  {
    "name": "Require(44) node_modules/egg-i18n/app.js",
    "start": 1539075401196,
    "end": 1539075401202,
    "duration": 6,
    "pid": 8232,
    "index": 53
  },
  {
    "name": "Require(45) node_modules/egg-watcher/app.js",
    "start": 1539075401202,
    "end": 1539075401207,
    "duration": 5,
    "pid": 8232,
    "index": 54
  },
  {
    "name": "Require(46) node_modules/egg-schedule/app.js",
    "start": 1539075401207,
    "end": 1539075401208,
    "duration": 1,
    "pid": 8232,
    "index": 55
  },
  {
    "name": "Require(47) node_modules/egg-multipart/app.js",
    "start": 1539075401208,
    "end": 1539075401209,
    "duration": 1,
    "pid": 8232,
    "index": 56
  },
  {
    "name": "Require(48) node_modules/egg-development/app.js",
    "start": 1539075401210,
    "end": 1539075401210,
    "duration": 0,
    "pid": 8232,
    "index": 57
  },
  {
    "name": "Require(49) node_modules/egg-logrotator/app.js",
    "start": 1539075401210,
    "end": 1539075401210,
    "duration": 0,
    "pid": 8232,
    "index": 58
  },
  {
    "name": "Require(50) node_modules/egg-static/app.js",
    "start": 1539075401210,
    "end": 1539075401211,
    "duration": 1,
    "pid": 8232,
    "index": 59
  },
  {
    "name": "Require(51) node_modules/egg-view-nunjucks/app.js",
    "start": 1539075401211,
    "end": 1539075401211,
    "duration": 0,
    "pid": 8232,
    "index": 60
  },
  {
    "name": "Require(52) node_modules/egg-mongoose/app.js",
    "start": 1539075401211,
    "end": 1539075401211,
    "duration": 0,
    "pid": 8232,
    "index": 61
  },
  {
    "name": "Before Start in node_modules/egg-watcher/lib/init.js:15:14",
    "start": 1539075401222,
    "end": 1539075401684,
    "duration": 462,
    "pid": 8232,
    "index": 62
  },
  {
    "name": "Before Start in node_modules/egg-mongoose/lib/mongoose.js:77:7",
    "start": 1539075401554,
    "end": 1539075402713,
    "duration": 1159,
    "pid": 8232,
    "index": 63
  },
  {
    "name": "Before Start in node_modules/egg-mongoose/lib/mongoose.js:42:9",
    "start": 1539075401554,
    "end": 1539075401643,
    "duration": 89,
    "pid": 8232,
    "index": 64
  },
  {
    "name": "Load Service",
    "start": 1539075401554,
    "end": 1539075401559,
    "duration": 5,
    "pid": 8232,
    "index": 65
  },
  {
    "name": "Load \"service\" to Context",
    "start": 1539075401554,
    "end": 1539075401559,
    "duration": 5,
    "pid": 8232,
    "index": 66
  },
  {
    "name": "Load Middleware",
    "start": 1539075401560,
    "end": 1539075401616,
    "duration": 56,
    "pid": 8232,
    "index": 67
  },
  {
    "name": "Load \"middlewares\" to Application",
    "start": 1539075401560,
    "end": 1539075401608,
    "duration": 48,
    "pid": 8232,
    "index": 68
  },
  {
    "name": "Load Controller",
    "start": 1539075401616,
    "end": 1539075401618,
    "duration": 2,
    "pid": 8232,
    "index": 69
  },
  {
    "name": "Load \"controller\" to Application",
    "start": 1539075401616,
    "end": 1539075401618,
    "duration": 2,
    "pid": 8232,
    "index": 70
  },
  {
    "name": "Load Router",
    "start": 1539075401618,
    "end": 1539075401620,
    "duration": 2,
    "pid": 8232,
    "index": 71
  },
  {
    "name": "Require(53) app/router.ts",
    "start": 1539075401618,
    "end": 1539075401619,
    "duration": 1,
    "pid": 8232,
    "index": 72
  },
  {
    "name": "Before Start in node_modules/egg-core/lib/egg.js:287:10",
    "start": 1539075401619,
    "end": 1539075401643,
    "duration": 24,
    "pid": 8232,
    "index": 73
  },
  {
    "name": "Load \"model\" to Application",
    "start": 1539075401631,
    "end": 1539075401642,
    "duration": 11,
    "pid": 8232,
    "index": 74
  }
]