[
  {
    "name": "Application Start",
    "start": 1539075304198,
    "end": 1539075306790,
    "duration": 2592,
    "pid": 7736,
    "index": 0
  },
  {
    "name": "Load Plugin",
    "start": 1539075304201,
    "end": 1539075304212,
    "duration": 11,
    "pid": 7736,
    "index": 1
  },
  {
    "name": "Load Config",
    "start": 1539075304212,
    "end": 1539075304228,
    "duration": 16,
    "pid": 7736,
    "index": 2
  },
  {
    "name": "Require(0) config/config.default.ts",
    "start": 1539075304212,
    "end": 1539075304213,
    "duration": 1,
    "pid": 7736,
    "index": 3
  },
  {
    "name": "Require(1) config/config.local.ts",
    "start": 1539075304214,
    "end": 1539075304215,
    "duration": 1,
    "pid": 7736,
    "index": 4
  },
  {
    "name": "Require(2) node_modules/egg-session/config/config.default.js",
    "start": 1539075304215,
    "end": 1539075304215,
    "duration": 0,
    "pid": 7736,
    "index": 5
  },
  {
    "name": "Require(3) node_modules/egg-security/config/config.default.js",
    "start": 1539075304216,
    "end": 1539075304216,
    "duration": 0,
    "pid": 7736,
    "index": 6
  },
  {
    "name": "Require(4) node_modules/egg-jsonp/config/config.default.js",
    "start": 1539075304217,
    "end": 1539075304217,
    "duration": 0,
    "pid": 7736,
    "index": 7
  },
  {
    "name": "Require(5) node_modules/egg-onerror/config/config.default.js",
    "start": 1539075304217,
    "end": 1539075304218,
    "duration": 1,
    "pid": 7736,
    "index": 8
  },
  {
    "name": "Require(6) node_modules/egg-i18n/config/config.default.js",
    "start": 1539075304218,
    "end": 1539075304218,
    "duration": 0,
    "pid": 7736,
    "index": 9
  },
  {
    "name": "Require(7) node_modules/egg-watcher/config/config.default.js",
    "start": 1539075304219,
    "end": 1539075304219,
    "duration": 0,
    "pid": 7736,
    "index": 10
  },
  {
    "name": "Require(8) node_modules/egg-schedule/config/config.default.js",
    "start": 1539075304219,
    "end": 1539075304219,
    "duration": 0,
    "pid": 7736,
    "index": 11
  },
  {
    "name": "Require(9) node_modules/egg-multipart/config/config.default.js",
    "start": 1539075304220,
    "end": 1539075304220,
    "duration": 0,
    "pid": 7736,
    "index": 12
  },
  {
    "name": "Require(10) node_modules/egg-development/config/config.default.js",
    "start": 1539075304220,
    "end": 1539075304221,
    "duration": 1,
    "pid": 7736,
    "index": 13
  },
  {
    "name": "Require(11) node_modules/egg-logrotator/config/config.default.js",
    "start": 1539075304221,
    "end": 1539075304221,
    "duration": 0,
    "pid": 7736,
    "index": 14
  },
  {
    "name": "Require(12) node_modules/egg-static/config/config.default.js",
    "start": 1539075304221,
    "end": 1539075304221,
    "duration": 0,
    "pid": 7736,
    "index": 15
  },
  {
    "name": "Require(13) node_modules/egg-view/config/config.default.js",
    "start": 1539075304222,
    "end": 1539075304222,
    "duration": 0,
    "pid": 7736,
    "index": 16
  },
  {
    "name": "Require(14) node_modules/egg-view-nunjucks/config/config.default.js",
    "start": 1539075304222,
    "end": 1539075304222,
    "duration": 0,
    "pid": 7736,
    "index": 17
  },
  {
    "name": "Require(15) node_modules/egg-mongoose/config/config.default.js",
    "start": 1539075304223,
    "end": 1539075304223,
    "duration": 0,
    "pid": 7736,
    "index": 18
  },
  {
    "name": "Require(16) node_modules/egg/config/config.default.js",
    "start": 1539075304223,
    "end": 1539075304223,
    "duration": 0,
    "pid": 7736,
    "index": 19
  },
  {
    "name": "Require(17) config/config.default.ts",
    "start": 1539075304224,
    "end": 1539075304224,
    "duration": 0,
    "pid": 7736,
    "index": 20
  },
  {
    "name": "Require(18) node_modules/egg-security/config/config.local.js",
    "start": 1539075304225,
    "end": 1539075304225,
    "duration": 0,
    "pid": 7736,
    "index": 21
  },
  {
    "name": "Require(19) node_modules/egg-watcher/config/config.local.js",
    "start": 1539075304226,
    "end": 1539075304226,
    "duration": 0,
    "pid": 7736,
    "index": 22
  },
  {
    "name": "Require(20) node_modules/egg-view/config/config.local.js",
    "start": 1539075304226,
    "end": 1539075304227,
    "duration": 1,
    "pid": 7736,
    "index": 23
  },
  {
    "name": "Require(21) node_modules/egg-view-nunjucks/config/config.local.js",
    "start": 1539075304227,
    "end": 1539075304227,
    "duration": 0,
    "pid": 7736,
    "index": 24
  },
  {
    "name": "Require(22) node_modules/egg/config/config.local.js",
    "start": 1539075304227,
    "end": 1539075304227,
    "duration": 0,
    "pid": 7736,
    "index": 25
  },
  {
    "name": "Require(23) config/config.local.ts",
    "start": 1539075304227,
    "end": 1539075304227,
    "duration": 0,
    "pid": 7736,
    "index": 26
  },
  {
    "name": "Load extend/application.js",
    "start": 1539075304229,
    "end": 1539075304267,
    "duration": 38,
    "pid": 7736,
    "index": 27
  },
  {
    "name": "Require(24) node_modules/egg-session/app/extend/application.js",
    "start": 1539075304229,
    "end": 1539075304229,
    "duration": 0,
    "pid": 7736,
    "index": 28
  },
  {
    "name": "Require(25) node_modules/egg-security/app/extend/application.js",
    "start": 1539075304229,
    "end": 1539075304230,
    "duration": 1,
    "pid": 7736,
    "index": 29
  },
  {
    "name": "Require(26) node_modules/egg-jsonp/app/extend/application.js",
    "start": 1539075304230,
    "end": 1539075304231,
    "duration": 1,
    "pid": 7736,
    "index": 30
  },
  {
    "name": "Require(27) node_modules/egg-logrotator/app/extend/application.js",
    "start": 1539075304232,
    "end": 1539075304233,
    "duration": 1,
    "pid": 7736,
    "index": 31
  },
  {
    "name": "Require(28) node_modules/egg-view/app/extend/application.js",
    "start": 1539075304233,
    "end": 1539075304234,
    "duration": 1,
    "pid": 7736,
    "index": 32
  },
  {
    "name": "Require(29) node_modules/egg-view-nunjucks/app/extend/application.js",
    "start": 1539075304234,
    "end": 1539075304265,
    "duration": 31,
    "pid": 7736,
    "index": 33
  },
  {
    "name": "Load extend/request.js",
    "start": 1539075304267,
    "end": 1539075304272,
    "duration": 5,
    "pid": 7736,
    "index": 34
  },
  {
    "name": "Require(30) node_modules/egg/app/extend/request.js",
    "start": 1539075304269,
    "end": 1539075304270,
    "duration": 1,
    "pid": 7736,
    "index": 35
  },
  {
    "name": "Load extend/response.js",
    "start": 1539075304272,
    "end": 1539075304276,
    "duration": 4,
    "pid": 7736,
    "index": 36
  },
  {
    "name": "Require(31) node_modules/egg/app/extend/response.js",
    "start": 1539075304273,
    "end": 1539075304274,
    "duration": 1,
    "pid": 7736,
    "index": 37
  },
  {
    "name": "Load extend/context.js",
    "start": 1539075304276,
    "end": 1539075304319,
    "duration": 43,
    "pid": 7736,
    "index": 38
  },
  {
    "name": "Require(32) node_modules/egg-security/app/extend/context.js",
    "start": 1539075304276,
    "end": 1539075304283,
    "duration": 7,
    "pid": 7736,
    "index": 39
  },
  {
    "name": "Require(33) node_modules/egg-jsonp/app/extend/context.js",
    "start": 1539075304283,
    "end": 1539075304284,
    "duration": 1,
    "pid": 7736,
    "index": 40
  },
  {
    "name": "Require(34) node_modules/egg-i18n/app/extend/context.js",
    "start": 1539075304284,
    "end": 1539075304285,
    "duration": 1,
    "pid": 7736,
    "index": 41
  },
  {
    "name": "Require(35) node_modules/egg-multipart/app/extend/context.js",
    "start": 1539075304286,
    "end": 1539075304314,
    "duration": 28,
    "pid": 7736,
    "index": 42
  },
  {
    "name": "Require(36) node_modules/egg-view/app/extend/context.js",
    "start": 1539075304314,
    "end": 1539075304315,
    "duration": 1,
    "pid": 7736,
    "index": 43
  },
  {
    "name": "Require(37) node_modules/egg-mongoose/app/extend/context.js",
    "start": 1539075304316,
    "end": 1539075304316,
    "duration": 0,
    "pid": 7736,
    "index": 44
  },
  {
    "name": "Require(38) node_modules/egg/app/extend/context.js",
    "start": 1539075304316,
    "end": 1539075304317,
    "duration": 1,
    "pid": 7736,
    "index": 45
  },
  {
    "name": "Load extend/helper.js",
    "start": 1539075304319,
    "end": 1539075304333,
    "duration": 14,
    "pid": 7736,
    "index": 46
  },
  {
    "name": "Require(39) node_modules/egg-security/app/extend/helper.js",
    "start": 1539075304319,
    "end": 1539075304329,
    "duration": 10,
    "pid": 7736,
    "index": 47
  },
  {
    "name": "Require(40) node_modules/egg/app/extend/helper.js",
    "start": 1539075304330,
    "end": 1539075304331,
    "duration": 1,
    "pid": 7736,
    "index": 48
  },
  {
    "name": "Load app.js",
    "start": 1539075304333,
    "end": 1539075304357,
    "duration": 24,
    "pid": 7736,
    "index": 49
  },
  {
    "name": "Require(41) node_modules/egg-session/app.js",
    "start": 1539075304333,
    "end": 1539075304333,
    "duration": 0,
    "pid": 7736,
    "index": 50
  },
  {
    "name": "Require(42) node_modules/egg-security/app.js",
    "start": 1539075304333,
    "end": 1539075304334,
    "duration": 1,
    "pid": 7736,
    "index": 51
  },
  {
    "name": "Require(43) node_modules/egg-onerror/app.js",
    "start": 1539075304335,
    "end": 1539075304340,
    "duration": 5,
    "pid": 7736,
    "index": 52
  },
  {
    "name": "Require(44) node_modules/egg-i18n/app.js",
    "start": 1539075304341,
    "end": 1539075304347,
    "duration": 6,
    "pid": 7736,
    "index": 53
  },
  {
    "name": "Require(45) node_modules/egg-watcher/app.js",
    "start": 1539075304347,
    "end": 1539075304349,
    "duration": 2,
    "pid": 7736,
    "index": 54
  },
  {
    "name": "Require(46) node_modules/egg-schedule/app.js",
    "start": 1539075304350,
    "end": 1539075304350,
    "duration": 0,
    "pid": 7736,
    "index": 55
  },
  {
    "name": "Require(47) node_modules/egg-multipart/app.js",
    "start": 1539075304351,
    "end": 1539075304354,
    "duration": 3,
    "pid": 7736,
    "index": 56
  },
  {
    "name": "Require(48) node_modules/egg-development/app.js",
    "start": 1539075304355,
    "end": 1539075304355,
    "duration": 0,
    "pid": 7736,
    "index": 57
  },
  {
    "name": "Require(49) node_modules/egg-logrotator/app.js",
    "start": 1539075304355,
    "end": 1539075304355,
    "duration": 0,
    "pid": 7736,
    "index": 58
  },
  {
    "name": "Require(50) node_modules/egg-static/app.js",
    "start": 1539075304355,
    "end": 1539075304356,
    "duration": 1,
    "pid": 7736,
    "index": 59
  },
  {
    "name": "Require(51) node_modules/egg-view-nunjucks/app.js",
    "start": 1539075304356,
    "end": 1539075304356,
    "duration": 0,
    "pid": 7736,
    "index": 60
  },
  {
    "name": "Require(52) node_modules/egg-mongoose/app.js",
    "start": 1539075304357,
    "end": 1539075304357,
    "duration": 0,
    "pid": 7736,
    "index": 61
  },
  {
    "name": "Before Start in node_modules/egg-watcher/lib/init.js:15:14",
    "start": 1539075304367,
    "end": 1539075305785,
    "duration": 1418,
    "pid": 7736,
    "index": 62
  },
  {
    "name": "Before Start in node_modules/egg-mongoose/lib/mongoose.js:77:7",
    "start": 1539075304661,
    "end": 1539075306790,
    "duration": 2129,
    "pid": 7736,
    "index": 63
  },
  {
    "name": "Before Start in node_modules/egg-mongoose/lib/mongoose.js:42:9",
    "start": 1539075304661,
    "end": 1539075305773,
    "duration": 1112,
    "pid": 7736,
    "index": 64
  },
  {
    "name": "Load Service",
    "start": 1539075304661,
    "end": 1539075304667,
    "duration": 6,
    "pid": 7736,
    "index": 65
  },
  {
    "name": "Load \"service\" to Context",
    "start": 1539075304661,
    "end": 1539075304667,
    "duration": 6,
    "pid": 7736,
    "index": 66
  },
  {
    "name": "Load Middleware",
    "start": 1539075304667,
    "end": 1539075304722,
    "duration": 55,
    "pid": 7736,
    "index": 67
  },
  {
    "name": "Load \"middlewares\" to Application",
    "start": 1539075304667,
    "end": 1539075304714,
    "duration": 47,
    "pid": 7736,
    "index": 68
  },
  {
    "name": "Load Controller",
    "start": 1539075304722,
    "end": 1539075305750,
    "duration": 1028,
    "pid": 7736,
    "index": 69
  },
  {
    "name": "Load \"controller\" to Application",
    "start": 1539075304722,
    "end": 1539075305750,
    "duration": 1028,
    "pid": 7736,
    "index": 70
  },
  {
    "name": "Load Router",
    "start": 1539075305750,
    "end": 1539075305752,
    "duration": 2,
    "pid": 7736,
    "index": 71
  },
  {
    "name": "Require(53) app/router.ts",
    "start": 1539075305750,
    "end": 1539075305750,
    "duration": 0,
    "pid": 7736,
    "index": 72
  },
  {
    "name": "Before Start in node_modules/egg-core/lib/egg.js:287:10",
    "start": 1539075305751,
    "end": 1539075305773,
    "duration": 22,
    "pid": 7736,
    "index": 73
  },
  {
    "name": "Load \"model\" to Application",
    "start": 1539075305762,
    "end": 1539075305773,
    "duration": 11,
    "pid": 7736,
    "index": 74
  }
]