[
  {
    "name": "Application Start",
    "start": 1539074420678,
    "end": 1539074423296,
    "duration": 2618,
    "pid": 14432,
    "index": 0
  },
  {
    "name": "Load Plugin",
    "start": 1539074420682,
    "end": 1539074420693,
    "duration": 11,
    "pid": 14432,
    "index": 1
  },
  {
    "name": "Load Config",
    "start": 1539074420693,
    "end": 1539074420708,
    "duration": 15,
    "pid": 14432,
    "index": 2
  },
  {
    "name": "Require(0) config/config.default.ts",
    "start": 1539074420694,
    "end": 1539074420694,
    "duration": 0,
    "pid": 14432,
    "index": 3
  },
  {
    "name": "Require(1) config/config.local.ts",
    "start": 1539074420695,
    "end": 1539074420696,
    "duration": 1,
    "pid": 14432,
    "index": 4
  },
  {
    "name": "Require(2) node_modules/egg-session/config/config.default.js",
    "start": 1539074420696,
    "end": 1539074420696,
    "duration": 0,
    "pid": 14432,
    "index": 5
  },
  {
    "name": "Require(3) node_modules/egg-security/config/config.default.js",
    "start": 1539074420697,
    "end": 1539074420697,
    "duration": 0,
    "pid": 14432,
    "index": 6
  },
  {
    "name": "Require(4) node_modules/egg-jsonp/config/config.default.js",
    "start": 1539074420697,
    "end": 1539074420698,
    "duration": 1,
    "pid": 14432,
    "index": 7
  },
  {
    "name": "Require(5) node_modules/egg-onerror/config/config.default.js",
    "start": 1539074420698,
    "end": 1539074420698,
    "duration": 0,
    "pid": 14432,
    "index": 8
  },
  {
    "name": "Require(6) node_modules/egg-i18n/config/config.default.js",
    "start": 1539074420698,
    "end": 1539074420699,
    "duration": 1,
    "pid": 14432,
    "index": 9
  },
  {
    "name": "Require(7) node_modules/egg-watcher/config/config.default.js",
    "start": 1539074420699,
    "end": 1539074420699,
    "duration": 0,
    "pid": 14432,
    "index": 10
  },
  {
    "name": "Require(8) node_modules/egg-schedule/config/config.default.js",
    "start": 1539074420699,
    "end": 1539074420699,
    "duration": 0,
    "pid": 14432,
    "index": 11
  },
  {
    "name": "Require(9) node_modules/egg-multipart/config/config.default.js",
    "start": 1539074420700,
    "end": 1539074420700,
    "duration": 0,
    "pid": 14432,
    "index": 12
  },
  {
    "name": "Require(10) node_modules/egg-development/config/config.default.js",
    "start": 1539074420700,
    "end": 1539074420701,
    "duration": 1,
    "pid": 14432,
    "index": 13
  },
  {
    "name": "Require(11) node_modules/egg-logrotator/config/config.default.js",
    "start": 1539074420701,
    "end": 1539074420701,
    "duration": 0,
    "pid": 14432,
    "index": 14
  },
  {
    "name": "Require(12) node_modules/egg-static/config/config.default.js",
    "start": 1539074420701,
    "end": 1539074420701,
    "duration": 0,
    "pid": 14432,
    "index": 15
  },
  {
    "name": "Require(13) node_modules/egg-view/config/config.default.js",
    "start": 1539074420702,
    "end": 1539074420702,
    "duration": 0,
    "pid": 14432,
    "index": 16
  },
  {
    "name": "Require(14) node_modules/egg-view-nunjucks/config/config.default.js",
    "start": 1539074420702,
    "end": 1539074420702,
    "duration": 0,
    "pid": 14432,
    "index": 17
  },
  {
    "name": "Require(15) node_modules/egg-mongoose/config/config.default.js",
    "start": 1539074420703,
    "end": 1539074420703,
    "duration": 0,
    "pid": 14432,
    "index": 18
  },
  {
    "name": "Require(16) node_modules/egg/config/config.default.js",
    "start": 1539074420703,
    "end": 1539074420704,
    "duration": 1,
    "pid": 14432,
    "index": 19
  },
  {
    "name": "Require(17) config/config.default.ts",
    "start": 1539074420705,
    "end": 1539074420705,
    "duration": 0,
    "pid": 14432,
    "index": 20
  },
  {
    "name": "Require(18) node_modules/egg-security/config/config.local.js",
    "start": 1539074420705,
    "end": 1539074420705,
    "duration": 0,
    "pid": 14432,
    "index": 21
  },
  {
    "name": "Require(19) node_modules/egg-watcher/config/config.local.js",
    "start": 1539074420706,
    "end": 1539074420706,
    "duration": 0,
    "pid": 14432,
    "index": 22
  },
  {
    "name": "Require(20) node_modules/egg-view/config/config.local.js",
    "start": 1539074420707,
    "end": 1539074420707,
    "duration": 0,
    "pid": 14432,
    "index": 23
  },
  {
    "name": "Require(21) node_modules/egg-view-nunjucks/config/config.local.js",
    "start": 1539074420707,
    "end": 1539074420707,
    "duration": 0,
    "pid": 14432,
    "index": 24
  },
  {
    "name": "Require(22) node_modules/egg/config/config.local.js",
    "start": 1539074420708,
    "end": 1539074420708,
    "duration": 0,
    "pid": 14432,
    "index": 25
  },
  {
    "name": "Require(23) config/config.local.ts",
    "start": 1539074420708,
    "end": 1539074420708,
    "duration": 0,
    "pid": 14432,
    "index": 26
  },
  {
    "name": "Load extend/application.js",
    "start": 1539074420709,
    "end": 1539074420743,
    "duration": 34,
    "pid": 14432,
    "index": 27
  },
  {
    "name": "Require(24) node_modules/egg-session/app/extend/application.js",
    "start": 1539074420709,
    "end": 1539074420710,
    "duration": 1,
    "pid": 14432,
    "index": 28
  },
  {
    "name": "Require(25) node_modules/egg-security/app/extend/application.js",
    "start": 1539074420710,
    "end": 1539074420710,
    "duration": 0,
    "pid": 14432,
    "index": 29
  },
  {
    "name": "Require(26) node_modules/egg-jsonp/app/extend/application.js",
    "start": 1539074420711,
    "end": 1539074420711,
    "duration": 0,
    "pid": 14432,
    "index": 30
  },
  {
    "name": "Require(27) node_modules/egg-logrotator/app/extend/application.js",
    "start": 1539074420712,
    "end": 1539074420713,
    "duration": 1,
    "pid": 14432,
    "index": 31
  },
  {
    "name": "Require(28) node_modules/egg-view/app/extend/application.js",
    "start": 1539074420714,
    "end": 1539074420715,
    "duration": 1,
    "pid": 14432,
    "index": 32
  },
  {
    "name": "Require(29) node_modules/egg-view-nunjucks/app/extend/application.js",
    "start": 1539074420715,
    "end": 1539074420740,
    "duration": 25,
    "pid": 14432,
    "index": 33
  },
  {
    "name": "Load extend/request.js",
    "start": 1539074420743,
    "end": 1539074420748,
    "duration": 5,
    "pid": 14432,
    "index": 34
  },
  {
    "name": "Require(30) node_modules/egg/app/extend/request.js",
    "start": 1539074420745,
    "end": 1539074420746,
    "duration": 1,
    "pid": 14432,
    "index": 35
  },
  {
    "name": "Load extend/response.js",
    "start": 1539074420748,
    "end": 1539074420752,
    "duration": 4,
    "pid": 14432,
    "index": 36
  },
  {
    "name": "Require(31) node_modules/egg/app/extend/response.js",
    "start": 1539074420750,
    "end": 1539074420750,
    "duration": 0,
    "pid": 14432,
    "index": 37
  },
  {
    "name": "Load extend/context.js",
    "start": 1539074420752,
    "end": 1539074420794,
    "duration": 42,
    "pid": 14432,
    "index": 38
  },
  {
    "name": "Require(32) node_modules/egg-security/app/extend/context.js",
    "start": 1539074420752,
    "end": 1539074420760,
    "duration": 8,
    "pid": 14432,
    "index": 39
  },
  {
    "name": "Require(33) node_modules/egg-jsonp/app/extend/context.js",
    "start": 1539074420760,
    "end": 1539074420760,
    "duration": 0,
    "pid": 14432,
    "index": 40
  },
  {
    "name": "Require(34) node_modules/egg-i18n/app/extend/context.js",
    "start": 1539074420761,
    "end": 1539074420761,
    "duration": 0,
    "pid": 14432,
    "index": 41
  },
  {
    "name": "Require(35) node_modules/egg-multipart/app/extend/context.js",
    "start": 1539074420762,
    "end": 1539074420790,
    "duration": 28,
    "pid": 14432,
    "index": 42
  },
  {
    "name": "Require(36) node_modules/egg-view/app/extend/context.js",
    "start": 1539074420790,
    "end": 1539074420791,
    "duration": 1,
    "pid": 14432,
    "index": 43
  },
  {
    "name": "Require(37) node_modules/egg-mongoose/app/extend/context.js",
    "start": 1539074420791,
    "end": 1539074420791,
    "duration": 0,
    "pid": 14432,
    "index": 44
  },
  {
    "name": "Require(38) node_modules/egg/app/extend/context.js",
    "start": 1539074420792,
    "end": 1539074420792,
    "duration": 0,
    "pid": 14432,
    "index": 45
  },
  {
    "name": "Load extend/helper.js",
    "start": 1539074420794,
    "end": 1539074420808,
    "duration": 14,
    "pid": 14432,
    "index": 46
  },
  {
    "name": "Require(39) node_modules/egg-security/app/extend/helper.js",
    "start": 1539074420795,
    "end": 1539074420804,
    "duration": 9,
    "pid": 14432,
    "index": 47
  },
  {
    "name": "Require(40) node_modules/egg/app/extend/helper.js",
    "start": 1539074420806,
    "end": 1539074420806,
    "duration": 0,
    "pid": 14432,
    "index": 48
  },
  {
    "name": "Load app.js",
    "start": 1539074420808,
    "end": 1539074420833,
    "duration": 25,
    "pid": 14432,
    "index": 49
  },
  {
    "name": "Require(41) node_modules/egg-session/app.js",
    "start": 1539074420808,
    "end": 1539074420808,
    "duration": 0,
    "pid": 14432,
    "index": 50
  },
  {
    "name": "Require(42) node_modules/egg-security/app.js",
    "start": 1539074420808,
    "end": 1539074420809,
    "duration": 1,
    "pid": 14432,
    "index": 51
  },
  {
    "name": "Require(43) node_modules/egg-onerror/app.js",
    "start": 1539074420810,
    "end": 1539074420816,
    "duration": 6,
    "pid": 14432,
    "index": 52
  },
  {
    "name": "Require(44) node_modules/egg-i18n/app.js",
    "start": 1539074420817,
    "end": 1539074420823,
    "duration": 6,
    "pid": 14432,
    "index": 53
  },
  {
    "name": "Require(45) node_modules/egg-watcher/app.js",
    "start": 1539074420823,
    "end": 1539074420825,
    "duration": 2,
    "pid": 14432,
    "index": 54
  },
  {
    "name": "Require(46) node_modules/egg-schedule/app.js",
    "start": 1539074420825,
    "end": 1539074420826,
    "duration": 1,
    "pid": 14432,
    "index": 55
  },
  {
    "name": "Require(47) node_modules/egg-multipart/app.js",
    "start": 1539074420826,
    "end": 1539074420831,
    "duration": 5,
    "pid": 14432,
    "index": 56
  },
  {
    "name": "Require(48) node_modules/egg-development/app.js",
    "start": 1539074420831,
    "end": 1539074420831,
    "duration": 0,
    "pid": 14432,
    "index": 57
  },
  {
    "name": "Require(49) node_modules/egg-logrotator/app.js",
    "start": 1539074420831,
    "end": 1539074420831,
    "duration": 0,
    "pid": 14432,
    "index": 58
  },
  {
    "name": "Require(50) node_modules/egg-static/app.js",
    "start": 1539074420832,
    "end": 1539074420832,
    "duration": 0,
    "pid": 14432,
    "index": 59
  },
  {
    "name": "Require(51) node_modules/egg-view-nunjucks/app.js",
    "start": 1539074420832,
    "end": 1539074420832,
    "duration": 0,
    "pid": 14432,
    "index": 60
  },
  {
    "name": "Require(52) node_modules/egg-mongoose/app.js",
    "start": 1539074420833,
    "end": 1539074420833,
    "duration": 0,
    "pid": 14432,
    "index": 61
  },
  {
    "name": "Before Start in node_modules/egg-watcher/lib/init.js:15:14",
    "start": 1539074420842,
    "end": 1539074422291,
    "duration": 1449,
    "pid": 14432,
    "index": 62
  },
  {
    "name": "Before Start in node_modules/egg-mongoose/lib/mongoose.js:77:7",
    "start": 1539074421156,
    "end": 1539074423295,
    "duration": 2139,
    "pid": 14432,
    "index": 63
  },
  {
    "name": "Before Start in node_modules/egg-mongoose/lib/mongoose.js:42:9",
    "start": 1539074421157,
    "end": 1539074422284,
    "duration": 1127,
    "pid": 14432,
    "index": 64
  },
  {
    "name": "Load Service",
    "start": 1539074421157,
    "end": 1539074422203,
    "duration": 1046,
    "pid": 14432,
    "index": 65
  },
  {
    "name": "Load \"service\" to Context",
    "start": 1539074421157,
    "end": 1539074422203,
    "duration": 1046,
    "pid": 14432,
    "index": 66
  },
  {
    "name": "Load Middleware",
    "start": 1539074422203,
    "end": 1539074422256,
    "duration": 53,
    "pid": 14432,
    "index": 67
  },
  {
    "name": "Load \"middlewares\" to Application",
    "start": 1539074422204,
    "end": 1539074422249,
    "duration": 45,
    "pid": 14432,
    "index": 68
  },
  {
    "name": "Load Controller",
    "start": 1539074422257,
    "end": 1539074422259,
    "duration": 2,
    "pid": 14432,
    "index": 69
  },
  {
    "name": "Load \"controller\" to Application",
    "start": 1539074422257,
    "end": 1539074422259,
    "duration": 2,
    "pid": 14432,
    "index": 70
  },
  {
    "name": "Load Router",
    "start": 1539074422259,
    "end": 1539074422261,
    "duration": 2,
    "pid": 14432,
    "index": 71
  },
  {
    "name": "Require(53) app/router.ts",
    "start": 1539074422260,
    "end": 1539074422260,
    "duration": 0,
    "pid": 14432,
    "index": 72
  },
  {
    "name": "Before Start in node_modules/egg-core/lib/egg.js:287:10",
    "start": 1539074422260,
    "end": 1539074422284,
    "duration": 24,
    "pid": 14432,
    "index": 73
  },
  {
    "name": "Load \"model\" to Application",
    "start": 1539074422272,
    "end": 1539074422283,
    "duration": 11,
    "pid": 14432,
    "index": 74
  }
]