[
  {
    "name": "Application Start",
    "start": 1539072770139,
    "end": 1539072771764,
    "duration": 1625,
    "pid": 15616,
    "index": 0
  },
  {
    "name": "Load Plugin",
    "start": 1539072770142,
    "end": 1539072770153,
    "duration": 11,
    "pid": 15616,
    "index": 1
  },
  {
    "name": "Load Config",
    "start": 1539072770153,
    "end": 1539072770169,
    "duration": 16,
    "pid": 15616,
    "index": 2
  },
  {
    "name": "Require(0) config/config.default.ts",
    "start": 1539072770154,
    "end": 1539072770155,
    "duration": 1,
    "pid": 15616,
    "index": 3
  },
  {
    "name": "Require(1) config/config.local.ts",
    "start": 1539072770155,
    "end": 1539072770156,
    "duration": 1,
    "pid": 15616,
    "index": 4
  },
  {
    "name": "Require(2) node_modules/egg-session/config/config.default.js",
    "start": 1539072770156,
    "end": 1539072770156,
    "duration": 0,
    "pid": 15616,
    "index": 5
  },
  {
    "name": "Require(3) node_modules/egg-security/config/config.default.js",
    "start": 1539072770157,
    "end": 1539072770157,
    "duration": 0,
    "pid": 15616,
    "index": 6
  },
  {
    "name": "Require(4) node_modules/egg-jsonp/config/config.default.js",
    "start": 1539072770157,
    "end": 1539072770157,
    "duration": 0,
    "pid": 15616,
    "index": 7
  },
  {
    "name": "Require(5) node_modules/egg-onerror/config/config.default.js",
    "start": 1539072770158,
    "end": 1539072770158,
    "duration": 0,
    "pid": 15616,
    "index": 8
  },
  {
    "name": "Require(6) node_modules/egg-i18n/config/config.default.js",
    "start": 1539072770158,
    "end": 1539072770158,
    "duration": 0,
    "pid": 15616,
    "index": 9
  },
  {
    "name": "Require(7) node_modules/egg-watcher/config/config.default.js",
    "start": 1539072770159,
    "end": 1539072770159,
    "duration": 0,
    "pid": 15616,
    "index": 10
  },
  {
    "name": "Require(8) node_modules/egg-schedule/config/config.default.js",
    "start": 1539072770159,
    "end": 1539072770159,
    "duration": 0,
    "pid": 15616,
    "index": 11
  },
  {
    "name": "Require(9) node_modules/egg-multipart/config/config.default.js",
    "start": 1539072770160,
    "end": 1539072770160,
    "duration": 0,
    "pid": 15616,
    "index": 12
  },
  {
    "name": "Require(10) node_modules/egg-development/config/config.default.js",
    "start": 1539072770160,
    "end": 1539072770160,
    "duration": 0,
    "pid": 15616,
    "index": 13
  },
  {
    "name": "Require(11) node_modules/egg-logrotator/config/config.default.js",
    "start": 1539072770161,
    "end": 1539072770161,
    "duration": 0,
    "pid": 15616,
    "index": 14
  },
  {
    "name": "Require(12) node_modules/egg-static/config/config.default.js",
    "start": 1539072770161,
    "end": 1539072770162,
    "duration": 1,
    "pid": 15616,
    "index": 15
  },
  {
    "name": "Require(13) node_modules/egg-view/config/config.default.js",
    "start": 1539072770162,
    "end": 1539072770162,
    "duration": 0,
    "pid": 15616,
    "index": 16
  },
  {
    "name": "Require(14) node_modules/egg-view-nunjucks/config/config.default.js",
    "start": 1539072770163,
    "end": 1539072770163,
    "duration": 0,
    "pid": 15616,
    "index": 17
  },
  {
    "name": "Require(15) node_modules/egg-mongoose/config/config.default.js",
    "start": 1539072770163,
    "end": 1539072770163,
    "duration": 0,
    "pid": 15616,
    "index": 18
  },
  {
    "name": "Require(16) node_modules/egg/config/config.default.js",
    "start": 1539072770164,
    "end": 1539072770164,
    "duration": 0,
    "pid": 15616,
    "index": 19
  },
  {
    "name": "Require(17) config/config.default.ts",
    "start": 1539072770166,
    "end": 1539072770166,
    "duration": 0,
    "pid": 15616,
    "index": 20
  },
  {
    "name": "Require(18) node_modules/egg-security/config/config.local.js",
    "start": 1539072770166,
    "end": 1539072770166,
    "duration": 0,
    "pid": 15616,
    "index": 21
  },
  {
    "name": "Require(19) node_modules/egg-watcher/config/config.local.js",
    "start": 1539072770167,
    "end": 1539072770167,
    "duration": 0,
    "pid": 15616,
    "index": 22
  },
  {
    "name": "Require(20) node_modules/egg-view/config/config.local.js",
    "start": 1539072770168,
    "end": 1539072770168,
    "duration": 0,
    "pid": 15616,
    "index": 23
  },
  {
    "name": "Require(21) node_modules/egg-view-nunjucks/config/config.local.js",
    "start": 1539072770168,
    "end": 1539072770168,
    "duration": 0,
    "pid": 15616,
    "index": 24
  },
  {
    "name": "Require(22) node_modules/egg/config/config.local.js",
    "start": 1539072770169,
    "end": 1539072770169,
    "duration": 0,
    "pid": 15616,
    "index": 25
  },
  {
    "name": "Require(23) config/config.local.ts",
    "start": 1539072770169,
    "end": 1539072770169,
    "duration": 0,
    "pid": 15616,
    "index": 26
  },
  {
    "name": "Load extend/application.js",
    "start": 1539072770170,
    "end": 1539072770204,
    "duration": 34,
    "pid": 15616,
    "index": 27
  },
  {
    "name": "Require(24) node_modules/egg-session/app/extend/application.js",
    "start": 1539072770170,
    "end": 1539072770171,
    "duration": 1,
    "pid": 15616,
    "index": 28
  },
  {
    "name": "Require(25) node_modules/egg-security/app/extend/application.js",
    "start": 1539072770171,
    "end": 1539072770172,
    "duration": 1,
    "pid": 15616,
    "index": 29
  },
  {
    "name": "Require(26) node_modules/egg-jsonp/app/extend/application.js",
    "start": 1539072770172,
    "end": 1539072770173,
    "duration": 1,
    "pid": 15616,
    "index": 30
  },
  {
    "name": "Require(27) node_modules/egg-logrotator/app/extend/application.js",
    "start": 1539072770174,
    "end": 1539072770175,
    "duration": 1,
    "pid": 15616,
    "index": 31
  },
  {
    "name": "Require(28) node_modules/egg-view/app/extend/application.js",
    "start": 1539072770175,
    "end": 1539072770176,
    "duration": 1,
    "pid": 15616,
    "index": 32
  },
  {
    "name": "Require(29) node_modules/egg-view-nunjucks/app/extend/application.js",
    "start": 1539072770176,
    "end": 1539072770202,
    "duration": 26,
    "pid": 15616,
    "index": 33
  },
  {
    "name": "Load extend/request.js",
    "start": 1539072770204,
    "end": 1539072770209,
    "duration": 5,
    "pid": 15616,
    "index": 34
  },
  {
    "name": "Require(30) node_modules/egg/app/extend/request.js",
    "start": 1539072770206,
    "end": 1539072770207,
    "duration": 1,
    "pid": 15616,
    "index": 35
  },
  {
    "name": "Load extend/response.js",
    "start": 1539072770209,
    "end": 1539072770213,
    "duration": 4,
    "pid": 15616,
    "index": 36
  },
  {
    "name": "Require(31) node_modules/egg/app/extend/response.js",
    "start": 1539072770210,
    "end": 1539072770211,
    "duration": 1,
    "pid": 15616,
    "index": 37
  },
  {
    "name": "Load extend/context.js",
    "start": 1539072770213,
    "end": 1539072770255,
    "duration": 42,
    "pid": 15616,
    "index": 38
  },
  {
    "name": "Require(32) node_modules/egg-security/app/extend/context.js",
    "start": 1539072770213,
    "end": 1539072770220,
    "duration": 7,
    "pid": 15616,
    "index": 39
  },
  {
    "name": "Require(33) node_modules/egg-jsonp/app/extend/context.js",
    "start": 1539072770220,
    "end": 1539072770221,
    "duration": 1,
    "pid": 15616,
    "index": 40
  },
  {
    "name": "Require(34) node_modules/egg-i18n/app/extend/context.js",
    "start": 1539072770221,
    "end": 1539072770222,
    "duration": 1,
    "pid": 15616,
    "index": 41
  },
  {
    "name": "Require(35) node_modules/egg-multipart/app/extend/context.js",
    "start": 1539072770222,
    "end": 1539072770251,
    "duration": 29,
    "pid": 15616,
    "index": 42
  },
  {
    "name": "Require(36) node_modules/egg-view/app/extend/context.js",
    "start": 1539072770251,
    "end": 1539072770252,
    "duration": 1,
    "pid": 15616,
    "index": 43
  },
  {
    "name": "Require(37) node_modules/egg-mongoose/app/extend/context.js",
    "start": 1539072770252,
    "end": 1539072770252,
    "duration": 0,
    "pid": 15616,
    "index": 44
  },
  {
    "name": "Require(38) node_modules/egg/app/extend/context.js",
    "start": 1539072770253,
    "end": 1539072770253,
    "duration": 0,
    "pid": 15616,
    "index": 45
  },
  {
    "name": "Load extend/helper.js",
    "start": 1539072770255,
    "end": 1539072770272,
    "duration": 17,
    "pid": 15616,
    "index": 46
  },
  {
    "name": "Require(39) node_modules/egg-security/app/extend/helper.js",
    "start": 1539072770256,
    "end": 1539072770268,
    "duration": 12,
    "pid": 15616,
    "index": 47
  },
  {
    "name": "Require(40) node_modules/egg/app/extend/helper.js",
    "start": 1539072770270,
    "end": 1539072770270,
    "duration": 0,
    "pid": 15616,
    "index": 48
  },
  {
    "name": "Load app.js",
    "start": 1539072770272,
    "end": 1539072770297,
    "duration": 25,
    "pid": 15616,
    "index": 49
  },
  {
    "name": "Require(41) node_modules/egg-session/app.js",
    "start": 1539072770272,
    "end": 1539072770272,
    "duration": 0,
    "pid": 15616,
    "index": 50
  },
  {
    "name": "Require(42) node_modules/egg-security/app.js",
    "start": 1539072770272,
    "end": 1539072770273,
    "duration": 1,
    "pid": 15616,
    "index": 51
  },
  {
    "name": "Require(43) node_modules/egg-onerror/app.js",
    "start": 1539072770274,
    "end": 1539072770280,
    "duration": 6,
    "pid": 15616,
    "index": 52
  },
  {
    "name": "Require(44) node_modules/egg-i18n/app.js",
    "start": 1539072770281,
    "end": 1539072770287,
    "duration": 6,
    "pid": 15616,
    "index": 53
  },
  {
    "name": "Require(45) node_modules/egg-watcher/app.js",
    "start": 1539072770287,
    "end": 1539072770291,
    "duration": 4,
    "pid": 15616,
    "index": 54
  },
  {
    "name": "Require(46) node_modules/egg-schedule/app.js",
    "start": 1539072770292,
    "end": 1539072770293,
    "duration": 1,
    "pid": 15616,
    "index": 55
  },
  {
    "name": "Require(47) node_modules/egg-multipart/app.js",
    "start": 1539072770293,
    "end": 1539072770294,
    "duration": 1,
    "pid": 15616,
    "index": 56
  },
  {
    "name": "Require(48) node_modules/egg-development/app.js",
    "start": 1539072770295,
    "end": 1539072770295,
    "duration": 0,
    "pid": 15616,
    "index": 57
  },
  {
    "name": "Require(49) node_modules/egg-logrotator/app.js",
    "start": 1539072770295,
    "end": 1539072770295,
    "duration": 0,
    "pid": 15616,
    "index": 58
  },
  {
    "name": "Require(50) node_modules/egg-static/app.js",
    "start": 1539072770295,
    "end": 1539072770296,
    "duration": 1,
    "pid": 15616,
    "index": 59
  },
  {
    "name": "Require(51) node_modules/egg-view-nunjucks/app.js",
    "start": 1539072770296,
    "end": 1539072770296,
    "duration": 0,
    "pid": 15616,
    "index": 60
  },
  {
    "name": "Require(52) node_modules/egg-mongoose/app.js",
    "start": 1539072770296,
    "end": 1539072770297,
    "duration": 1,
    "pid": 15616,
    "index": 61
  },
  {
    "name": "Before Start in node_modules/egg-watcher/lib/init.js:15:14",
    "start": 1539072770307,
    "end": 1539072770758,
    "duration": 451,
    "pid": 15616,
    "index": 62
  },
  {
    "name": "Before Start in node_modules/egg-mongoose/lib/mongoose.js:77:7",
    "start": 1539072770619,
    "end": 1539072771764,
    "duration": 1145,
    "pid": 15616,
    "index": 63
  },
  {
    "name": "Before Start in node_modules/egg-mongoose/lib/mongoose.js:42:9",
    "start": 1539072770619,
    "end": 1539072770716,
    "duration": 97,
    "pid": 15616,
    "index": 64
  },
  {
    "name": "Load Service",
    "start": 1539072770619,
    "end": 1539072770624,
    "duration": 5,
    "pid": 15616,
    "index": 65
  },
  {
    "name": "Load \"service\" to Context",
    "start": 1539072770619,
    "end": 1539072770624,
    "duration": 5,
    "pid": 15616,
    "index": 66
  },
  {
    "name": "Load Middleware",
    "start": 1539072770624,
    "end": 1539072770677,
    "duration": 53,
    "pid": 15616,
    "index": 67
  },
  {
    "name": "Load \"middlewares\" to Application",
    "start": 1539072770625,
    "end": 1539072770669,
    "duration": 44,
    "pid": 15616,
    "index": 68
  },
  {
    "name": "Load Controller",
    "start": 1539072770677,
    "end": 1539072770681,
    "duration": 4,
    "pid": 15616,
    "index": 69
  },
  {
    "name": "Load \"controller\" to Application",
    "start": 1539072770677,
    "end": 1539072770681,
    "duration": 4,
    "pid": 15616,
    "index": 70
  },
  {
    "name": "Load Router",
    "start": 1539072770681,
    "end": 1539072770684,
    "duration": 3,
    "pid": 15616,
    "index": 71
  },
  {
    "name": "Require(53) app/router.ts",
    "start": 1539072770682,
    "end": 1539072770682,
    "duration": 0,
    "pid": 15616,
    "index": 72
  },
  {
    "name": "Before Start in node_modules/egg-core/lib/egg.js:287:10",
    "start": 1539072770683,
    "end": 1539072770716,
    "duration": 33,
    "pid": 15616,
    "index": 73
  },
  {
    "name": "Load \"model\" to Application",
    "start": 1539072770701,
    "end": 1539072770715,
    "duration": 14,
    "pid": 15616,
    "index": 74
  }
]