[
  {
    "name": "Application Start",
    "start": 1539073030656,
    "end": 1539073033261,
    "duration": 2605,
    "pid": 16244,
    "index": 0
  },
  {
    "name": "Load Plugin",
    "start": 1539073030660,
    "end": 1539073030672,
    "duration": 12,
    "pid": 16244,
    "index": 1
  },
  {
    "name": "Load Config",
    "start": 1539073030672,
    "end": 1539073030690,
    "duration": 18,
    "pid": 16244,
    "index": 2
  },
  {
    "name": "Require(0) config/config.default.ts",
    "start": 1539073030673,
    "end": 1539073030673,
    "duration": 0,
    "pid": 16244,
    "index": 3
  },
  {
    "name": "Require(1) config/config.local.ts",
    "start": 1539073030674,
    "end": 1539073030675,
    "duration": 1,
    "pid": 16244,
    "index": 4
  },
  {
    "name": "Require(2) node_modules/egg-session/config/config.default.js",
    "start": 1539073030675,
    "end": 1539073030676,
    "duration": 1,
    "pid": 16244,
    "index": 5
  },
  {
    "name": "Require(3) node_modules/egg-security/config/config.default.js",
    "start": 1539073030676,
    "end": 1539073030676,
    "duration": 0,
    "pid": 16244,
    "index": 6
  },
  {
    "name": "Require(4) node_modules/egg-jsonp/config/config.default.js",
    "start": 1539073030677,
    "end": 1539073030677,
    "duration": 0,
    "pid": 16244,
    "index": 7
  },
  {
    "name": "Require(5) node_modules/egg-onerror/config/config.default.js",
    "start": 1539073030678,
    "end": 1539073030678,
    "duration": 0,
    "pid": 16244,
    "index": 8
  },
  {
    "name": "Require(6) node_modules/egg-i18n/config/config.default.js",
    "start": 1539073030679,
    "end": 1539073030679,
    "duration": 0,
    "pid": 16244,
    "index": 9
  },
  {
    "name": "Require(7) node_modules/egg-watcher/config/config.default.js",
    "start": 1539073030680,
    "end": 1539073030680,
    "duration": 0,
    "pid": 16244,
    "index": 10
  },
  {
    "name": "Require(8) node_modules/egg-schedule/config/config.default.js",
    "start": 1539073030680,
    "end": 1539073030681,
    "duration": 1,
    "pid": 16244,
    "index": 11
  },
  {
    "name": "Require(9) node_modules/egg-multipart/config/config.default.js",
    "start": 1539073030681,
    "end": 1539073030681,
    "duration": 0,
    "pid": 16244,
    "index": 12
  },
  {
    "name": "Require(10) node_modules/egg-development/config/config.default.js",
    "start": 1539073030681,
    "end": 1539073030682,
    "duration": 1,
    "pid": 16244,
    "index": 13
  },
  {
    "name": "Require(11) node_modules/egg-logrotator/config/config.default.js",
    "start": 1539073030682,
    "end": 1539073030682,
    "duration": 0,
    "pid": 16244,
    "index": 14
  },
  {
    "name": "Require(12) node_modules/egg-static/config/config.default.js",
    "start": 1539073030682,
    "end": 1539073030682,
    "duration": 0,
    "pid": 16244,
    "index": 15
  },
  {
    "name": "Require(13) node_modules/egg-view/config/config.default.js",
    "start": 1539073030683,
    "end": 1539073030683,
    "duration": 0,
    "pid": 16244,
    "index": 16
  },
  {
    "name": "Require(14) node_modules/egg-view-nunjucks/config/config.default.js",
    "start": 1539073030683,
    "end": 1539073030684,
    "duration": 1,
    "pid": 16244,
    "index": 17
  },
  {
    "name": "Require(15) node_modules/egg-mongoose/config/config.default.js",
    "start": 1539073030684,
    "end": 1539073030684,
    "duration": 0,
    "pid": 16244,
    "index": 18
  },
  {
    "name": "Require(16) node_modules/egg/config/config.default.js",
    "start": 1539073030684,
    "end": 1539073030685,
    "duration": 1,
    "pid": 16244,
    "index": 19
  },
  {
    "name": "Require(17) config/config.default.ts",
    "start": 1539073030686,
    "end": 1539073030686,
    "duration": 0,
    "pid": 16244,
    "index": 20
  },
  {
    "name": "Require(18) node_modules/egg-security/config/config.local.js",
    "start": 1539073030686,
    "end": 1539073030686,
    "duration": 0,
    "pid": 16244,
    "index": 21
  },
  {
    "name": "Require(19) node_modules/egg-watcher/config/config.local.js",
    "start": 1539073030688,
    "end": 1539073030688,
    "duration": 0,
    "pid": 16244,
    "index": 22
  },
  {
    "name": "Require(20) node_modules/egg-view/config/config.local.js",
    "start": 1539073030689,
    "end": 1539073030689,
    "duration": 0,
    "pid": 16244,
    "index": 23
  },
  {
    "name": "Require(21) node_modules/egg-view-nunjucks/config/config.local.js",
    "start": 1539073030690,
    "end": 1539073030690,
    "duration": 0,
    "pid": 16244,
    "index": 24
  },
  {
    "name": "Require(22) node_modules/egg/config/config.local.js",
    "start": 1539073030690,
    "end": 1539073030690,
    "duration": 0,
    "pid": 16244,
    "index": 25
  },
  {
    "name": "Require(23) config/config.local.ts",
    "start": 1539073030690,
    "end": 1539073030690,
    "duration": 0,
    "pid": 16244,
    "index": 26
  },
  {
    "name": "Load extend/application.js",
    "start": 1539073030692,
    "end": 1539073030727,
    "duration": 35,
    "pid": 16244,
    "index": 27
  },
  {
    "name": "Require(24) node_modules/egg-session/app/extend/application.js",
    "start": 1539073030692,
    "end": 1539073030692,
    "duration": 0,
    "pid": 16244,
    "index": 28
  },
  {
    "name": "Require(25) node_modules/egg-security/app/extend/application.js",
    "start": 1539073030692,
    "end": 1539073030693,
    "duration": 1,
    "pid": 16244,
    "index": 29
  },
  {
    "name": "Require(26) node_modules/egg-jsonp/app/extend/application.js",
    "start": 1539073030693,
    "end": 1539073030694,
    "duration": 1,
    "pid": 16244,
    "index": 30
  },
  {
    "name": "Require(27) node_modules/egg-logrotator/app/extend/application.js",
    "start": 1539073030695,
    "end": 1539073030696,
    "duration": 1,
    "pid": 16244,
    "index": 31
  },
  {
    "name": "Require(28) node_modules/egg-view/app/extend/application.js",
    "start": 1539073030697,
    "end": 1539073030698,
    "duration": 1,
    "pid": 16244,
    "index": 32
  },
  {
    "name": "Require(29) node_modules/egg-view-nunjucks/app/extend/application.js",
    "start": 1539073030698,
    "end": 1539073030725,
    "duration": 27,
    "pid": 16244,
    "index": 33
  },
  {
    "name": "Load extend/request.js",
    "start": 1539073030727,
    "end": 1539073030732,
    "duration": 5,
    "pid": 16244,
    "index": 34
  },
  {
    "name": "Require(30) node_modules/egg/app/extend/request.js",
    "start": 1539073030729,
    "end": 1539073030730,
    "duration": 1,
    "pid": 16244,
    "index": 35
  },
  {
    "name": "Load extend/response.js",
    "start": 1539073030732,
    "end": 1539073030737,
    "duration": 5,
    "pid": 16244,
    "index": 36
  },
  {
    "name": "Require(31) node_modules/egg/app/extend/response.js",
    "start": 1539073030734,
    "end": 1539073030735,
    "duration": 1,
    "pid": 16244,
    "index": 37
  },
  {
    "name": "Load extend/context.js",
    "start": 1539073030737,
    "end": 1539073030785,
    "duration": 48,
    "pid": 16244,
    "index": 38
  },
  {
    "name": "Require(32) node_modules/egg-security/app/extend/context.js",
    "start": 1539073030738,
    "end": 1539073030745,
    "duration": 7,
    "pid": 16244,
    "index": 39
  },
  {
    "name": "Require(33) node_modules/egg-jsonp/app/extend/context.js",
    "start": 1539073030745,
    "end": 1539073030746,
    "duration": 1,
    "pid": 16244,
    "index": 40
  },
  {
    "name": "Require(34) node_modules/egg-i18n/app/extend/context.js",
    "start": 1539073030746,
    "end": 1539073030746,
    "duration": 0,
    "pid": 16244,
    "index": 41
  },
  {
    "name": "Require(35) node_modules/egg-multipart/app/extend/context.js",
    "start": 1539073030747,
    "end": 1539073030779,
    "duration": 32,
    "pid": 16244,
    "index": 42
  },
  {
    "name": "Require(36) node_modules/egg-view/app/extend/context.js",
    "start": 1539073030780,
    "end": 1539073030781,
    "duration": 1,
    "pid": 16244,
    "index": 43
  },
  {
    "name": "Require(37) node_modules/egg-mongoose/app/extend/context.js",
    "start": 1539073030782,
    "end": 1539073030782,
    "duration": 0,
    "pid": 16244,
    "index": 44
  },
  {
    "name": "Require(38) node_modules/egg/app/extend/context.js",
    "start": 1539073030782,
    "end": 1539073030783,
    "duration": 1,
    "pid": 16244,
    "index": 45
  },
  {
    "name": "Load extend/helper.js",
    "start": 1539073030785,
    "end": 1539073030799,
    "duration": 14,
    "pid": 16244,
    "index": 46
  },
  {
    "name": "Require(39) node_modules/egg-security/app/extend/helper.js",
    "start": 1539073030786,
    "end": 1539073030795,
    "duration": 9,
    "pid": 16244,
    "index": 47
  },
  {
    "name": "Require(40) node_modules/egg/app/extend/helper.js",
    "start": 1539073030797,
    "end": 1539073030797,
    "duration": 0,
    "pid": 16244,
    "index": 48
  },
  {
    "name": "Load app.js",
    "start": 1539073030799,
    "end": 1539073030825,
    "duration": 26,
    "pid": 16244,
    "index": 49
  },
  {
    "name": "Require(41) node_modules/egg-session/app.js",
    "start": 1539073030800,
    "end": 1539073030800,
    "duration": 0,
    "pid": 16244,
    "index": 50
  },
  {
    "name": "Require(42) node_modules/egg-security/app.js",
    "start": 1539073030800,
    "end": 1539073030801,
    "duration": 1,
    "pid": 16244,
    "index": 51
  },
  {
    "name": "Require(43) node_modules/egg-onerror/app.js",
    "start": 1539073030801,
    "end": 1539073030808,
    "duration": 7,
    "pid": 16244,
    "index": 52
  },
  {
    "name": "Require(44) node_modules/egg-i18n/app.js",
    "start": 1539073030808,
    "end": 1539073030813,
    "duration": 5,
    "pid": 16244,
    "index": 53
  },
  {
    "name": "Require(45) node_modules/egg-watcher/app.js",
    "start": 1539073030814,
    "end": 1539073030819,
    "duration": 5,
    "pid": 16244,
    "index": 54
  },
  {
    "name": "Require(46) node_modules/egg-schedule/app.js",
    "start": 1539073030819,
    "end": 1539073030820,
    "duration": 1,
    "pid": 16244,
    "index": 55
  },
  {
    "name": "Require(47) node_modules/egg-multipart/app.js",
    "start": 1539073030820,
    "end": 1539073030822,
    "duration": 2,
    "pid": 16244,
    "index": 56
  },
  {
    "name": "Require(48) node_modules/egg-development/app.js",
    "start": 1539073030822,
    "end": 1539073030822,
    "duration": 0,
    "pid": 16244,
    "index": 57
  },
  {
    "name": "Require(49) node_modules/egg-logrotator/app.js",
    "start": 1539073030822,
    "end": 1539073030823,
    "duration": 1,
    "pid": 16244,
    "index": 58
  },
  {
    "name": "Require(50) node_modules/egg-static/app.js",
    "start": 1539073030823,
    "end": 1539073030823,
    "duration": 0,
    "pid": 16244,
    "index": 59
  },
  {
    "name": "Require(51) node_modules/egg-view-nunjucks/app.js",
    "start": 1539073030824,
    "end": 1539073030824,
    "duration": 0,
    "pid": 16244,
    "index": 60
  },
  {
    "name": "Require(52) node_modules/egg-mongoose/app.js",
    "start": 1539073030824,
    "end": 1539073030824,
    "duration": 0,
    "pid": 16244,
    "index": 61
  },
  {
    "name": "Before Start in node_modules/egg-watcher/lib/init.js:15:14",
    "start": 1539073030834,
    "end": 1539073032254,
    "duration": 1420,
    "pid": 16244,
    "index": 62
  },
  {
    "name": "Before Start in node_modules/egg-mongoose/lib/mongoose.js:77:7",
    "start": 1539073031148,
    "end": 1539073033261,
    "duration": 2113,
    "pid": 16244,
    "index": 63
  },
  {
    "name": "Before Start in node_modules/egg-mongoose/lib/mongoose.js:42:9",
    "start": 1539073031148,
    "end": 1539073032246,
    "duration": 1098,
    "pid": 16244,
    "index": 64
  },
  {
    "name": "Load Service",
    "start": 1539073031149,
    "end": 1539073032162,
    "duration": 1013,
    "pid": 16244,
    "index": 65
  },
  {
    "name": "Load \"service\" to Context",
    "start": 1539073031149,
    "end": 1539073032162,
    "duration": 1013,
    "pid": 16244,
    "index": 66
  },
  {
    "name": "Load Middleware",
    "start": 1539073032162,
    "end": 1539073032221,
    "duration": 59,
    "pid": 16244,
    "index": 67
  },
  {
    "name": "Load \"middlewares\" to Application",
    "start": 1539073032162,
    "end": 1539073032215,
    "duration": 53,
    "pid": 16244,
    "index": 68
  },
  {
    "name": "Load Controller",
    "start": 1539073032221,
    "end": 1539073032223,
    "duration": 2,
    "pid": 16244,
    "index": 69
  },
  {
    "name": "Load \"controller\" to Application",
    "start": 1539073032221,
    "end": 1539073032223,
    "duration": 2,
    "pid": 16244,
    "index": 70
  },
  {
    "name": "Load Router",
    "start": 1539073032223,
    "end": 1539073032225,
    "duration": 2,
    "pid": 16244,
    "index": 71
  },
  {
    "name": "Require(53) app/router.ts",
    "start": 1539073032223,
    "end": 1539073032224,
    "duration": 1,
    "pid": 16244,
    "index": 72
  },
  {
    "name": "Before Start in node_modules/egg-core/lib/egg.js:287:10",
    "start": 1539073032224,
    "end": 1539073032246,
    "duration": 22,
    "pid": 16244,
    "index": 73
  },
  {
    "name": "Load \"model\" to Application",
    "start": 1539073032235,
    "end": 1539073032246,
    "duration": 11,
    "pid": 16244,
    "index": 74
  }
]