[
  {
    "name": "Application Start",
    "start": 1539075274720,
    "end": 1539075277326,
    "duration": 2606,
    "pid": 9592,
    "index": 0
  },
  {
    "name": "Load Plugin",
    "start": 1539075274723,
    "end": 1539075274735,
    "duration": 12,
    "pid": 9592,
    "index": 1
  },
  {
    "name": "Load Config",
    "start": 1539075274735,
    "end": 1539075274750,
    "duration": 15,
    "pid": 9592,
    "index": 2
  },
  {
    "name": "Require(0) config/config.default.ts",
    "start": 1539075274735,
    "end": 1539075274736,
    "duration": 1,
    "pid": 9592,
    "index": 3
  },
  {
    "name": "Require(1) config/config.local.ts",
    "start": 1539075274737,
    "end": 1539075274737,
    "duration": 0,
    "pid": 9592,
    "index": 4
  },
  {
    "name": "Require(2) node_modules/egg-session/config/config.default.js",
    "start": 1539075274738,
    "end": 1539075274738,
    "duration": 0,
    "pid": 9592,
    "index": 5
  },
  {
    "name": "Require(3) node_modules/egg-security/config/config.default.js",
    "start": 1539075274738,
    "end": 1539075274738,
    "duration": 0,
    "pid": 9592,
    "index": 6
  },
  {
    "name": "Require(4) node_modules/egg-jsonp/config/config.default.js",
    "start": 1539075274739,
    "end": 1539075274739,
    "duration": 0,
    "pid": 9592,
    "index": 7
  },
  {
    "name": "Require(5) node_modules/egg-onerror/config/config.default.js",
    "start": 1539075274739,
    "end": 1539075274740,
    "duration": 1,
    "pid": 9592,
    "index": 8
  },
  {
    "name": "Require(6) node_modules/egg-i18n/config/config.default.js",
    "start": 1539075274740,
    "end": 1539075274740,
    "duration": 0,
    "pid": 9592,
    "index": 9
  },
  {
    "name": "Require(7) node_modules/egg-watcher/config/config.default.js",
    "start": 1539075274740,
    "end": 1539075274741,
    "duration": 1,
    "pid": 9592,
    "index": 10
  },
  {
    "name": "Require(8) node_modules/egg-schedule/config/config.default.js",
    "start": 1539075274741,
    "end": 1539075274741,
    "duration": 0,
    "pid": 9592,
    "index": 11
  },
  {
    "name": "Require(9) node_modules/egg-multipart/config/config.default.js",
    "start": 1539075274742,
    "end": 1539075274742,
    "duration": 0,
    "pid": 9592,
    "index": 12
  },
  {
    "name": "Require(10) node_modules/egg-development/config/config.default.js",
    "start": 1539075274742,
    "end": 1539075274742,
    "duration": 0,
    "pid": 9592,
    "index": 13
  },
  {
    "name": "Require(11) node_modules/egg-logrotator/config/config.default.js",
    "start": 1539075274743,
    "end": 1539075274743,
    "duration": 0,
    "pid": 9592,
    "index": 14
  },
  {
    "name": "Require(12) node_modules/egg-static/config/config.default.js",
    "start": 1539075274743,
    "end": 1539075274743,
    "duration": 0,
    "pid": 9592,
    "index": 15
  },
  {
    "name": "Require(13) node_modules/egg-view/config/config.default.js",
    "start": 1539075274744,
    "end": 1539075274744,
    "duration": 0,
    "pid": 9592,
    "index": 16
  },
  {
    "name": "Require(14) node_modules/egg-view-nunjucks/config/config.default.js",
    "start": 1539075274744,
    "end": 1539075274744,
    "duration": 0,
    "pid": 9592,
    "index": 17
  },
  {
    "name": "Require(15) node_modules/egg-mongoose/config/config.default.js",
    "start": 1539075274745,
    "end": 1539075274745,
    "duration": 0,
    "pid": 9592,
    "index": 18
  },
  {
    "name": "Require(16) node_modules/egg/config/config.default.js",
    "start": 1539075274745,
    "end": 1539075274745,
    "duration": 0,
    "pid": 9592,
    "index": 19
  },
  {
    "name": "Require(17) config/config.default.ts",
    "start": 1539075274746,
    "end": 1539075274746,
    "duration": 0,
    "pid": 9592,
    "index": 20
  },
  {
    "name": "Require(18) node_modules/egg-security/config/config.local.js",
    "start": 1539075274747,
    "end": 1539075274747,
    "duration": 0,
    "pid": 9592,
    "index": 21
  },
  {
    "name": "Require(19) node_modules/egg-watcher/config/config.local.js",
    "start": 1539075274747,
    "end": 1539075274748,
    "duration": 1,
    "pid": 9592,
    "index": 22
  },
  {
    "name": "Require(20) node_modules/egg-view/config/config.local.js",
    "start": 1539075274749,
    "end": 1539075274749,
    "duration": 0,
    "pid": 9592,
    "index": 23
  },
  {
    "name": "Require(21) node_modules/egg-view-nunjucks/config/config.local.js",
    "start": 1539075274749,
    "end": 1539075274749,
    "duration": 0,
    "pid": 9592,
    "index": 24
  },
  {
    "name": "Require(22) node_modules/egg/config/config.local.js",
    "start": 1539075274749,
    "end": 1539075274750,
    "duration": 1,
    "pid": 9592,
    "index": 25
  },
  {
    "name": "Require(23) config/config.local.ts",
    "start": 1539075274750,
    "end": 1539075274750,
    "duration": 0,
    "pid": 9592,
    "index": 26
  },
  {
    "name": "Load extend/application.js",
    "start": 1539075274751,
    "end": 1539075274783,
    "duration": 32,
    "pid": 9592,
    "index": 27
  },
  {
    "name": "Require(24) node_modules/egg-session/app/extend/application.js",
    "start": 1539075274751,
    "end": 1539075274751,
    "duration": 0,
    "pid": 9592,
    "index": 28
  },
  {
    "name": "Require(25) node_modules/egg-security/app/extend/application.js",
    "start": 1539075274752,
    "end": 1539075274752,
    "duration": 0,
    "pid": 9592,
    "index": 29
  },
  {
    "name": "Require(26) node_modules/egg-jsonp/app/extend/application.js",
    "start": 1539075274752,
    "end": 1539075274753,
    "duration": 1,
    "pid": 9592,
    "index": 30
  },
  {
    "name": "Require(27) node_modules/egg-logrotator/app/extend/application.js",
    "start": 1539075274754,
    "end": 1539075274755,
    "duration": 1,
    "pid": 9592,
    "index": 31
  },
  {
    "name": "Require(28) node_modules/egg-view/app/extend/application.js",
    "start": 1539075274755,
    "end": 1539075274756,
    "duration": 1,
    "pid": 9592,
    "index": 32
  },
  {
    "name": "Require(29) node_modules/egg-view-nunjucks/app/extend/application.js",
    "start": 1539075274756,
    "end": 1539075274781,
    "duration": 25,
    "pid": 9592,
    "index": 33
  },
  {
    "name": "Load extend/request.js",
    "start": 1539075274783,
    "end": 1539075274789,
    "duration": 6,
    "pid": 9592,
    "index": 34
  },
  {
    "name": "Require(30) node_modules/egg/app/extend/request.js",
    "start": 1539075274786,
    "end": 1539075274787,
    "duration": 1,
    "pid": 9592,
    "index": 35
  },
  {
    "name": "Load extend/response.js",
    "start": 1539075274789,
    "end": 1539075274793,
    "duration": 4,
    "pid": 9592,
    "index": 36
  },
  {
    "name": "Require(31) node_modules/egg/app/extend/response.js",
    "start": 1539075274790,
    "end": 1539075274791,
    "duration": 1,
    "pid": 9592,
    "index": 37
  },
  {
    "name": "Load extend/context.js",
    "start": 1539075274793,
    "end": 1539075274838,
    "duration": 45,
    "pid": 9592,
    "index": 38
  },
  {
    "name": "Require(32) node_modules/egg-security/app/extend/context.js",
    "start": 1539075274793,
    "end": 1539075274801,
    "duration": 8,
    "pid": 9592,
    "index": 39
  },
  {
    "name": "Require(33) node_modules/egg-jsonp/app/extend/context.js",
    "start": 1539075274801,
    "end": 1539075274802,
    "duration": 1,
    "pid": 9592,
    "index": 40
  },
  {
    "name": "Require(34) node_modules/egg-i18n/app/extend/context.js",
    "start": 1539075274802,
    "end": 1539075274803,
    "duration": 1,
    "pid": 9592,
    "index": 41
  },
  {
    "name": "Require(35) node_modules/egg-multipart/app/extend/context.js",
    "start": 1539075274804,
    "end": 1539075274833,
    "duration": 29,
    "pid": 9592,
    "index": 42
  },
  {
    "name": "Require(36) node_modules/egg-view/app/extend/context.js",
    "start": 1539075274834,
    "end": 1539075274834,
    "duration": 0,
    "pid": 9592,
    "index": 43
  },
  {
    "name": "Require(37) node_modules/egg-mongoose/app/extend/context.js",
    "start": 1539075274835,
    "end": 1539075274835,
    "duration": 0,
    "pid": 9592,
    "index": 44
  },
  {
    "name": "Require(38) node_modules/egg/app/extend/context.js",
    "start": 1539075274835,
    "end": 1539075274836,
    "duration": 1,
    "pid": 9592,
    "index": 45
  },
  {
    "name": "Load extend/helper.js",
    "start": 1539075274838,
    "end": 1539075274851,
    "duration": 13,
    "pid": 9592,
    "index": 46
  },
  {
    "name": "Require(39) node_modules/egg-security/app/extend/helper.js",
    "start": 1539075274838,
    "end": 1539075274848,
    "duration": 10,
    "pid": 9592,
    "index": 47
  },
  {
    "name": "Require(40) node_modules/egg/app/extend/helper.js",
    "start": 1539075274849,
    "end": 1539075274849,
    "duration": 0,
    "pid": 9592,
    "index": 48
  },
  {
    "name": "Load app.js",
    "start": 1539075274851,
    "end": 1539075274877,
    "duration": 26,
    "pid": 9592,
    "index": 49
  },
  {
    "name": "Require(41) node_modules/egg-session/app.js",
    "start": 1539075274852,
    "end": 1539075274852,
    "duration": 0,
    "pid": 9592,
    "index": 50
  },
  {
    "name": "Require(42) node_modules/egg-security/app.js",
    "start": 1539075274852,
    "end": 1539075274853,
    "duration": 1,
    "pid": 9592,
    "index": 51
  },
  {
    "name": "Require(43) node_modules/egg-onerror/app.js",
    "start": 1539075274853,
    "end": 1539075274860,
    "duration": 7,
    "pid": 9592,
    "index": 52
  },
  {
    "name": "Require(44) node_modules/egg-i18n/app.js",
    "start": 1539075274861,
    "end": 1539075274867,
    "duration": 6,
    "pid": 9592,
    "index": 53
  },
  {
    "name": "Require(45) node_modules/egg-watcher/app.js",
    "start": 1539075274867,
    "end": 1539075274871,
    "duration": 4,
    "pid": 9592,
    "index": 54
  },
  {
    "name": "Require(46) node_modules/egg-schedule/app.js",
    "start": 1539075274871,
    "end": 1539075274872,
    "duration": 1,
    "pid": 9592,
    "index": 55
  },
  {
    "name": "Require(47) node_modules/egg-multipart/app.js",
    "start": 1539075274872,
    "end": 1539075274874,
    "duration": 2,
    "pid": 9592,
    "index": 56
  },
  {
    "name": "Require(48) node_modules/egg-development/app.js",
    "start": 1539075274874,
    "end": 1539075274875,
    "duration": 1,
    "pid": 9592,
    "index": 57
  },
  {
    "name": "Require(49) node_modules/egg-logrotator/app.js",
    "start": 1539075274875,
    "end": 1539075274875,
    "duration": 0,
    "pid": 9592,
    "index": 58
  },
  {
    "name": "Require(50) node_modules/egg-static/app.js",
    "start": 1539075274875,
    "end": 1539075274875,
    "duration": 0,
    "pid": 9592,
    "index": 59
  },
  {
    "name": "Require(51) node_modules/egg-view-nunjucks/app.js",
    "start": 1539075274876,
    "end": 1539075274876,
    "duration": 0,
    "pid": 9592,
    "index": 60
  },
  {
    "name": "Require(52) node_modules/egg-mongoose/app.js",
    "start": 1539075274876,
    "end": 1539075274877,
    "duration": 1,
    "pid": 9592,
    "index": 61
  },
  {
    "name": "Before Start in node_modules/egg-watcher/lib/init.js:15:14",
    "start": 1539075274887,
    "end": 1539075276317,
    "duration": 1430,
    "pid": 9592,
    "index": 62
  },
  {
    "name": "Before Start in node_modules/egg-mongoose/lib/mongoose.js:77:7",
    "start": 1539075275179,
    "end": 1539075277326,
    "duration": 2147,
    "pid": 9592,
    "index": 63
  },
  {
    "name": "Before Start in node_modules/egg-mongoose/lib/mongoose.js:42:9",
    "start": 1539075275179,
    "end": 1539075276309,
    "duration": 1130,
    "pid": 9592,
    "index": 64
  },
  {
    "name": "Load Service",
    "start": 1539075275180,
    "end": 1539075275185,
    "duration": 5,
    "pid": 9592,
    "index": 65
  },
  {
    "name": "Load \"service\" to Context",
    "start": 1539075275180,
    "end": 1539075275185,
    "duration": 5,
    "pid": 9592,
    "index": 66
  },
  {
    "name": "Load Middleware",
    "start": 1539075275185,
    "end": 1539075275235,
    "duration": 50,
    "pid": 9592,
    "index": 67
  },
  {
    "name": "Load \"middlewares\" to Application",
    "start": 1539075275185,
    "end": 1539075275228,
    "duration": 43,
    "pid": 9592,
    "index": 68
  },
  {
    "name": "Load Controller",
    "start": 1539075275235,
    "end": 1539075276284,
    "duration": 1049,
    "pid": 9592,
    "index": 69
  },
  {
    "name": "Load \"controller\" to Application",
    "start": 1539075275235,
    "end": 1539075276284,
    "duration": 1049,
    "pid": 9592,
    "index": 70
  },
  {
    "name": "Load Router",
    "start": 1539075276284,
    "end": 1539075276287,
    "duration": 3,
    "pid": 9592,
    "index": 71
  },
  {
    "name": "Require(53) app/router.ts",
    "start": 1539075276284,
    "end": 1539075276285,
    "duration": 1,
    "pid": 9592,
    "index": 72
  },
  {
    "name": "Before Start in node_modules/egg-core/lib/egg.js:287:10",
    "start": 1539075276286,
    "end": 1539075276309,
    "duration": 23,
    "pid": 9592,
    "index": 73
  },
  {
    "name": "Load \"model\" to Application",
    "start": 1539075276297,
    "end": 1539075276308,
    "duration": 11,
    "pid": 9592,
    "index": 74
  }
]