{
  "richCof": {
    "MovieHome": {
      "sub": "E:\\AAA2018\\Egg\\ts-egg\\config\\config.default.ts",
      "page": "E:\\AAA2018\\Egg\\ts-egg\\config\\config.default.ts",
      "newest": "E:\\AAA2018\\Egg\\ts-egg\\config\\config.default.ts",
      "bili": "E:\\AAA2018\\Egg\\ts-egg\\config\\config.default.ts",
      "search": "E:\\AAA2018\\Egg\\ts-egg\\config\\config.default.ts",
      "group": "E:\\AAA2018\\Egg\\ts-egg\\config\\config.default.ts"
    },
    "OnlineMovie": {
      "search": "E:\\AAA2018\\Egg\\ts-egg\\config\\config.default.ts"
    },
    "qiniu": {
      "cname": "E:\\AAA2018\\Egg\\ts-egg\\config\\config.default.ts",
      "bucket": "E:\\AAA2018\\Egg\\ts-egg\\config\\config.default.ts",
      "AK": "E:\\AAA2018\\Egg\\ts-egg\\config\\config.default.ts",
      "SK": "E:\\AAA2018\\Egg\\ts-egg\\config\\config.default.ts"
    },
    "HomeNav": {
      "newest": "E:\\AAA2018\\Egg\\ts-egg\\config\\config.default.ts",
      "tv": "E:\\AAA2018\\Egg\\ts-egg\\config\\config.default.ts",
      "catoon": "E:\\AAA2018\\Egg\\ts-egg\\config\\config.default.ts"
    }
  },
  "keys": "E:\\AAA2018\\Egg\\ts-egg\\config\\config.default.ts",
  "middleware": "E:\\AAA2018\\Egg\\ts-egg\\config\\config.default.ts",
  "view": {
    "defaultViewEngine": "E:\\AAA2018\\Egg\\ts-egg\\config\\config.default.ts",
    "mapping": {
      ".html": "E:\\AAA2018\\Egg\\ts-egg\\config\\config.default.ts"
    },
    "root": "E:\\AAA2018\\Egg\\ts-egg\\node_modules\\egg-view\\config\\config.default.js",
    "cache": "E:\\AAA2018\\Egg\\ts-egg\\node_modules\\egg-view\\config\\config.local.js",
    "defaultExtension": "E:\\AAA2018\\Egg\\ts-egg\\node_modules\\egg-view\\config\\config.default.js"
  },
  "mongoose": {
    "url": "E:\\AAA2018\\Egg\\ts-egg\\config\\config.default.ts",
    "options": "E:\\AAA2018\\Egg\\ts-egg\\config\\config.default.ts",
    "loadModel": "E:\\AAA2018\\Egg\\ts-egg\\node_modules\\egg-mongoose\\config\\config.default.js",
    "app": "E:\\AAA2018\\Egg\\ts-egg\\node_modules\\egg-mongoose\\config\\config.default.js",
    "agent": "E:\\AAA2018\\Egg\\ts-egg\\node_modules\\egg-mongoose\\config\\config.default.js"
  },
  "sourceUrl": "E:\\AAA2018\\Egg\\ts-egg\\config\\config.default.ts",
  "session": {
    "maxAge": "E:\\AAA2018\\Egg\\ts-egg\\node_modules\\egg-session\\config\\config.default.js",
    "key": "E:\\AAA2018\\Egg\\ts-egg\\node_modules\\egg-session\\config\\config.default.js",
    "httpOnly": "E:\\AAA2018\\Egg\\ts-egg\\node_modules\\egg-session\\config\\config.default.js",
    "encrypt": "E:\\AAA2018\\Egg\\ts-egg\\node_modules\\egg-session\\config\\config.default.js"
  },
  "security": {
    "domainWhiteList": "E:\\AAA2018\\Egg\\ts-egg\\node_modules\\egg-security\\config\\config.default.js",
    "protocolWhiteList": "E:\\AAA2018\\Egg\\ts-egg\\node_modules\\egg-security\\config\\config.default.js",
    "defaultMiddleware": "E:\\AAA2018\\Egg\\ts-egg\\node_modules\\egg-security\\config\\config.default.js",
    "csrf": {
      "enable": "E:\\AAA2018\\Egg\\ts-egg\\node_modules\\egg-security\\config\\config.default.js",
      "useSession": "E:\\AAA2018\\Egg\\ts-egg\\node_modules\\egg-security\\config\\config.default.js",
      "ignoreJSON": "E:\\AAA2018\\Egg\\ts-egg\\node_modules\\egg-security\\config\\config.default.js",
      "cookieName": "E:\\AAA2018\\Egg\\ts-egg\\node_modules\\egg-security\\config\\config.default.js",
      "sessionName": "E:\\AAA2018\\Egg\\ts-egg\\node_modules\\egg-security\\config\\config.default.js",
      "headerName": "E:\\AAA2018\\Egg\\ts-egg\\node_modules\\egg-security\\config\\config.default.js",
      "bodyName": "E:\\AAA2018\\Egg\\ts-egg\\node_modules\\egg-security\\config\\config.default.js",
      "queryName": "E:\\AAA2018\\Egg\\ts-egg\\node_modules\\egg-security\\config\\config.default.js"
    },
    "xframe": {
      "enable": "E:\\AAA2018\\Egg\\ts-egg\\node_modules\\egg-security\\config\\config.default.js",
      "value": "E:\\AAA2018\\Egg\\ts-egg\\node_modules\\egg-security\\config\\config.default.js"
    },
    "hsts": {
      "enable": "E:\\AAA2018\\Egg\\ts-egg\\node_modules\\egg-security\\config\\config.local.js",
      "maxAge": "E:\\AAA2018\\Egg\\ts-egg\\node_modules\\egg-security\\config\\config.default.js",
      "includeSubdomains": "E:\\AAA2018\\Egg\\ts-egg\\node_modules\\egg-security\\config\\config.default.js"
    },
    "dta": {
      "enable": "E:\\AAA2018\\Egg\\ts-egg\\node_modules\\egg-security\\config\\config.default.js"
    },
    "methodnoallow": {
      "enable": "E:\\AAA2018\\Egg\\ts-egg\\node_modules\\egg-security\\config\\config.default.js"
    },
    "noopen": {
      "enable": "E:\\AAA2018\\Egg\\ts-egg\\node_modules\\egg-security\\config\\config.default.js"
    },
    "nosniff": {
      "enable": "E:\\AAA2018\\Egg\\ts-egg\\node_modules\\egg-security\\config\\config.default.js"
    },
    "referrerPolicy": {
      "enable": "E:\\AAA2018\\Egg\\ts-egg\\node_modules\\egg-security\\config\\config.default.js",
      "value": "E:\\AAA2018\\Egg\\ts-egg\\node_modules\\egg-security\\config\\config.default.js"
    },
    "xssProtection": {
      "enable": "E:\\AAA2018\\Egg\\ts-egg\\node_modules\\egg-security\\config\\config.default.js",
      "value": "E:\\AAA2018\\Egg\\ts-egg\\node_modules\\egg-security\\config\\config.default.js"
    },
    "csp": {
      "enable": "E:\\AAA2018\\Egg\\ts-egg\\node_modules\\egg-security\\config\\config.default.js",
      "policy": "E:\\AAA2018\\Egg\\ts-egg\\node_modules\\egg-security\\config\\config.default.js"
    },
    "ssrf": {
      "ipBlackList": "E:\\AAA2018\\Egg\\ts-egg\\node_modules\\egg-security\\config\\config.default.js",
      "checkAddress": "E:\\AAA2018\\Egg\\ts-egg\\node_modules\\egg-security\\config\\config.default.js"
    }
  },
  "helper": {
    "shtml": "E:\\AAA2018\\Egg\\ts-egg\\node_modules\\egg-security\\config\\config.default.js"
  },
  "jsonp": {
    "limit": "E:\\AAA2018\\Egg\\ts-egg\\node_modules\\egg-jsonp\\config\\config.default.js",
    "callback": "E:\\AAA2018\\Egg\\ts-egg\\node_modules\\egg-jsonp\\config\\config.default.js",
    "csrf": "E:\\AAA2018\\Egg\\ts-egg\\node_modules\\egg-jsonp\\config\\config.default.js"
  },
  "onerror": {
    "errorPageUrl": "E:\\AAA2018\\Egg\\ts-egg\\node_modules\\egg-onerror\\config\\config.default.js",
    "appErrorFilter": "E:\\AAA2018\\Egg\\ts-egg\\node_modules\\egg-onerror\\config\\config.default.js",
    "templatePath": "E:\\AAA2018\\Egg\\ts-egg\\node_modules\\egg-onerror\\config\\config.default.js"
  },
  "i18n": {
    "defaultLocale": "E:\\AAA2018\\Egg\\ts-egg\\node_modules\\egg-i18n\\config\\config.default.js",
    "dirs": "E:\\AAA2018\\Egg\\ts-egg\\node_modules\\egg-i18n\\config\\config.default.js",
    "queryField": "E:\\AAA2018\\Egg\\ts-egg\\node_modules\\egg-i18n\\config\\config.default.js",
    "cookieField": "E:\\AAA2018\\Egg\\ts-egg\\node_modules\\egg-i18n\\config\\config.default.js",
    "cookieMaxAge": "E:\\AAA2018\\Egg\\ts-egg\\node_modules\\egg-i18n\\config\\config.default.js"
  },
  "watcher": {
    "type": "E:\\AAA2018\\Egg\\ts-egg\\node_modules\\egg-watcher\\config\\config.local.js",
    "eventSources": {
      "default": "E:\\AAA2018\\Egg\\ts-egg\\node_modules\\egg-watcher\\config\\config.default.js",
      "development": "E:\\AAA2018\\Egg\\ts-egg\\node_modules\\egg-watcher\\config\\config.default.js"
    }
  },
  "customLogger": {
    "scheduleLogger": {
      "consoleLevel": "E:\\AAA2018\\Egg\\ts-egg\\node_modules\\egg-schedule\\config\\config.default.js",
      "file": "E:\\AAA2018\\Egg\\ts-egg\\node_modules\\egg-schedule\\config\\config.default.js"
    }
  },
  "multipart": {
    "mode": "E:\\AAA2018\\Egg\\ts-egg\\node_modules\\egg-multipart\\config\\config.default.js",
    "autoFields": "E:\\AAA2018\\Egg\\ts-egg\\node_modules\\egg-multipart\\config\\config.default.js",
    "defaultCharset": "E:\\AAA2018\\Egg\\ts-egg\\node_modules\\egg-multipart\\config\\config.default.js",
    "fieldNameSize": "E:\\AAA2018\\Egg\\ts-egg\\node_modules\\egg-multipart\\config\\config.default.js",
    "fieldSize": "E:\\AAA2018\\Egg\\ts-egg\\node_modules\\egg-multipart\\config\\config.default.js",
    "fields": "E:\\AAA2018\\Egg\\ts-egg\\node_modules\\egg-multipart\\config\\config.default.js",
    "fileSize": "E:\\AAA2018\\Egg\\ts-egg\\node_modules\\egg-multipart\\config\\config.default.js",
    "files": "E:\\AAA2018\\Egg\\ts-egg\\node_modules\\egg-multipart\\config\\config.default.js",
    "fileExtensions": "E:\\AAA2018\\Egg\\ts-egg\\node_modules\\egg-multipart\\config\\config.default.js",
    "whitelist": "E:\\AAA2018\\Egg\\ts-egg\\node_modules\\egg-multipart\\config\\config.default.js",
    "tmpdir": "E:\\AAA2018\\Egg\\ts-egg\\node_modules\\egg-multipart\\config\\config.default.js",
    "cleanSchedule": {
      "cron": "E:\\AAA2018\\Egg\\ts-egg\\node_modules\\egg-multipart\\config\\config.default.js"
    }
  },
  "development": {
    "watchDirs": "E:\\AAA2018\\Egg\\ts-egg\\node_modules\\egg-development\\config\\config.default.js",
    "ignoreDirs": "E:\\AAA2018\\Egg\\ts-egg\\node_modules\\egg-development\\config\\config.default.js",
    "fastReady": "E:\\AAA2018\\Egg\\ts-egg\\node_modules\\egg-development\\config\\config.default.js",
    "reloadOnDebug": "E:\\AAA2018\\Egg\\ts-egg\\node_modules\\egg-development\\config\\config.default.js",
    "overrideDefault": "E:\\AAA2018\\Egg\\ts-egg\\node_modules\\egg-development\\config\\config.default.js"
  },
  "logrotator": {
    "filesRotateByHour": "E:\\AAA2018\\Egg\\ts-egg\\node_modules\\egg-logrotator\\config\\config.default.js",
    "hourDelimiter": "E:\\AAA2018\\Egg\\ts-egg\\node_modules\\egg-logrotator\\config\\config.default.js",
    "filesRotateBySize": "E:\\AAA2018\\Egg\\ts-egg\\node_modules\\egg-logrotator\\config\\config.default.js",
    "maxFileSize": "E:\\AAA2018\\Egg\\ts-egg\\node_modules\\egg-logrotator\\config\\config.default.js",
    "maxFiles": "E:\\AAA2018\\Egg\\ts-egg\\node_modules\\egg-logrotator\\config\\config.default.js",
    "rotateDuration": "E:\\AAA2018\\Egg\\ts-egg\\node_modules\\egg-logrotator\\config\\config.default.js",
    "maxDays": "E:\\AAA2018\\Egg\\ts-egg\\node_modules\\egg-logrotator\\config\\config.default.js"
  },
  "static": {
    "prefix": "E:\\AAA2018\\Egg\\ts-egg\\node_modules\\egg-static\\config\\config.default.js",
    "dir": "E:\\AAA2018\\Egg\\ts-egg\\node_modules\\egg-static\\config\\config.default.js",
    "dynamic": "E:\\AAA2018\\Egg\\ts-egg\\node_modules\\egg-static\\config\\config.default.js",
    "preload": "E:\\AAA2018\\Egg\\ts-egg\\node_modules\\egg-static\\config\\config.default.js",
    "buffer": "E:\\AAA2018\\Egg\\ts-egg\\node_modules\\egg-static\\config\\config.default.js",
    "maxFiles": "E:\\AAA2018\\Egg\\ts-egg\\node_modules\\egg-static\\config\\config.default.js"
  },
  "nunjucks": {
    "autoescape": "E:\\AAA2018\\Egg\\ts-egg\\node_modules\\egg-view-nunjucks\\config\\config.default.js",
    "throwOnUndefined": "E:\\AAA2018\\Egg\\ts-egg\\node_modules\\egg-view-nunjucks\\config\\config.default.js",
    "trimBlocks": "E:\\AAA2018\\Egg\\ts-egg\\node_modules\\egg-view-nunjucks\\config\\config.default.js",
    "lstripBlocks": "E:\\AAA2018\\Egg\\ts-egg\\node_modules\\egg-view-nunjucks\\config\\config.default.js",
    "cache": "E:\\AAA2018\\Egg\\ts-egg\\node_modules\\egg-view-nunjucks\\config\\config.local.js"
  },
  "env": "E:\\AAA2018\\Egg\\ts-egg\\node_modules\\egg\\config\\config.default.js",
  "name": "E:\\AAA2018\\Egg\\ts-egg\\node_modules\\egg\\config\\config.default.js",
  "proxy": "E:\\AAA2018\\Egg\\ts-egg\\node_modules\\egg\\config\\config.default.js",
  "protocolHeaders": "E:\\AAA2018\\Egg\\ts-egg\\node_modules\\egg\\config\\config.default.js",
  "ipHeaders": "E:\\AAA2018\\Egg\\ts-egg\\node_modules\\egg\\config\\config.default.js",
  "hostHeaders": "E:\\AAA2018\\Egg\\ts-egg\\node_modules\\egg\\config\\config.default.js",
  "pkg": {
    "name": "E:\\AAA2018\\Egg\\ts-egg\\node_modules\\egg\\config\\config.default.js",
    "version": "E:\\AAA2018\\Egg\\ts-egg\\node_modules\\egg\\config\\config.default.js",
    "description": "E:\\AAA2018\\Egg\\ts-egg\\node_modules\\egg\\config\\config.default.js",
    "private": "E:\\AAA2018\\Egg\\ts-egg\\node_modules\\egg\\config\\config.default.js",
    "standard": {
      "parser": "E:\\AAA2018\\Egg\\ts-egg\\node_modules\\egg\\config\\config.default.js"
    },
    "egg": {
      "typescript": "E:\\AAA2018\\Egg\\ts-egg\\node_modules\\egg\\config\\config.default.js"
    },
    "scripts": {
      "start": "E:\\AAA2018\\Egg\\ts-egg\\node_modules\\egg\\config\\config.default.js",
      "stop": "E:\\AAA2018\\Egg\\ts-egg\\node_modules\\egg\\config\\config.default.js",
      "dev": "E:\\AAA2018\\Egg\\ts-egg\\node_modules\\egg\\config\\config.default.js",
      "debug": "E:\\AAA2018\\Egg\\ts-egg\\node_modules\\egg\\config\\config.default.js",
      "test-local": "E:\\AAA2018\\Egg\\ts-egg\\node_modules\\egg\\config\\config.default.js",
      "test": "E:\\AAA2018\\Egg\\ts-egg\\node_modules\\egg\\config\\config.default.js",
      "cov": "E:\\AAA2018\\Egg\\ts-egg\\node_modules\\egg\\config\\config.default.js",
      "tsc": "E:\\AAA2018\\Egg\\ts-egg\\node_modules\\egg\\config\\config.default.js",
      "ci": "E:\\AAA2018\\Egg\\ts-egg\\node_modules\\egg\\config\\config.default.js",
      "autod": "E:\\AAA2018\\Egg\\ts-egg\\node_modules\\egg\\config\\config.default.js",
      "lint": "E:\\AAA2018\\Egg\\ts-egg\\node_modules\\egg\\config\\config.default.js",
      "clean": "E:\\AAA2018\\Egg\\ts-egg\\node_modules\\egg\\config\\config.default.js"
    },
    "dependencies": {
      "egg": "E:\\AAA2018\\Egg\\ts-egg\\node_modules\\egg\\config\\config.default.js",
      "egg-mongoose": "E:\\AAA2018\\Egg\\ts-egg\\node_modules\\egg\\config\\config.default.js",
      "egg-scripts": "E:\\AAA2018\\Egg\\ts-egg\\node_modules\\egg\\config\\config.default.js",
      "egg-view-nunjucks": "E:\\AAA2018\\Egg\\ts-egg\\node_modules\\egg\\config\\config.default.js"
    },
    "devDependencies": {
      "@types/mocha": "E:\\AAA2018\\Egg\\ts-egg\\node_modules\\egg\\config\\config.default.js",
      "@types/node": "E:\\AAA2018\\Egg\\ts-egg\\node_modules\\egg\\config\\config.default.js",
      "@types/supertest": "E:\\AAA2018\\Egg\\ts-egg\\node_modules\\egg\\config\\config.default.js",
      "autod": "E:\\AAA2018\\Egg\\ts-egg\\node_modules\\egg\\config\\config.default.js",
      "autod-egg": "E:\\AAA2018\\Egg\\ts-egg\\node_modules\\egg\\config\\config.default.js",
      "egg-bin": "E:\\AAA2018\\Egg\\ts-egg\\node_modules\\egg\\config\\config.default.js",
      "egg-ci": "E:\\AAA2018\\Egg\\ts-egg\\node_modules\\egg\\config\\config.default.js",
      "egg-mock": "E:\\AAA2018\\Egg\\ts-egg\\node_modules\\egg\\config\\config.default.js",
      "egg-ts-helper": "E:\\AAA2018\\Egg\\ts-egg\\node_modules\\egg\\config\\config.default.js",
      "tslib": "E:\\AAA2018\\Egg\\ts-egg\\node_modules\\egg\\config\\config.default.js",
      "tslint": "E:\\AAA2018\\Egg\\ts-egg\\node_modules\\egg\\config\\config.default.js",
      "typescript": "E:\\AAA2018\\Egg\\ts-egg\\node_modules\\egg\\config\\config.default.js"
    },
    "engines": {
      "node": "E:\\AAA2018\\Egg\\ts-egg\\node_modules\\egg\\config\\config.default.js"
    },
    "ci": {
      "version": "E:\\AAA2018\\Egg\\ts-egg\\node_modules\\egg\\config\\config.default.js"
    },
    "repository": {
      "type": "E:\\AAA2018\\Egg\\ts-egg\\node_modules\\egg\\config\\config.default.js",
      "url": "E:\\AAA2018\\Egg\\ts-egg\\node_modules\\egg\\config\\config.default.js"
    },
    "eslintIgnore": "E:\\AAA2018\\Egg\\ts-egg\\node_modules\\egg\\config\\config.default.js",
    "author": "E:\\AAA2018\\Egg\\ts-egg\\node_modules\\egg\\config\\config.default.js",
    "license": "E:\\AAA2018\\Egg\\ts-egg\\node_modules\\egg\\config\\config.default.js"
  },
  "baseDir": "E:\\AAA2018\\Egg\\ts-egg\\node_modules\\egg\\config\\config.default.js",
  "HOME": "E:\\AAA2018\\Egg\\ts-egg\\node_modules\\egg\\config\\config.default.js",
  "rundir": "E:\\AAA2018\\Egg\\ts-egg\\node_modules\\egg\\config\\config.default.js",
  "dump": {
    "ignore": "E:\\AAA2018\\Egg\\ts-egg\\node_modules\\egg\\config\\config.default.js"
  },
  "confusedConfigurations": {
    "bodyparser": "E:\\AAA2018\\Egg\\ts-egg\\node_modules\\egg\\config\\config.default.js",
    "notFound": "E:\\AAA2018\\Egg\\ts-egg\\node_modules\\egg\\config\\config.default.js",
    "sitefile": "E:\\AAA2018\\Egg\\ts-egg\\node_modules\\egg\\config\\config.default.js",
    "middlewares": "E:\\AAA2018\\Egg\\ts-egg\\node_modules\\egg\\config\\config.default.js",
    "httpClient": "E:\\AAA2018\\Egg\\ts-egg\\node_modules\\egg\\config\\config.default.js"
  },
  "notfound": {
    "pageUrl": "E:\\AAA2018\\Egg\\ts-egg\\node_modules\\egg\\config\\config.default.js"
  },
  "siteFile": {
    "/favicon.ico": "E:\\AAA2018\\Egg\\ts-egg\\node_modules\\egg\\config\\config.default.js"
  },
  "bodyParser": {
    "enable": "E:\\AAA2018\\Egg\\ts-egg\\node_modules\\egg\\config\\config.default.js",
    "encoding": "E:\\AAA2018\\Egg\\ts-egg\\node_modules\\egg\\config\\config.default.js",
    "formLimit": "E:\\AAA2018\\Egg\\ts-egg\\node_modules\\egg\\config\\config.default.js",
    "jsonLimit": "E:\\AAA2018\\Egg\\ts-egg\\node_modules\\egg\\config\\config.default.js",
    "strict": "E:\\AAA2018\\Egg\\ts-egg\\node_modules\\egg\\config\\config.default.js",
    "queryString": {
      "arrayLimit": "E:\\AAA2018\\Egg\\ts-egg\\node_modules\\egg\\config\\config.default.js",
      "depth": "E:\\AAA2018\\Egg\\ts-egg\\node_modules\\egg\\config\\config.default.js",
      "parameterLimit": "E:\\AAA2018\\Egg\\ts-egg\\node_modules\\egg\\config\\config.default.js"
    }
  },
  "logger": {
    "dir": "E:\\AAA2018\\Egg\\ts-egg\\node_modules\\egg\\config\\config.default.js",
    "encoding": "E:\\AAA2018\\Egg\\ts-egg\\node_modules\\egg\\config\\config.default.js",
    "env": "E:\\AAA2018\\Egg\\ts-egg\\node_modules\\egg\\config\\config.default.js",
    "level": "E:\\AAA2018\\Egg\\ts-egg\\node_modules\\egg\\config\\config.default.js",
    "consoleLevel": "E:\\AAA2018\\Egg\\ts-egg\\node_modules\\egg\\config\\config.default.js",
    "disableConsoleAfterReady": "E:\\AAA2018\\Egg\\ts-egg\\node_modules\\egg\\config\\config.default.js",
    "outputJSON": "E:\\AAA2018\\Egg\\ts-egg\\node_modules\\egg\\config\\config.default.js",
    "buffer": "E:\\AAA2018\\Egg\\ts-egg\\node_modules\\egg\\config\\config.default.js",
    "appLogName": "E:\\AAA2018\\Egg\\ts-egg\\node_modules\\egg\\config\\config.default.js",
    "coreLogName": "E:\\AAA2018\\Egg\\ts-egg\\node_modules\\egg\\config\\config.default.js",
    "agentLogName": "E:\\AAA2018\\Egg\\ts-egg\\node_modules\\egg\\config\\config.default.js",
    "errorLogName": "E:\\AAA2018\\Egg\\ts-egg\\node_modules\\egg\\config\\config.default.js",
    "coreLogger": {
      "consoleLevel": "E:\\AAA2018\\Egg\\ts-egg\\node_modules\\egg\\config\\config.local.js"
    },
    "allowDebugAtProd": "E:\\AAA2018\\Egg\\ts-egg\\node_modules\\egg\\config\\config.default.js"
  },
  "httpclient": {
    "enableDNSCache": "E:\\AAA2018\\Egg\\ts-egg\\node_modules\\egg\\config\\config.default.js",
    "dnsCacheLookupInterval": "E:\\AAA2018\\Egg\\ts-egg\\node_modules\\egg\\config\\config.default.js",
    "dnsCacheMaxLength": "E:\\AAA2018\\Egg\\ts-egg\\node_modules\\egg\\config\\config.default.js",
    "request": {
      "timeout": "E:\\AAA2018\\Egg\\ts-egg\\node_modules\\egg\\config\\config.default.js"
    },
    "httpAgent": {
      "keepAlive": "E:\\AAA2018\\Egg\\ts-egg\\node_modules\\egg\\config\\config.default.js",
      "freeSocketKeepAliveTimeout": "E:\\AAA2018\\Egg\\ts-egg\\node_modules\\egg\\config\\config.default.js",
      "maxSockets": "E:\\AAA2018\\Egg\\ts-egg\\node_modules\\egg\\config\\config.default.js",
      "maxFreeSockets": "E:\\AAA2018\\Egg\\ts-egg\\node_modules\\egg\\config\\config.default.js"
    },
    "httpsAgent": {
      "keepAlive": "E:\\AAA2018\\Egg\\ts-egg\\node_modules\\egg\\config\\config.default.js",
      "freeSocketKeepAliveTimeout": "E:\\AAA2018\\Egg\\ts-egg\\node_modules\\egg\\config\\config.default.js",
      "maxSockets": "E:\\AAA2018\\Egg\\ts-egg\\node_modules\\egg\\config\\config.default.js",
      "maxFreeSockets": "E:\\AAA2018\\Egg\\ts-egg\\node_modules\\egg\\config\\config.default.js"
    }
  },
  "meta": {
    "enable": "E:\\AAA2018\\Egg\\ts-egg\\node_modules\\egg\\config\\config.default.js",
    "logging": "E:\\AAA2018\\Egg\\ts-egg\\node_modules\\egg\\config\\config.default.js"
  },
  "coreMiddleware": "E:\\AAA2018\\Egg\\ts-egg\\node_modules\\egg\\config\\config.default.js",
  "workerStartTimeout": "E:\\AAA2018\\Egg\\ts-egg\\node_modules\\egg\\config\\config.default.js",
  "cluster": {
    "listen": {
      "path": "E:\\AAA2018\\Egg\\ts-egg\\node_modules\\egg\\config\\config.default.js",
      "port": "E:\\AAA2018\\Egg\\ts-egg\\node_modules\\egg\\config\\config.default.js",
      "hostname": "E:\\AAA2018\\Egg\\ts-egg\\node_modules\\egg\\config\\config.default.js"
    }
  },
  "clusterClient": {
    "maxWaitTime": "E:\\AAA2018\\Egg\\ts-egg\\node_modules\\egg\\config\\config.default.js",
    "responseTimeout": "E:\\AAA2018\\Egg\\ts-egg\\node_modules\\egg\\config\\config.default.js"
  },
  "onClientError": "E:\\AAA2018\\Egg\\ts-egg\\node_modules\\egg\\config\\config.default.js"
}