[
  {
    "name": "Application Start",
    "start": 1539076349053,
    "end": 1539076350688,
    "duration": 1635,
    "pid": 17236,
    "index": 0
  },
  {
    "name": "Load Plugin",
    "start": 1539076349057,
    "end": 1539076349069,
    "duration": 12,
    "pid": 17236,
    "index": 1
  },
  {
    "name": "Load Config",
    "start": 1539076349069,
    "end": 1539076349085,
    "duration": 16,
    "pid": 17236,
    "index": 2
  },
  {
    "name": "Require(0) config/config.default.ts",
    "start": 1539076349070,
    "end": 1539076349071,
    "duration": 1,
    "pid": 17236,
    "index": 3
  },
  {
    "name": "Require(1) config/config.local.ts",
    "start": 1539076349072,
    "end": 1539076349072,
    "duration": 0,
    "pid": 17236,
    "index": 4
  },
  {
    "name": "Require(2) node_modules/egg-session/config/config.default.js",
    "start": 1539076349072,
    "end": 1539076349073,
    "duration": 1,
    "pid": 17236,
    "index": 5
  },
  {
    "name": "Require(3) node_modules/egg-security/config/config.default.js",
    "start": 1539076349073,
    "end": 1539076349073,
    "duration": 0,
    "pid": 17236,
    "index": 6
  },
  {
    "name": "Require(4) node_modules/egg-jsonp/config/config.default.js",
    "start": 1539076349074,
    "end": 1539076349074,
    "duration": 0,
    "pid": 17236,
    "index": 7
  },
  {
    "name": "Require(5) node_modules/egg-onerror/config/config.default.js",
    "start": 1539076349074,
    "end": 1539076349074,
    "duration": 0,
    "pid": 17236,
    "index": 8
  },
  {
    "name": "Require(6) node_modules/egg-i18n/config/config.default.js",
    "start": 1539076349074,
    "end": 1539076349075,
    "duration": 1,
    "pid": 17236,
    "index": 9
  },
  {
    "name": "Require(7) node_modules/egg-watcher/config/config.default.js",
    "start": 1539076349075,
    "end": 1539076349075,
    "duration": 0,
    "pid": 17236,
    "index": 10
  },
  {
    "name": "Require(8) node_modules/egg-schedule/config/config.default.js",
    "start": 1539076349075,
    "end": 1539076349076,
    "duration": 1,
    "pid": 17236,
    "index": 11
  },
  {
    "name": "Require(9) node_modules/egg-multipart/config/config.default.js",
    "start": 1539076349076,
    "end": 1539076349076,
    "duration": 0,
    "pid": 17236,
    "index": 12
  },
  {
    "name": "Require(10) node_modules/egg-development/config/config.default.js",
    "start": 1539076349076,
    "end": 1539076349077,
    "duration": 1,
    "pid": 17236,
    "index": 13
  },
  {
    "name": "Require(11) node_modules/egg-logrotator/config/config.default.js",
    "start": 1539076349077,
    "end": 1539076349077,
    "duration": 0,
    "pid": 17236,
    "index": 14
  },
  {
    "name": "Require(12) node_modules/egg-static/config/config.default.js",
    "start": 1539076349077,
    "end": 1539076349078,
    "duration": 1,
    "pid": 17236,
    "index": 15
  },
  {
    "name": "Require(13) node_modules/egg-view/config/config.default.js",
    "start": 1539076349078,
    "end": 1539076349078,
    "duration": 0,
    "pid": 17236,
    "index": 16
  },
  {
    "name": "Require(14) node_modules/egg-view-nunjucks/config/config.default.js",
    "start": 1539076349078,
    "end": 1539076349078,
    "duration": 0,
    "pid": 17236,
    "index": 17
  },
  {
    "name": "Require(15) node_modules/egg-mongoose/config/config.default.js",
    "start": 1539076349079,
    "end": 1539076349079,
    "duration": 0,
    "pid": 17236,
    "index": 18
  },
  {
    "name": "Require(16) node_modules/egg/config/config.default.js",
    "start": 1539076349079,
    "end": 1539076349080,
    "duration": 1,
    "pid": 17236,
    "index": 19
  },
  {
    "name": "Require(17) config/config.default.ts",
    "start": 1539076349081,
    "end": 1539076349081,
    "duration": 0,
    "pid": 17236,
    "index": 20
  },
  {
    "name": "Require(18) node_modules/egg-security/config/config.local.js",
    "start": 1539076349082,
    "end": 1539076349082,
    "duration": 0,
    "pid": 17236,
    "index": 21
  },
  {
    "name": "Require(19) node_modules/egg-watcher/config/config.local.js",
    "start": 1539076349083,
    "end": 1539076349083,
    "duration": 0,
    "pid": 17236,
    "index": 22
  },
  {
    "name": "Require(20) node_modules/egg-view/config/config.local.js",
    "start": 1539076349084,
    "end": 1539076349084,
    "duration": 0,
    "pid": 17236,
    "index": 23
  },
  {
    "name": "Require(21) node_modules/egg-view-nunjucks/config/config.local.js",
    "start": 1539076349084,
    "end": 1539076349084,
    "duration": 0,
    "pid": 17236,
    "index": 24
  },
  {
    "name": "Require(22) node_modules/egg/config/config.local.js",
    "start": 1539076349085,
    "end": 1539076349085,
    "duration": 0,
    "pid": 17236,
    "index": 25
  },
  {
    "name": "Require(23) config/config.local.ts",
    "start": 1539076349085,
    "end": 1539076349085,
    "duration": 0,
    "pid": 17236,
    "index": 26
  },
  {
    "name": "Load extend/application.js",
    "start": 1539076349086,
    "end": 1539076349119,
    "duration": 33,
    "pid": 17236,
    "index": 27
  },
  {
    "name": "Require(24) node_modules/egg-session/app/extend/application.js",
    "start": 1539076349086,
    "end": 1539076349087,
    "duration": 1,
    "pid": 17236,
    "index": 28
  },
  {
    "name": "Require(25) node_modules/egg-security/app/extend/application.js",
    "start": 1539076349087,
    "end": 1539076349087,
    "duration": 0,
    "pid": 17236,
    "index": 29
  },
  {
    "name": "Require(26) node_modules/egg-jsonp/app/extend/application.js",
    "start": 1539076349088,
    "end": 1539076349088,
    "duration": 0,
    "pid": 17236,
    "index": 30
  },
  {
    "name": "Require(27) node_modules/egg-logrotator/app/extend/application.js",
    "start": 1539076349089,
    "end": 1539076349090,
    "duration": 1,
    "pid": 17236,
    "index": 31
  },
  {
    "name": "Require(28) node_modules/egg-view/app/extend/application.js",
    "start": 1539076349091,
    "end": 1539076349091,
    "duration": 0,
    "pid": 17236,
    "index": 32
  },
  {
    "name": "Require(29) node_modules/egg-view-nunjucks/app/extend/application.js",
    "start": 1539076349092,
    "end": 1539076349117,
    "duration": 25,
    "pid": 17236,
    "index": 33
  },
  {
    "name": "Load extend/request.js",
    "start": 1539076349119,
    "end": 1539076349124,
    "duration": 5,
    "pid": 17236,
    "index": 34
  },
  {
    "name": "Require(30) node_modules/egg/app/extend/request.js",
    "start": 1539076349121,
    "end": 1539076349122,
    "duration": 1,
    "pid": 17236,
    "index": 35
  },
  {
    "name": "Load extend/response.js",
    "start": 1539076349124,
    "end": 1539076349128,
    "duration": 4,
    "pid": 17236,
    "index": 36
  },
  {
    "name": "Require(31) node_modules/egg/app/extend/response.js",
    "start": 1539076349125,
    "end": 1539076349126,
    "duration": 1,
    "pid": 17236,
    "index": 37
  },
  {
    "name": "Load extend/context.js",
    "start": 1539076349128,
    "end": 1539076349181,
    "duration": 53,
    "pid": 17236,
    "index": 38
  },
  {
    "name": "Require(32) node_modules/egg-security/app/extend/context.js",
    "start": 1539076349128,
    "end": 1539076349134,
    "duration": 6,
    "pid": 17236,
    "index": 39
  },
  {
    "name": "Require(33) node_modules/egg-jsonp/app/extend/context.js",
    "start": 1539076349135,
    "end": 1539076349135,
    "duration": 0,
    "pid": 17236,
    "index": 40
  },
  {
    "name": "Require(34) node_modules/egg-i18n/app/extend/context.js",
    "start": 1539076349136,
    "end": 1539076349136,
    "duration": 0,
    "pid": 17236,
    "index": 41
  },
  {
    "name": "Require(35) node_modules/egg-multipart/app/extend/context.js",
    "start": 1539076349137,
    "end": 1539076349177,
    "duration": 40,
    "pid": 17236,
    "index": 42
  },
  {
    "name": "Require(36) node_modules/egg-view/app/extend/context.js",
    "start": 1539076349177,
    "end": 1539076349178,
    "duration": 1,
    "pid": 17236,
    "index": 43
  },
  {
    "name": "Require(37) node_modules/egg-mongoose/app/extend/context.js",
    "start": 1539076349178,
    "end": 1539076349178,
    "duration": 0,
    "pid": 17236,
    "index": 44
  },
  {
    "name": "Require(38) node_modules/egg/app/extend/context.js",
    "start": 1539076349178,
    "end": 1539076349179,
    "duration": 1,
    "pid": 17236,
    "index": 45
  },
  {
    "name": "Load extend/helper.js",
    "start": 1539076349182,
    "end": 1539076349196,
    "duration": 14,
    "pid": 17236,
    "index": 46
  },
  {
    "name": "Require(39) node_modules/egg-security/app/extend/helper.js",
    "start": 1539076349182,
    "end": 1539076349193,
    "duration": 11,
    "pid": 17236,
    "index": 47
  },
  {
    "name": "Require(40) node_modules/egg/app/extend/helper.js",
    "start": 1539076349194,
    "end": 1539076349194,
    "duration": 0,
    "pid": 17236,
    "index": 48
  },
  {
    "name": "Load app.js",
    "start": 1539076349196,
    "end": 1539076349224,
    "duration": 28,
    "pid": 17236,
    "index": 49
  },
  {
    "name": "Require(41) node_modules/egg-session/app.js",
    "start": 1539076349197,
    "end": 1539076349197,
    "duration": 0,
    "pid": 17236,
    "index": 50
  },
  {
    "name": "Require(42) node_modules/egg-security/app.js",
    "start": 1539076349197,
    "end": 1539076349198,
    "duration": 1,
    "pid": 17236,
    "index": 51
  },
  {
    "name": "Require(43) node_modules/egg-onerror/app.js",
    "start": 1539076349198,
    "end": 1539076349205,
    "duration": 7,
    "pid": 17236,
    "index": 52
  },
  {
    "name": "Require(44) node_modules/egg-i18n/app.js",
    "start": 1539076349205,
    "end": 1539076349214,
    "duration": 9,
    "pid": 17236,
    "index": 53
  },
  {
    "name": "Require(45) node_modules/egg-watcher/app.js",
    "start": 1539076349214,
    "end": 1539076349218,
    "duration": 4,
    "pid": 17236,
    "index": 54
  },
  {
    "name": "Require(46) node_modules/egg-schedule/app.js",
    "start": 1539076349219,
    "end": 1539076349219,
    "duration": 0,
    "pid": 17236,
    "index": 55
  },
  {
    "name": "Require(47) node_modules/egg-multipart/app.js",
    "start": 1539076349220,
    "end": 1539076349222,
    "duration": 2,
    "pid": 17236,
    "index": 56
  },
  {
    "name": "Require(48) node_modules/egg-development/app.js",
    "start": 1539076349222,
    "end": 1539076349222,
    "duration": 0,
    "pid": 17236,
    "index": 57
  },
  {
    "name": "Require(49) node_modules/egg-logrotator/app.js",
    "start": 1539076349222,
    "end": 1539076349222,
    "duration": 0,
    "pid": 17236,
    "index": 58
  },
  {
    "name": "Require(50) node_modules/egg-static/app.js",
    "start": 1539076349223,
    "end": 1539076349223,
    "duration": 0,
    "pid": 17236,
    "index": 59
  },
  {
    "name": "Require(51) node_modules/egg-view-nunjucks/app.js",
    "start": 1539076349223,
    "end": 1539076349223,
    "duration": 0,
    "pid": 17236,
    "index": 60
  },
  {
    "name": "Require(52) node_modules/egg-mongoose/app.js",
    "start": 1539076349224,
    "end": 1539076349224,
    "duration": 0,
    "pid": 17236,
    "index": 61
  },
  {
    "name": "Before Start in node_modules/egg-watcher/lib/init.js:15:14",
    "start": 1539076349233,
    "end": 1539076349680,
    "duration": 447,
    "pid": 17236,
    "index": 62
  },
  {
    "name": "Before Start in node_modules/egg-mongoose/lib/mongoose.js:77:7",
    "start": 1539076349554,
    "end": 1539076350687,
    "duration": 1133,
    "pid": 17236,
    "index": 63
  },
  {
    "name": "Before Start in node_modules/egg-mongoose/lib/mongoose.js:42:9",
    "start": 1539076349554,
    "end": 1539076349642,
    "duration": 88,
    "pid": 17236,
    "index": 64
  },
  {
    "name": "Load Service",
    "start": 1539076349554,
    "end": 1539076349560,
    "duration": 6,
    "pid": 17236,
    "index": 65
  },
  {
    "name": "Load \"service\" to Context",
    "start": 1539076349555,
    "end": 1539076349560,
    "duration": 5,
    "pid": 17236,
    "index": 66
  },
  {
    "name": "Load Middleware",
    "start": 1539076349560,
    "end": 1539076349613,
    "duration": 53,
    "pid": 17236,
    "index": 67
  },
  {
    "name": "Load \"middlewares\" to Application",
    "start": 1539076349561,
    "end": 1539076349606,
    "duration": 45,
    "pid": 17236,
    "index": 68
  },
  {
    "name": "Load Controller",
    "start": 1539076349613,
    "end": 1539076349616,
    "duration": 3,
    "pid": 17236,
    "index": 69
  },
  {
    "name": "Load \"controller\" to Application",
    "start": 1539076349613,
    "end": 1539076349616,
    "duration": 3,
    "pid": 17236,
    "index": 70
  },
  {
    "name": "Load Router",
    "start": 1539076349617,
    "end": 1539076349619,
    "duration": 2,
    "pid": 17236,
    "index": 71
  },
  {
    "name": "Require(53) app/router.ts",
    "start": 1539076349617,
    "end": 1539076349617,
    "duration": 0,
    "pid": 17236,
    "index": 72
  },
  {
    "name": "Before Start in node_modules/egg-core/lib/egg.js:287:10",
    "start": 1539076349618,
    "end": 1539076349643,
    "duration": 25,
    "pid": 17236,
    "index": 73
  },
  {
    "name": "Load \"model\" to Application",
    "start": 1539076349629,
    "end": 1539076349641,
    "duration": 12,
    "pid": 17236,
    "index": 74
  }
]