[
  {
    "name": "Application Start",
    "start": 1539075092088,
    "end": 1539075093684,
    "duration": 1596,
    "pid": 14564,
    "index": 0
  },
  {
    "name": "Load Plugin",
    "start": 1539075092092,
    "end": 1539075092104,
    "duration": 12,
    "pid": 14564,
    "index": 1
  },
  {
    "name": "Load Config",
    "start": 1539075092104,
    "end": 1539075092121,
    "duration": 17,
    "pid": 14564,
    "index": 2
  },
  {
    "name": "Require(0) config/config.default.ts",
    "start": 1539075092104,
    "end": 1539075092106,
    "duration": 2,
    "pid": 14564,
    "index": 3
  },
  {
    "name": "Require(1) config/config.local.ts",
    "start": 1539075092107,
    "end": 1539075092107,
    "duration": 0,
    "pid": 14564,
    "index": 4
  },
  {
    "name": "Require(2) node_modules/egg-session/config/config.default.js",
    "start": 1539075092107,
    "end": 1539075092108,
    "duration": 1,
    "pid": 14564,
    "index": 5
  },
  {
    "name": "Require(3) node_modules/egg-security/config/config.default.js",
    "start": 1539075092108,
    "end": 1539075092108,
    "duration": 0,
    "pid": 14564,
    "index": 6
  },
  {
    "name": "Require(4) node_modules/egg-jsonp/config/config.default.js",
    "start": 1539075092109,
    "end": 1539075092109,
    "duration": 0,
    "pid": 14564,
    "index": 7
  },
  {
    "name": "Require(5) node_modules/egg-onerror/config/config.default.js",
    "start": 1539075092109,
    "end": 1539075092109,
    "duration": 0,
    "pid": 14564,
    "index": 8
  },
  {
    "name": "Require(6) node_modules/egg-i18n/config/config.default.js",
    "start": 1539075092110,
    "end": 1539075092110,
    "duration": 0,
    "pid": 14564,
    "index": 9
  },
  {
    "name": "Require(7) node_modules/egg-watcher/config/config.default.js",
    "start": 1539075092110,
    "end": 1539075092110,
    "duration": 0,
    "pid": 14564,
    "index": 10
  },
  {
    "name": "Require(8) node_modules/egg-schedule/config/config.default.js",
    "start": 1539075092111,
    "end": 1539075092111,
    "duration": 0,
    "pid": 14564,
    "index": 11
  },
  {
    "name": "Require(9) node_modules/egg-multipart/config/config.default.js",
    "start": 1539075092111,
    "end": 1539075092111,
    "duration": 0,
    "pid": 14564,
    "index": 12
  },
  {
    "name": "Require(10) node_modules/egg-development/config/config.default.js",
    "start": 1539075092112,
    "end": 1539075092112,
    "duration": 0,
    "pid": 14564,
    "index": 13
  },
  {
    "name": "Require(11) node_modules/egg-logrotator/config/config.default.js",
    "start": 1539075092112,
    "end": 1539075092113,
    "duration": 1,
    "pid": 14564,
    "index": 14
  },
  {
    "name": "Require(12) node_modules/egg-static/config/config.default.js",
    "start": 1539075092113,
    "end": 1539075092113,
    "duration": 0,
    "pid": 14564,
    "index": 15
  },
  {
    "name": "Require(13) node_modules/egg-view/config/config.default.js",
    "start": 1539075092114,
    "end": 1539075092114,
    "duration": 0,
    "pid": 14564,
    "index": 16
  },
  {
    "name": "Require(14) node_modules/egg-view-nunjucks/config/config.default.js",
    "start": 1539075092114,
    "end": 1539075092114,
    "duration": 0,
    "pid": 14564,
    "index": 17
  },
  {
    "name": "Require(15) node_modules/egg-mongoose/config/config.default.js",
    "start": 1539075092114,
    "end": 1539075092115,
    "duration": 1,
    "pid": 14564,
    "index": 18
  },
  {
    "name": "Require(16) node_modules/egg/config/config.default.js",
    "start": 1539075092115,
    "end": 1539075092115,
    "duration": 0,
    "pid": 14564,
    "index": 19
  },
  {
    "name": "Require(17) config/config.default.ts",
    "start": 1539075092117,
    "end": 1539075092117,
    "duration": 0,
    "pid": 14564,
    "index": 20
  },
  {
    "name": "Require(18) node_modules/egg-security/config/config.local.js",
    "start": 1539075092117,
    "end": 1539075092118,
    "duration": 1,
    "pid": 14564,
    "index": 21
  },
  {
    "name": "Require(19) node_modules/egg-watcher/config/config.local.js",
    "start": 1539075092118,
    "end": 1539075092119,
    "duration": 1,
    "pid": 14564,
    "index": 22
  },
  {
    "name": "Require(20) node_modules/egg-view/config/config.local.js",
    "start": 1539075092119,
    "end": 1539075092120,
    "duration": 1,
    "pid": 14564,
    "index": 23
  },
  {
    "name": "Require(21) node_modules/egg-view-nunjucks/config/config.local.js",
    "start": 1539075092120,
    "end": 1539075092120,
    "duration": 0,
    "pid": 14564,
    "index": 24
  },
  {
    "name": "Require(22) node_modules/egg/config/config.local.js",
    "start": 1539075092120,
    "end": 1539075092121,
    "duration": 1,
    "pid": 14564,
    "index": 25
  },
  {
    "name": "Require(23) config/config.local.ts",
    "start": 1539075092121,
    "end": 1539075092121,
    "duration": 0,
    "pid": 14564,
    "index": 26
  },
  {
    "name": "Load extend/application.js",
    "start": 1539075092122,
    "end": 1539075092156,
    "duration": 34,
    "pid": 14564,
    "index": 27
  },
  {
    "name": "Require(24) node_modules/egg-session/app/extend/application.js",
    "start": 1539075092122,
    "end": 1539075092123,
    "duration": 1,
    "pid": 14564,
    "index": 28
  },
  {
    "name": "Require(25) node_modules/egg-security/app/extend/application.js",
    "start": 1539075092123,
    "end": 1539075092123,
    "duration": 0,
    "pid": 14564,
    "index": 29
  },
  {
    "name": "Require(26) node_modules/egg-jsonp/app/extend/application.js",
    "start": 1539075092124,
    "end": 1539075092124,
    "duration": 0,
    "pid": 14564,
    "index": 30
  },
  {
    "name": "Require(27) node_modules/egg-logrotator/app/extend/application.js",
    "start": 1539075092125,
    "end": 1539075092126,
    "duration": 1,
    "pid": 14564,
    "index": 31
  },
  {
    "name": "Require(28) node_modules/egg-view/app/extend/application.js",
    "start": 1539075092127,
    "end": 1539075092128,
    "duration": 1,
    "pid": 14564,
    "index": 32
  },
  {
    "name": "Require(29) node_modules/egg-view-nunjucks/app/extend/application.js",
    "start": 1539075092128,
    "end": 1539075092154,
    "duration": 26,
    "pid": 14564,
    "index": 33
  },
  {
    "name": "Load extend/request.js",
    "start": 1539075092156,
    "end": 1539075092161,
    "duration": 5,
    "pid": 14564,
    "index": 34
  },
  {
    "name": "Require(30) node_modules/egg/app/extend/request.js",
    "start": 1539075092159,
    "end": 1539075092159,
    "duration": 0,
    "pid": 14564,
    "index": 35
  },
  {
    "name": "Load extend/response.js",
    "start": 1539075092161,
    "end": 1539075092166,
    "duration": 5,
    "pid": 14564,
    "index": 36
  },
  {
    "name": "Require(31) node_modules/egg/app/extend/response.js",
    "start": 1539075092163,
    "end": 1539075092164,
    "duration": 1,
    "pid": 14564,
    "index": 37
  },
  {
    "name": "Load extend/context.js",
    "start": 1539075092166,
    "end": 1539075092210,
    "duration": 44,
    "pid": 14564,
    "index": 38
  },
  {
    "name": "Require(32) node_modules/egg-security/app/extend/context.js",
    "start": 1539075092166,
    "end": 1539075092172,
    "duration": 6,
    "pid": 14564,
    "index": 39
  },
  {
    "name": "Require(33) node_modules/egg-jsonp/app/extend/context.js",
    "start": 1539075092172,
    "end": 1539075092173,
    "duration": 1,
    "pid": 14564,
    "index": 40
  },
  {
    "name": "Require(34) node_modules/egg-i18n/app/extend/context.js",
    "start": 1539075092173,
    "end": 1539075092174,
    "duration": 1,
    "pid": 14564,
    "index": 41
  },
  {
    "name": "Require(35) node_modules/egg-multipart/app/extend/context.js",
    "start": 1539075092174,
    "end": 1539075092205,
    "duration": 31,
    "pid": 14564,
    "index": 42
  },
  {
    "name": "Require(36) node_modules/egg-view/app/extend/context.js",
    "start": 1539075092206,
    "end": 1539075092206,
    "duration": 0,
    "pid": 14564,
    "index": 43
  },
  {
    "name": "Require(37) node_modules/egg-mongoose/app/extend/context.js",
    "start": 1539075092207,
    "end": 1539075092207,
    "duration": 0,
    "pid": 14564,
    "index": 44
  },
  {
    "name": "Require(38) node_modules/egg/app/extend/context.js",
    "start": 1539075092207,
    "end": 1539075092208,
    "duration": 1,
    "pid": 14564,
    "index": 45
  },
  {
    "name": "Load extend/helper.js",
    "start": 1539075092210,
    "end": 1539075092224,
    "duration": 14,
    "pid": 14564,
    "index": 46
  },
  {
    "name": "Require(39) node_modules/egg-security/app/extend/helper.js",
    "start": 1539075092211,
    "end": 1539075092221,
    "duration": 10,
    "pid": 14564,
    "index": 47
  },
  {
    "name": "Require(40) node_modules/egg/app/extend/helper.js",
    "start": 1539075092222,
    "end": 1539075092223,
    "duration": 1,
    "pid": 14564,
    "index": 48
  },
  {
    "name": "Load app.js",
    "start": 1539075092225,
    "end": 1539075092250,
    "duration": 25,
    "pid": 14564,
    "index": 49
  },
  {
    "name": "Require(41) node_modules/egg-session/app.js",
    "start": 1539075092225,
    "end": 1539075092225,
    "duration": 0,
    "pid": 14564,
    "index": 50
  },
  {
    "name": "Require(42) node_modules/egg-security/app.js",
    "start": 1539075092225,
    "end": 1539075092226,
    "duration": 1,
    "pid": 14564,
    "index": 51
  },
  {
    "name": "Require(43) node_modules/egg-onerror/app.js",
    "start": 1539075092227,
    "end": 1539075092232,
    "duration": 5,
    "pid": 14564,
    "index": 52
  },
  {
    "name": "Require(44) node_modules/egg-i18n/app.js",
    "start": 1539075092233,
    "end": 1539075092238,
    "duration": 5,
    "pid": 14564,
    "index": 53
  },
  {
    "name": "Require(45) node_modules/egg-watcher/app.js",
    "start": 1539075092238,
    "end": 1539075092244,
    "duration": 6,
    "pid": 14564,
    "index": 54
  },
  {
    "name": "Require(46) node_modules/egg-schedule/app.js",
    "start": 1539075092244,
    "end": 1539075092245,
    "duration": 1,
    "pid": 14564,
    "index": 55
  },
  {
    "name": "Require(47) node_modules/egg-multipart/app.js",
    "start": 1539075092245,
    "end": 1539075092247,
    "duration": 2,
    "pid": 14564,
    "index": 56
  },
  {
    "name": "Require(48) node_modules/egg-development/app.js",
    "start": 1539075092247,
    "end": 1539075092247,
    "duration": 0,
    "pid": 14564,
    "index": 57
  },
  {
    "name": "Require(49) node_modules/egg-logrotator/app.js",
    "start": 1539075092248,
    "end": 1539075092248,
    "duration": 0,
    "pid": 14564,
    "index": 58
  },
  {
    "name": "Require(50) node_modules/egg-static/app.js",
    "start": 1539075092248,
    "end": 1539075092248,
    "duration": 0,
    "pid": 14564,
    "index": 59
  },
  {
    "name": "Require(51) node_modules/egg-view-nunjucks/app.js",
    "start": 1539075092248,
    "end": 1539075092249,
    "duration": 1,
    "pid": 14564,
    "index": 60
  },
  {
    "name": "Require(52) node_modules/egg-mongoose/app.js",
    "start": 1539075092249,
    "end": 1539075092249,
    "duration": 0,
    "pid": 14564,
    "index": 61
  },
  {
    "name": "Before Start in node_modules/egg-watcher/lib/init.js:15:14",
    "start": 1539075092259,
    "end": 1539075092678,
    "duration": 419,
    "pid": 14564,
    "index": 62
  },
  {
    "name": "Before Start in node_modules/egg-mongoose/lib/mongoose.js:77:7",
    "start": 1539075092551,
    "end": 1539075093684,
    "duration": 1133,
    "pid": 14564,
    "index": 63
  },
  {
    "name": "Before Start in node_modules/egg-mongoose/lib/mongoose.js:42:9",
    "start": 1539075092551,
    "end": 1539075092639,
    "duration": 88,
    "pid": 14564,
    "index": 64
  },
  {
    "name": "Load Service",
    "start": 1539075092552,
    "end": 1539075092558,
    "duration": 6,
    "pid": 14564,
    "index": 65
  },
  {
    "name": "Load \"service\" to Context",
    "start": 1539075092552,
    "end": 1539075092558,
    "duration": 6,
    "pid": 14564,
    "index": 66
  },
  {
    "name": "Load Middleware",
    "start": 1539075092558,
    "end": 1539075092613,
    "duration": 55,
    "pid": 14564,
    "index": 67
  },
  {
    "name": "Load \"middlewares\" to Application",
    "start": 1539075092558,
    "end": 1539075092606,
    "duration": 48,
    "pid": 14564,
    "index": 68
  },
  {
    "name": "Load Controller",
    "start": 1539075092613,
    "end": 1539075092616,
    "duration": 3,
    "pid": 14564,
    "index": 69
  },
  {
    "name": "Load \"controller\" to Application",
    "start": 1539075092613,
    "end": 1539075092616,
    "duration": 3,
    "pid": 14564,
    "index": 70
  },
  {
    "name": "Load Router",
    "start": 1539075092616,
    "end": 1539075092618,
    "duration": 2,
    "pid": 14564,
    "index": 71
  },
  {
    "name": "Require(53) app/router.ts",
    "start": 1539075092616,
    "end": 1539075092617,
    "duration": 1,
    "pid": 14564,
    "index": 72
  },
  {
    "name": "Before Start in node_modules/egg-core/lib/egg.js:287:10",
    "start": 1539075092617,
    "end": 1539075092639,
    "duration": 22,
    "pid": 14564,
    "index": 73
  },
  {
    "name": "Load \"model\" to Application",
    "start": 1539075092628,
    "end": 1539075092639,
    "duration": 11,
    "pid": 14564,
    "index": 74
  }
]