[
  {
    "name": "Application Start",
    "start": 1539078417436,
    "end": 1539078420171,
    "duration": 2735,
    "pid": 11332,
    "index": 0
  },
  {
    "name": "Load Plugin",
    "start": 1539078417441,
    "end": 1539078417453,
    "duration": 12,
    "pid": 11332,
    "index": 1
  },
  {
    "name": "Load Config",
    "start": 1539078417453,
    "end": 1539078417471,
    "duration": 18,
    "pid": 11332,
    "index": 2
  },
  {
    "name": "Require(0) config/config.default.ts",
    "start": 1539078417454,
    "end": 1539078417455,
    "duration": 1,
    "pid": 11332,
    "index": 3
  },
  {
    "name": "Require(1) config/config.local.ts",
    "start": 1539078417456,
    "end": 1539078417456,
    "duration": 0,
    "pid": 11332,
    "index": 4
  },
  {
    "name": "Require(2) node_modules/egg-session/config/config.default.js",
    "start": 1539078417457,
    "end": 1539078417457,
    "duration": 0,
    "pid": 11332,
    "index": 5
  },
  {
    "name": "Require(3) node_modules/egg-security/config/config.default.js",
    "start": 1539078417458,
    "end": 1539078417458,
    "duration": 0,
    "pid": 11332,
    "index": 6
  },
  {
    "name": "Require(4) node_modules/egg-jsonp/config/config.default.js",
    "start": 1539078417458,
    "end": 1539078417459,
    "duration": 1,
    "pid": 11332,
    "index": 7
  },
  {
    "name": "Require(5) node_modules/egg-onerror/config/config.default.js",
    "start": 1539078417459,
    "end": 1539078417459,
    "duration": 0,
    "pid": 11332,
    "index": 8
  },
  {
    "name": "Require(6) node_modules/egg-i18n/config/config.default.js",
    "start": 1539078417459,
    "end": 1539078417459,
    "duration": 0,
    "pid": 11332,
    "index": 9
  },
  {
    "name": "Require(7) node_modules/egg-watcher/config/config.default.js",
    "start": 1539078417460,
    "end": 1539078417460,
    "duration": 0,
    "pid": 11332,
    "index": 10
  },
  {
    "name": "Require(8) node_modules/egg-schedule/config/config.default.js",
    "start": 1539078417460,
    "end": 1539078417460,
    "duration": 0,
    "pid": 11332,
    "index": 11
  },
  {
    "name": "Require(9) node_modules/egg-multipart/config/config.default.js",
    "start": 1539078417461,
    "end": 1539078417461,
    "duration": 0,
    "pid": 11332,
    "index": 12
  },
  {
    "name": "Require(10) node_modules/egg-development/config/config.default.js",
    "start": 1539078417461,
    "end": 1539078417462,
    "duration": 1,
    "pid": 11332,
    "index": 13
  },
  {
    "name": "Require(11) node_modules/egg-logrotator/config/config.default.js",
    "start": 1539078417462,
    "end": 1539078417462,
    "duration": 0,
    "pid": 11332,
    "index": 14
  },
  {
    "name": "Require(12) node_modules/egg-static/config/config.default.js",
    "start": 1539078417462,
    "end": 1539078417462,
    "duration": 0,
    "pid": 11332,
    "index": 15
  },
  {
    "name": "Require(13) node_modules/egg-view/config/config.default.js",
    "start": 1539078417463,
    "end": 1539078417463,
    "duration": 0,
    "pid": 11332,
    "index": 16
  },
  {
    "name": "Require(14) node_modules/egg-view-nunjucks/config/config.default.js",
    "start": 1539078417463,
    "end": 1539078417463,
    "duration": 0,
    "pid": 11332,
    "index": 17
  },
  {
    "name": "Require(15) node_modules/egg-mongoose/config/config.default.js",
    "start": 1539078417464,
    "end": 1539078417464,
    "duration": 0,
    "pid": 11332,
    "index": 18
  },
  {
    "name": "Require(16) node_modules/egg/config/config.default.js",
    "start": 1539078417464,
    "end": 1539078417464,
    "duration": 0,
    "pid": 11332,
    "index": 19
  },
  {
    "name": "Require(17) config/config.default.ts",
    "start": 1539078417466,
    "end": 1539078417466,
    "duration": 0,
    "pid": 11332,
    "index": 20
  },
  {
    "name": "Require(18) node_modules/egg-security/config/config.local.js",
    "start": 1539078417467,
    "end": 1539078417467,
    "duration": 0,
    "pid": 11332,
    "index": 21
  },
  {
    "name": "Require(19) node_modules/egg-watcher/config/config.local.js",
    "start": 1539078417468,
    "end": 1539078417468,
    "duration": 0,
    "pid": 11332,
    "index": 22
  },
  {
    "name": "Require(20) node_modules/egg-view/config/config.local.js",
    "start": 1539078417469,
    "end": 1539078417470,
    "duration": 1,
    "pid": 11332,
    "index": 23
  },
  {
    "name": "Require(21) node_modules/egg-view-nunjucks/config/config.local.js",
    "start": 1539078417470,
    "end": 1539078417470,
    "duration": 0,
    "pid": 11332,
    "index": 24
  },
  {
    "name": "Require(22) node_modules/egg/config/config.local.js",
    "start": 1539078417470,
    "end": 1539078417470,
    "duration": 0,
    "pid": 11332,
    "index": 25
  },
  {
    "name": "Require(23) config/config.local.ts",
    "start": 1539078417471,
    "end": 1539078417471,
    "duration": 0,
    "pid": 11332,
    "index": 26
  },
  {
    "name": "Load extend/application.js",
    "start": 1539078417472,
    "end": 1539078417525,
    "duration": 53,
    "pid": 11332,
    "index": 27
  },
  {
    "name": "Require(24) node_modules/egg-session/app/extend/application.js",
    "start": 1539078417473,
    "end": 1539078417473,
    "duration": 0,
    "pid": 11332,
    "index": 28
  },
  {
    "name": "Require(25) node_modules/egg-security/app/extend/application.js",
    "start": 1539078417473,
    "end": 1539078417474,
    "duration": 1,
    "pid": 11332,
    "index": 29
  },
  {
    "name": "Require(26) node_modules/egg-jsonp/app/extend/application.js",
    "start": 1539078417475,
    "end": 1539078417476,
    "duration": 1,
    "pid": 11332,
    "index": 30
  },
  {
    "name": "Require(27) node_modules/egg-logrotator/app/extend/application.js",
    "start": 1539078417477,
    "end": 1539078417478,
    "duration": 1,
    "pid": 11332,
    "index": 31
  },
  {
    "name": "Require(28) node_modules/egg-view/app/extend/application.js",
    "start": 1539078417479,
    "end": 1539078417480,
    "duration": 1,
    "pid": 11332,
    "index": 32
  },
  {
    "name": "Require(29) node_modules/egg-view-nunjucks/app/extend/application.js",
    "start": 1539078417481,
    "end": 1539078417522,
    "duration": 41,
    "pid": 11332,
    "index": 33
  },
  {
    "name": "Load extend/request.js",
    "start": 1539078417525,
    "end": 1539078417531,
    "duration": 6,
    "pid": 11332,
    "index": 34
  },
  {
    "name": "Require(30) node_modules/egg/app/extend/request.js",
    "start": 1539078417528,
    "end": 1539078417529,
    "duration": 1,
    "pid": 11332,
    "index": 35
  },
  {
    "name": "Load extend/response.js",
    "start": 1539078417531,
    "end": 1539078417545,
    "duration": 14,
    "pid": 11332,
    "index": 36
  },
  {
    "name": "Require(31) node_modules/egg/app/extend/response.js",
    "start": 1539078417533,
    "end": 1539078417537,
    "duration": 4,
    "pid": 11332,
    "index": 37
  },
  {
    "name": "Load extend/context.js",
    "start": 1539078417545,
    "end": 1539078417604,
    "duration": 59,
    "pid": 11332,
    "index": 38
  },
  {
    "name": "Require(32) node_modules/egg-security/app/extend/context.js",
    "start": 1539078417546,
    "end": 1539078417557,
    "duration": 11,
    "pid": 11332,
    "index": 39
  },
  {
    "name": "Require(33) node_modules/egg-jsonp/app/extend/context.js",
    "start": 1539078417557,
    "end": 1539078417558,
    "duration": 1,
    "pid": 11332,
    "index": 40
  },
  {
    "name": "Require(34) node_modules/egg-i18n/app/extend/context.js",
    "start": 1539078417559,
    "end": 1539078417559,
    "duration": 0,
    "pid": 11332,
    "index": 41
  },
  {
    "name": "Require(35) node_modules/egg-multipart/app/extend/context.js",
    "start": 1539078417560,
    "end": 1539078417598,
    "duration": 38,
    "pid": 11332,
    "index": 42
  },
  {
    "name": "Require(36) node_modules/egg-view/app/extend/context.js",
    "start": 1539078417598,
    "end": 1539078417599,
    "duration": 1,
    "pid": 11332,
    "index": 43
  },
  {
    "name": "Require(37) node_modules/egg-mongoose/app/extend/context.js",
    "start": 1539078417599,
    "end": 1539078417600,
    "duration": 1,
    "pid": 11332,
    "index": 44
  },
  {
    "name": "Require(38) node_modules/egg/app/extend/context.js",
    "start": 1539078417600,
    "end": 1539078417601,
    "duration": 1,
    "pid": 11332,
    "index": 45
  },
  {
    "name": "Load extend/helper.js",
    "start": 1539078417605,
    "end": 1539078417622,
    "duration": 17,
    "pid": 11332,
    "index": 46
  },
  {
    "name": "Require(39) node_modules/egg-security/app/extend/helper.js",
    "start": 1539078417605,
    "end": 1539078417617,
    "duration": 12,
    "pid": 11332,
    "index": 47
  },
  {
    "name": "Require(40) node_modules/egg/app/extend/helper.js",
    "start": 1539078417619,
    "end": 1539078417620,
    "duration": 1,
    "pid": 11332,
    "index": 48
  },
  {
    "name": "Load app.js",
    "start": 1539078417622,
    "end": 1539078417649,
    "duration": 27,
    "pid": 11332,
    "index": 49
  },
  {
    "name": "Require(41) node_modules/egg-session/app.js",
    "start": 1539078417622,
    "end": 1539078417622,
    "duration": 0,
    "pid": 11332,
    "index": 50
  },
  {
    "name": "Require(42) node_modules/egg-security/app.js",
    "start": 1539078417623,
    "end": 1539078417624,
    "duration": 1,
    "pid": 11332,
    "index": 51
  },
  {
    "name": "Require(43) node_modules/egg-onerror/app.js",
    "start": 1539078417625,
    "end": 1539078417631,
    "duration": 6,
    "pid": 11332,
    "index": 52
  },
  {
    "name": "Require(44) node_modules/egg-i18n/app.js",
    "start": 1539078417631,
    "end": 1539078417638,
    "duration": 7,
    "pid": 11332,
    "index": 53
  },
  {
    "name": "Require(45) node_modules/egg-watcher/app.js",
    "start": 1539078417638,
    "end": 1539078417640,
    "duration": 2,
    "pid": 11332,
    "index": 54
  },
  {
    "name": "Require(46) node_modules/egg-schedule/app.js",
    "start": 1539078417643,
    "end": 1539078417644,
    "duration": 1,
    "pid": 11332,
    "index": 55
  },
  {
    "name": "Require(47) node_modules/egg-multipart/app.js",
    "start": 1539078417645,
    "end": 1539078417646,
    "duration": 1,
    "pid": 11332,
    "index": 56
  },
  {
    "name": "Require(48) node_modules/egg-development/app.js",
    "start": 1539078417646,
    "end": 1539078417647,
    "duration": 1,
    "pid": 11332,
    "index": 57
  },
  {
    "name": "Require(49) node_modules/egg-logrotator/app.js",
    "start": 1539078417647,
    "end": 1539078417647,
    "duration": 0,
    "pid": 11332,
    "index": 58
  },
  {
    "name": "Require(50) node_modules/egg-static/app.js",
    "start": 1539078417647,
    "end": 1539078417647,
    "duration": 0,
    "pid": 11332,
    "index": 59
  },
  {
    "name": "Require(51) node_modules/egg-view-nunjucks/app.js",
    "start": 1539078417648,
    "end": 1539078417648,
    "duration": 0,
    "pid": 11332,
    "index": 60
  },
  {
    "name": "Require(52) node_modules/egg-mongoose/app.js",
    "start": 1539078417648,
    "end": 1539078417648,
    "duration": 0,
    "pid": 11332,
    "index": 61
  },
  {
    "name": "Before Start in node_modules/egg-watcher/lib/init.js:15:14",
    "start": 1539078417659,
    "end": 1539078419156,
    "duration": 1497,
    "pid": 11332,
    "index": 62
  },
  {
    "name": "Before Start in node_modules/egg-mongoose/lib/mongoose.js:77:7",
    "start": 1539078417993,
    "end": 1539078420170,
    "duration": 2177,
    "pid": 11332,
    "index": 63
  },
  {
    "name": "Before Start in node_modules/egg-mongoose/lib/mongoose.js:42:9",
    "start": 1539078417993,
    "end": 1539078419148,
    "duration": 1155,
    "pid": 11332,
    "index": 64
  },
  {
    "name": "Load Service",
    "start": 1539078417993,
    "end": 1539078419064,
    "duration": 1071,
    "pid": 11332,
    "index": 65
  },
  {
    "name": "Load \"service\" to Context",
    "start": 1539078417993,
    "end": 1539078419064,
    "duration": 1071,
    "pid": 11332,
    "index": 66
  },
  {
    "name": "Load Middleware",
    "start": 1539078419064,
    "end": 1539078419120,
    "duration": 56,
    "pid": 11332,
    "index": 67
  },
  {
    "name": "Load \"middlewares\" to Application",
    "start": 1539078419064,
    "end": 1539078419112,
    "duration": 48,
    "pid": 11332,
    "index": 68
  },
  {
    "name": "Load Controller",
    "start": 1539078419120,
    "end": 1539078419123,
    "duration": 3,
    "pid": 11332,
    "index": 69
  },
  {
    "name": "Load \"controller\" to Application",
    "start": 1539078419120,
    "end": 1539078419123,
    "duration": 3,
    "pid": 11332,
    "index": 70
  },
  {
    "name": "Load Router",
    "start": 1539078419123,
    "end": 1539078419125,
    "duration": 2,
    "pid": 11332,
    "index": 71
  },
  {
    "name": "Require(53) app/router.ts",
    "start": 1539078419123,
    "end": 1539078419123,
    "duration": 0,
    "pid": 11332,
    "index": 72
  },
  {
    "name": "Before Start in node_modules/egg-core/lib/egg.js:287:10",
    "start": 1539078419124,
    "end": 1539078419148,
    "duration": 24,
    "pid": 11332,
    "index": 73
  },
  {
    "name": "Load \"model\" to Application",
    "start": 1539078419135,
    "end": 1539078419147,
    "duration": 12,
    "pid": 11332,
    "index": 74
  }
]