[
  {
    "name": "Application Start",
    "start": 1539077040669,
    "end": 1539077042283,
    "duration": 1614,
    "pid": 12668,
    "index": 0
  },
  {
    "name": "Load Plugin",
    "start": 1539077040673,
    "end": 1539077040684,
    "duration": 11,
    "pid": 12668,
    "index": 1
  },
  {
    "name": "Load Config",
    "start": 1539077040684,
    "end": 1539077040700,
    "duration": 16,
    "pid": 12668,
    "index": 2
  },
  {
    "name": "Require(0) config/config.default.ts",
    "start": 1539077040685,
    "end": 1539077040686,
    "duration": 1,
    "pid": 12668,
    "index": 3
  },
  {
    "name": "Require(1) config/config.local.ts",
    "start": 1539077040687,
    "end": 1539077040687,
    "duration": 0,
    "pid": 12668,
    "index": 4
  },
  {
    "name": "Require(2) node_modules/egg-session/config/config.default.js",
    "start": 1539077040688,
    "end": 1539077040688,
    "duration": 0,
    "pid": 12668,
    "index": 5
  },
  {
    "name": "Require(3) node_modules/egg-security/config/config.default.js",
    "start": 1539077040688,
    "end": 1539077040689,
    "duration": 1,
    "pid": 12668,
    "index": 6
  },
  {
    "name": "Require(4) node_modules/egg-jsonp/config/config.default.js",
    "start": 1539077040689,
    "end": 1539077040689,
    "duration": 0,
    "pid": 12668,
    "index": 7
  },
  {
    "name": "Require(5) node_modules/egg-onerror/config/config.default.js",
    "start": 1539077040690,
    "end": 1539077040690,
    "duration": 0,
    "pid": 12668,
    "index": 8
  },
  {
    "name": "Require(6) node_modules/egg-i18n/config/config.default.js",
    "start": 1539077040690,
    "end": 1539077040690,
    "duration": 0,
    "pid": 12668,
    "index": 9
  },
  {
    "name": "Require(7) node_modules/egg-watcher/config/config.default.js",
    "start": 1539077040691,
    "end": 1539077040691,
    "duration": 0,
    "pid": 12668,
    "index": 10
  },
  {
    "name": "Require(8) node_modules/egg-schedule/config/config.default.js",
    "start": 1539077040691,
    "end": 1539077040691,
    "duration": 0,
    "pid": 12668,
    "index": 11
  },
  {
    "name": "Require(9) node_modules/egg-multipart/config/config.default.js",
    "start": 1539077040692,
    "end": 1539077040692,
    "duration": 0,
    "pid": 12668,
    "index": 12
  },
  {
    "name": "Require(10) node_modules/egg-development/config/config.default.js",
    "start": 1539077040692,
    "end": 1539077040692,
    "duration": 0,
    "pid": 12668,
    "index": 13
  },
  {
    "name": "Require(11) node_modules/egg-logrotator/config/config.default.js",
    "start": 1539077040693,
    "end": 1539077040693,
    "duration": 0,
    "pid": 12668,
    "index": 14
  },
  {
    "name": "Require(12) node_modules/egg-static/config/config.default.js",
    "start": 1539077040693,
    "end": 1539077040693,
    "duration": 0,
    "pid": 12668,
    "index": 15
  },
  {
    "name": "Require(13) node_modules/egg-view/config/config.default.js",
    "start": 1539077040694,
    "end": 1539077040694,
    "duration": 0,
    "pid": 12668,
    "index": 16
  },
  {
    "name": "Require(14) node_modules/egg-view-nunjucks/config/config.default.js",
    "start": 1539077040694,
    "end": 1539077040694,
    "duration": 0,
    "pid": 12668,
    "index": 17
  },
  {
    "name": "Require(15) node_modules/egg-mongoose/config/config.default.js",
    "start": 1539077040695,
    "end": 1539077040695,
    "duration": 0,
    "pid": 12668,
    "index": 18
  },
  {
    "name": "Require(16) node_modules/egg/config/config.default.js",
    "start": 1539077040695,
    "end": 1539077040695,
    "duration": 0,
    "pid": 12668,
    "index": 19
  },
  {
    "name": "Require(17) config/config.default.ts",
    "start": 1539077040696,
    "end": 1539077040696,
    "duration": 0,
    "pid": 12668,
    "index": 20
  },
  {
    "name": "Require(18) node_modules/egg-security/config/config.local.js",
    "start": 1539077040697,
    "end": 1539077040697,
    "duration": 0,
    "pid": 12668,
    "index": 21
  },
  {
    "name": "Require(19) node_modules/egg-watcher/config/config.local.js",
    "start": 1539077040698,
    "end": 1539077040698,
    "duration": 0,
    "pid": 12668,
    "index": 22
  },
  {
    "name": "Require(20) node_modules/egg-view/config/config.local.js",
    "start": 1539077040699,
    "end": 1539077040699,
    "duration": 0,
    "pid": 12668,
    "index": 23
  },
  {
    "name": "Require(21) node_modules/egg-view-nunjucks/config/config.local.js",
    "start": 1539077040699,
    "end": 1539077040699,
    "duration": 0,
    "pid": 12668,
    "index": 24
  },
  {
    "name": "Require(22) node_modules/egg/config/config.local.js",
    "start": 1539077040700,
    "end": 1539077040700,
    "duration": 0,
    "pid": 12668,
    "index": 25
  },
  {
    "name": "Require(23) config/config.local.ts",
    "start": 1539077040700,
    "end": 1539077040700,
    "duration": 0,
    "pid": 12668,
    "index": 26
  },
  {
    "name": "Load extend/application.js",
    "start": 1539077040701,
    "end": 1539077040732,
    "duration": 31,
    "pid": 12668,
    "index": 27
  },
  {
    "name": "Require(24) node_modules/egg-session/app/extend/application.js",
    "start": 1539077040701,
    "end": 1539077040701,
    "duration": 0,
    "pid": 12668,
    "index": 28
  },
  {
    "name": "Require(25) node_modules/egg-security/app/extend/application.js",
    "start": 1539077040702,
    "end": 1539077040702,
    "duration": 0,
    "pid": 12668,
    "index": 29
  },
  {
    "name": "Require(26) node_modules/egg-jsonp/app/extend/application.js",
    "start": 1539077040703,
    "end": 1539077040703,
    "duration": 0,
    "pid": 12668,
    "index": 30
  },
  {
    "name": "Require(27) node_modules/egg-logrotator/app/extend/application.js",
    "start": 1539077040704,
    "end": 1539077040705,
    "duration": 1,
    "pid": 12668,
    "index": 31
  },
  {
    "name": "Require(28) node_modules/egg-view/app/extend/application.js",
    "start": 1539077040705,
    "end": 1539077040706,
    "duration": 1,
    "pid": 12668,
    "index": 32
  },
  {
    "name": "Require(29) node_modules/egg-view-nunjucks/app/extend/application.js",
    "start": 1539077040706,
    "end": 1539077040730,
    "duration": 24,
    "pid": 12668,
    "index": 33
  },
  {
    "name": "Load extend/request.js",
    "start": 1539077040733,
    "end": 1539077040737,
    "duration": 4,
    "pid": 12668,
    "index": 34
  },
  {
    "name": "Require(30) node_modules/egg/app/extend/request.js",
    "start": 1539077040734,
    "end": 1539077040735,
    "duration": 1,
    "pid": 12668,
    "index": 35
  },
  {
    "name": "Load extend/response.js",
    "start": 1539077040737,
    "end": 1539077040742,
    "duration": 5,
    "pid": 12668,
    "index": 36
  },
  {
    "name": "Require(31) node_modules/egg/app/extend/response.js",
    "start": 1539077040739,
    "end": 1539077040739,
    "duration": 0,
    "pid": 12668,
    "index": 37
  },
  {
    "name": "Load extend/context.js",
    "start": 1539077040742,
    "end": 1539077040785,
    "duration": 43,
    "pid": 12668,
    "index": 38
  },
  {
    "name": "Require(32) node_modules/egg-security/app/extend/context.js",
    "start": 1539077040742,
    "end": 1539077040749,
    "duration": 7,
    "pid": 12668,
    "index": 39
  },
  {
    "name": "Require(33) node_modules/egg-jsonp/app/extend/context.js",
    "start": 1539077040750,
    "end": 1539077040750,
    "duration": 0,
    "pid": 12668,
    "index": 40
  },
  {
    "name": "Require(34) node_modules/egg-i18n/app/extend/context.js",
    "start": 1539077040751,
    "end": 1539077040751,
    "duration": 0,
    "pid": 12668,
    "index": 41
  },
  {
    "name": "Require(35) node_modules/egg-multipart/app/extend/context.js",
    "start": 1539077040751,
    "end": 1539077040780,
    "duration": 29,
    "pid": 12668,
    "index": 42
  },
  {
    "name": "Require(36) node_modules/egg-view/app/extend/context.js",
    "start": 1539077040781,
    "end": 1539077040781,
    "duration": 0,
    "pid": 12668,
    "index": 43
  },
  {
    "name": "Require(37) node_modules/egg-mongoose/app/extend/context.js",
    "start": 1539077040782,
    "end": 1539077040782,
    "duration": 0,
    "pid": 12668,
    "index": 44
  },
  {
    "name": "Require(38) node_modules/egg/app/extend/context.js",
    "start": 1539077040782,
    "end": 1539077040783,
    "duration": 1,
    "pid": 12668,
    "index": 45
  },
  {
    "name": "Load extend/helper.js",
    "start": 1539077040785,
    "end": 1539077040798,
    "duration": 13,
    "pid": 12668,
    "index": 46
  },
  {
    "name": "Require(39) node_modules/egg-security/app/extend/helper.js",
    "start": 1539077040785,
    "end": 1539077040794,
    "duration": 9,
    "pid": 12668,
    "index": 47
  },
  {
    "name": "Require(40) node_modules/egg/app/extend/helper.js",
    "start": 1539077040796,
    "end": 1539077040796,
    "duration": 0,
    "pid": 12668,
    "index": 48
  },
  {
    "name": "Load app.js",
    "start": 1539077040798,
    "end": 1539077040823,
    "duration": 25,
    "pid": 12668,
    "index": 49
  },
  {
    "name": "Require(41) node_modules/egg-session/app.js",
    "start": 1539077040798,
    "end": 1539077040798,
    "duration": 0,
    "pid": 12668,
    "index": 50
  },
  {
    "name": "Require(42) node_modules/egg-security/app.js",
    "start": 1539077040799,
    "end": 1539077040800,
    "duration": 1,
    "pid": 12668,
    "index": 51
  },
  {
    "name": "Require(43) node_modules/egg-onerror/app.js",
    "start": 1539077040800,
    "end": 1539077040807,
    "duration": 7,
    "pid": 12668,
    "index": 52
  },
  {
    "name": "Require(44) node_modules/egg-i18n/app.js",
    "start": 1539077040807,
    "end": 1539077040813,
    "duration": 6,
    "pid": 12668,
    "index": 53
  },
  {
    "name": "Require(45) node_modules/egg-watcher/app.js",
    "start": 1539077040813,
    "end": 1539077040817,
    "duration": 4,
    "pid": 12668,
    "index": 54
  },
  {
    "name": "Require(46) node_modules/egg-schedule/app.js",
    "start": 1539077040818,
    "end": 1539077040819,
    "duration": 1,
    "pid": 12668,
    "index": 55
  },
  {
    "name": "Require(47) node_modules/egg-multipart/app.js",
    "start": 1539077040819,
    "end": 1539077040820,
    "duration": 1,
    "pid": 12668,
    "index": 56
  },
  {
    "name": "Require(48) node_modules/egg-development/app.js",
    "start": 1539077040821,
    "end": 1539077040821,
    "duration": 0,
    "pid": 12668,
    "index": 57
  },
  {
    "name": "Require(49) node_modules/egg-logrotator/app.js",
    "start": 1539077040821,
    "end": 1539077040821,
    "duration": 0,
    "pid": 12668,
    "index": 58
  },
  {
    "name": "Require(50) node_modules/egg-static/app.js",
    "start": 1539077040821,
    "end": 1539077040821,
    "duration": 0,
    "pid": 12668,
    "index": 59
  },
  {
    "name": "Require(51) node_modules/egg-view-nunjucks/app.js",
    "start": 1539077040822,
    "end": 1539077040822,
    "duration": 0,
    "pid": 12668,
    "index": 60
  },
  {
    "name": "Require(52) node_modules/egg-mongoose/app.js",
    "start": 1539077040822,
    "end": 1539077040822,
    "duration": 0,
    "pid": 12668,
    "index": 61
  },
  {
    "name": "Before Start in node_modules/egg-watcher/lib/init.js:15:14",
    "start": 1539077040832,
    "end": 1539077041278,
    "duration": 446,
    "pid": 12668,
    "index": 62
  },
  {
    "name": "Before Start in node_modules/egg-mongoose/lib/mongoose.js:77:7",
    "start": 1539077041155,
    "end": 1539077042283,
    "duration": 1128,
    "pid": 12668,
    "index": 63
  },
  {
    "name": "Before Start in node_modules/egg-mongoose/lib/mongoose.js:42:9",
    "start": 1539077041155,
    "end": 1539077041239,
    "duration": 84,
    "pid": 12668,
    "index": 64
  },
  {
    "name": "Load Service",
    "start": 1539077041155,
    "end": 1539077041160,
    "duration": 5,
    "pid": 12668,
    "index": 65
  },
  {
    "name": "Load \"service\" to Context",
    "start": 1539077041155,
    "end": 1539077041160,
    "duration": 5,
    "pid": 12668,
    "index": 66
  },
  {
    "name": "Load Middleware",
    "start": 1539077041161,
    "end": 1539077041213,
    "duration": 52,
    "pid": 12668,
    "index": 67
  },
  {
    "name": "Load \"middlewares\" to Application",
    "start": 1539077041161,
    "end": 1539077041205,
    "duration": 44,
    "pid": 12668,
    "index": 68
  },
  {
    "name": "Load Controller",
    "start": 1539077041214,
    "end": 1539077041217,
    "duration": 3,
    "pid": 12668,
    "index": 69
  },
  {
    "name": "Load \"controller\" to Application",
    "start": 1539077041214,
    "end": 1539077041217,
    "duration": 3,
    "pid": 12668,
    "index": 70
  },
  {
    "name": "Load Router",
    "start": 1539077041217,
    "end": 1539077041219,
    "duration": 2,
    "pid": 12668,
    "index": 71
  },
  {
    "name": "Require(53) app/router.ts",
    "start": 1539077041217,
    "end": 1539077041217,
    "duration": 0,
    "pid": 12668,
    "index": 72
  },
  {
    "name": "Before Start in node_modules/egg-core/lib/egg.js:287:10",
    "start": 1539077041218,
    "end": 1539077041239,
    "duration": 21,
    "pid": 12668,
    "index": 73
  },
  {
    "name": "Load \"model\" to Application",
    "start": 1539077041228,
    "end": 1539077041238,
    "duration": 10,
    "pid": 12668,
    "index": 74
  }
]