[
  {
    "name": "Application Start",
    "start": 1539073611415,
    "end": 1539073614079,
    "duration": 2664,
    "pid": 15868,
    "index": 0
  },
  {
    "name": "Load Plugin",
    "start": 1539073611418,
    "end": 1539073611430,
    "duration": 12,
    "pid": 15868,
    "index": 1
  },
  {
    "name": "Load Config",
    "start": 1539073611430,
    "end": 1539073611446,
    "duration": 16,
    "pid": 15868,
    "index": 2
  },
  {
    "name": "Require(0) config/config.default.ts",
    "start": 1539073611430,
    "end": 1539073611431,
    "duration": 1,
    "pid": 15868,
    "index": 3
  },
  {
    "name": "Require(1) config/config.local.ts",
    "start": 1539073611432,
    "end": 1539073611432,
    "duration": 0,
    "pid": 15868,
    "index": 4
  },
  {
    "name": "Require(2) node_modules/egg-session/config/config.default.js",
    "start": 1539073611432,
    "end": 1539073611433,
    "duration": 1,
    "pid": 15868,
    "index": 5
  },
  {
    "name": "Require(3) node_modules/egg-security/config/config.default.js",
    "start": 1539073611433,
    "end": 1539073611433,
    "duration": 0,
    "pid": 15868,
    "index": 6
  },
  {
    "name": "Require(4) node_modules/egg-jsonp/config/config.default.js",
    "start": 1539073611434,
    "end": 1539073611434,
    "duration": 0,
    "pid": 15868,
    "index": 7
  },
  {
    "name": "Require(5) node_modules/egg-onerror/config/config.default.js",
    "start": 1539073611434,
    "end": 1539073611434,
    "duration": 0,
    "pid": 15868,
    "index": 8
  },
  {
    "name": "Require(6) node_modules/egg-i18n/config/config.default.js",
    "start": 1539073611435,
    "end": 1539073611435,
    "duration": 0,
    "pid": 15868,
    "index": 9
  },
  {
    "name": "Require(7) node_modules/egg-watcher/config/config.default.js",
    "start": 1539073611436,
    "end": 1539073611436,
    "duration": 0,
    "pid": 15868,
    "index": 10
  },
  {
    "name": "Require(8) node_modules/egg-schedule/config/config.default.js",
    "start": 1539073611436,
    "end": 1539073611436,
    "duration": 0,
    "pid": 15868,
    "index": 11
  },
  {
    "name": "Require(9) node_modules/egg-multipart/config/config.default.js",
    "start": 1539073611437,
    "end": 1539073611437,
    "duration": 0,
    "pid": 15868,
    "index": 12
  },
  {
    "name": "Require(10) node_modules/egg-development/config/config.default.js",
    "start": 1539073611438,
    "end": 1539073611438,
    "duration": 0,
    "pid": 15868,
    "index": 13
  },
  {
    "name": "Require(11) node_modules/egg-logrotator/config/config.default.js",
    "start": 1539073611438,
    "end": 1539073611438,
    "duration": 0,
    "pid": 15868,
    "index": 14
  },
  {
    "name": "Require(12) node_modules/egg-static/config/config.default.js",
    "start": 1539073611438,
    "end": 1539073611439,
    "duration": 1,
    "pid": 15868,
    "index": 15
  },
  {
    "name": "Require(13) node_modules/egg-view/config/config.default.js",
    "start": 1539073611439,
    "end": 1539073611440,
    "duration": 1,
    "pid": 15868,
    "index": 16
  },
  {
    "name": "Require(14) node_modules/egg-view-nunjucks/config/config.default.js",
    "start": 1539073611440,
    "end": 1539073611440,
    "duration": 0,
    "pid": 15868,
    "index": 17
  },
  {
    "name": "Require(15) node_modules/egg-mongoose/config/config.default.js",
    "start": 1539073611440,
    "end": 1539073611441,
    "duration": 1,
    "pid": 15868,
    "index": 18
  },
  {
    "name": "Require(16) node_modules/egg/config/config.default.js",
    "start": 1539073611441,
    "end": 1539073611441,
    "duration": 0,
    "pid": 15868,
    "index": 19
  },
  {
    "name": "Require(17) config/config.default.ts",
    "start": 1539073611442,
    "end": 1539073611442,
    "duration": 0,
    "pid": 15868,
    "index": 20
  },
  {
    "name": "Require(18) node_modules/egg-security/config/config.local.js",
    "start": 1539073611443,
    "end": 1539073611443,
    "duration": 0,
    "pid": 15868,
    "index": 21
  },
  {
    "name": "Require(19) node_modules/egg-watcher/config/config.local.js",
    "start": 1539073611444,
    "end": 1539073611444,
    "duration": 0,
    "pid": 15868,
    "index": 22
  },
  {
    "name": "Require(20) node_modules/egg-view/config/config.local.js",
    "start": 1539073611445,
    "end": 1539073611445,
    "duration": 0,
    "pid": 15868,
    "index": 23
  },
  {
    "name": "Require(21) node_modules/egg-view-nunjucks/config/config.local.js",
    "start": 1539073611445,
    "end": 1539073611445,
    "duration": 0,
    "pid": 15868,
    "index": 24
  },
  {
    "name": "Require(22) node_modules/egg/config/config.local.js",
    "start": 1539073611446,
    "end": 1539073611446,
    "duration": 0,
    "pid": 15868,
    "index": 25
  },
  {
    "name": "Require(23) config/config.local.ts",
    "start": 1539073611446,
    "end": 1539073611446,
    "duration": 0,
    "pid": 15868,
    "index": 26
  },
  {
    "name": "Load extend/application.js",
    "start": 1539073611447,
    "end": 1539073611479,
    "duration": 32,
    "pid": 15868,
    "index": 27
  },
  {
    "name": "Require(24) node_modules/egg-session/app/extend/application.js",
    "start": 1539073611447,
    "end": 1539073611448,
    "duration": 1,
    "pid": 15868,
    "index": 28
  },
  {
    "name": "Require(25) node_modules/egg-security/app/extend/application.js",
    "start": 1539073611448,
    "end": 1539073611449,
    "duration": 1,
    "pid": 15868,
    "index": 29
  },
  {
    "name": "Require(26) node_modules/egg-jsonp/app/extend/application.js",
    "start": 1539073611449,
    "end": 1539073611450,
    "duration": 1,
    "pid": 15868,
    "index": 30
  },
  {
    "name": "Require(27) node_modules/egg-logrotator/app/extend/application.js",
    "start": 1539073611451,
    "end": 1539073611452,
    "duration": 1,
    "pid": 15868,
    "index": 31
  },
  {
    "name": "Require(28) node_modules/egg-view/app/extend/application.js",
    "start": 1539073611452,
    "end": 1539073611453,
    "duration": 1,
    "pid": 15868,
    "index": 32
  },
  {
    "name": "Require(29) node_modules/egg-view-nunjucks/app/extend/application.js",
    "start": 1539073611453,
    "end": 1539073611477,
    "duration": 24,
    "pid": 15868,
    "index": 33
  },
  {
    "name": "Load extend/request.js",
    "start": 1539073611479,
    "end": 1539073611484,
    "duration": 5,
    "pid": 15868,
    "index": 34
  },
  {
    "name": "Require(30) node_modules/egg/app/extend/request.js",
    "start": 1539073611481,
    "end": 1539073611482,
    "duration": 1,
    "pid": 15868,
    "index": 35
  },
  {
    "name": "Load extend/response.js",
    "start": 1539073611484,
    "end": 1539073611488,
    "duration": 4,
    "pid": 15868,
    "index": 36
  },
  {
    "name": "Require(31) node_modules/egg/app/extend/response.js",
    "start": 1539073611486,
    "end": 1539073611486,
    "duration": 0,
    "pid": 15868,
    "index": 37
  },
  {
    "name": "Load extend/context.js",
    "start": 1539073611488,
    "end": 1539073611532,
    "duration": 44,
    "pid": 15868,
    "index": 38
  },
  {
    "name": "Require(32) node_modules/egg-security/app/extend/context.js",
    "start": 1539073611489,
    "end": 1539073611495,
    "duration": 6,
    "pid": 15868,
    "index": 39
  },
  {
    "name": "Require(33) node_modules/egg-jsonp/app/extend/context.js",
    "start": 1539073611495,
    "end": 1539073611496,
    "duration": 1,
    "pid": 15868,
    "index": 40
  },
  {
    "name": "Require(34) node_modules/egg-i18n/app/extend/context.js",
    "start": 1539073611496,
    "end": 1539073611496,
    "duration": 0,
    "pid": 15868,
    "index": 41
  },
  {
    "name": "Require(35) node_modules/egg-multipart/app/extend/context.js",
    "start": 1539073611497,
    "end": 1539073611527,
    "duration": 30,
    "pid": 15868,
    "index": 42
  },
  {
    "name": "Require(36) node_modules/egg-view/app/extend/context.js",
    "start": 1539073611527,
    "end": 1539073611528,
    "duration": 1,
    "pid": 15868,
    "index": 43
  },
  {
    "name": "Require(37) node_modules/egg-mongoose/app/extend/context.js",
    "start": 1539073611529,
    "end": 1539073611529,
    "duration": 0,
    "pid": 15868,
    "index": 44
  },
  {
    "name": "Require(38) node_modules/egg/app/extend/context.js",
    "start": 1539073611529,
    "end": 1539073611530,
    "duration": 1,
    "pid": 15868,
    "index": 45
  },
  {
    "name": "Load extend/helper.js",
    "start": 1539073611532,
    "end": 1539073611546,
    "duration": 14,
    "pid": 15868,
    "index": 46
  },
  {
    "name": "Require(39) node_modules/egg-security/app/extend/helper.js",
    "start": 1539073611532,
    "end": 1539073611542,
    "duration": 10,
    "pid": 15868,
    "index": 47
  },
  {
    "name": "Require(40) node_modules/egg/app/extend/helper.js",
    "start": 1539073611544,
    "end": 1539073611544,
    "duration": 0,
    "pid": 15868,
    "index": 48
  },
  {
    "name": "Load app.js",
    "start": 1539073611546,
    "end": 1539073611571,
    "duration": 25,
    "pid": 15868,
    "index": 49
  },
  {
    "name": "Require(41) node_modules/egg-session/app.js",
    "start": 1539073611546,
    "end": 1539073611546,
    "duration": 0,
    "pid": 15868,
    "index": 50
  },
  {
    "name": "Require(42) node_modules/egg-security/app.js",
    "start": 1539073611546,
    "end": 1539073611547,
    "duration": 1,
    "pid": 15868,
    "index": 51
  },
  {
    "name": "Require(43) node_modules/egg-onerror/app.js",
    "start": 1539073611548,
    "end": 1539073611554,
    "duration": 6,
    "pid": 15868,
    "index": 52
  },
  {
    "name": "Require(44) node_modules/egg-i18n/app.js",
    "start": 1539073611555,
    "end": 1539073611561,
    "duration": 6,
    "pid": 15868,
    "index": 53
  },
  {
    "name": "Require(45) node_modules/egg-watcher/app.js",
    "start": 1539073611562,
    "end": 1539073611564,
    "duration": 2,
    "pid": 15868,
    "index": 54
  },
  {
    "name": "Require(46) node_modules/egg-schedule/app.js",
    "start": 1539073611564,
    "end": 1539073611565,
    "duration": 1,
    "pid": 15868,
    "index": 55
  },
  {
    "name": "Require(47) node_modules/egg-multipart/app.js",
    "start": 1539073611565,
    "end": 1539073611566,
    "duration": 1,
    "pid": 15868,
    "index": 56
  },
  {
    "name": "Require(48) node_modules/egg-development/app.js",
    "start": 1539073611566,
    "end": 1539073611567,
    "duration": 1,
    "pid": 15868,
    "index": 57
  },
  {
    "name": "Require(49) node_modules/egg-logrotator/app.js",
    "start": 1539073611567,
    "end": 1539073611567,
    "duration": 0,
    "pid": 15868,
    "index": 58
  },
  {
    "name": "Require(50) node_modules/egg-static/app.js",
    "start": 1539073611567,
    "end": 1539073611567,
    "duration": 0,
    "pid": 15868,
    "index": 59
  },
  {
    "name": "Require(51) node_modules/egg-view-nunjucks/app.js",
    "start": 1539073611568,
    "end": 1539073611568,
    "duration": 0,
    "pid": 15868,
    "index": 60
  },
  {
    "name": "Require(52) node_modules/egg-mongoose/app.js",
    "start": 1539073611568,
    "end": 1539073611568,
    "duration": 0,
    "pid": 15868,
    "index": 61
  },
  {
    "name": "Before Start in node_modules/egg-watcher/lib/init.js:15:14",
    "start": 1539073611580,
    "end": 1539073613073,
    "duration": 1493,
    "pid": 15868,
    "index": 62
  },
  {
    "name": "Before Start in node_modules/egg-mongoose/lib/mongoose.js:77:7",
    "start": 1539073611885,
    "end": 1539073614079,
    "duration": 2194,
    "pid": 15868,
    "index": 63
  },
  {
    "name": "Before Start in node_modules/egg-mongoose/lib/mongoose.js:42:9",
    "start": 1539073611885,
    "end": 1539073613065,
    "duration": 1180,
    "pid": 15868,
    "index": 64
  },
  {
    "name": "Load Service",
    "start": 1539073611885,
    "end": 1539073612981,
    "duration": 1096,
    "pid": 15868,
    "index": 65
  },
  {
    "name": "Load \"service\" to Context",
    "start": 1539073611886,
    "end": 1539073612981,
    "duration": 1095,
    "pid": 15868,
    "index": 66
  },
  {
    "name": "Load Middleware",
    "start": 1539073612981,
    "end": 1539073613039,
    "duration": 58,
    "pid": 15868,
    "index": 67
  },
  {
    "name": "Load \"middlewares\" to Application",
    "start": 1539073612982,
    "end": 1539073613031,
    "duration": 49,
    "pid": 15868,
    "index": 68
  },
  {
    "name": "Load Controller",
    "start": 1539073613039,
    "end": 1539073613041,
    "duration": 2,
    "pid": 15868,
    "index": 69
  },
  {
    "name": "Load \"controller\" to Application",
    "start": 1539073613039,
    "end": 1539073613041,
    "duration": 2,
    "pid": 15868,
    "index": 70
  },
  {
    "name": "Load Router",
    "start": 1539073613041,
    "end": 1539073613045,
    "duration": 4,
    "pid": 15868,
    "index": 71
  },
  {
    "name": "Require(53) app/router.ts",
    "start": 1539073613042,
    "end": 1539073613042,
    "duration": 0,
    "pid": 15868,
    "index": 72
  },
  {
    "name": "Before Start in node_modules/egg-core/lib/egg.js:287:10",
    "start": 1539073613042,
    "end": 1539073613065,
    "duration": 23,
    "pid": 15868,
    "index": 73
  },
  {
    "name": "Load \"model\" to Application",
    "start": 1539073613053,
    "end": 1539073613065,
    "duration": 12,
    "pid": 15868,
    "index": 74
  }
]