[
  {
    "name": "Application Start",
    "start": 1539074873023,
    "end": 1539074874722,
    "duration": 1699,
    "pid": 13432,
    "index": 0
  },
  {
    "name": "Load Plugin",
    "start": 1539074873026,
    "end": 1539074873037,
    "duration": 11,
    "pid": 13432,
    "index": 1
  },
  {
    "name": "Load Config",
    "start": 1539074873037,
    "end": 1539074873052,
    "duration": 15,
    "pid": 13432,
    "index": 2
  },
  {
    "name": "Require(0) config/config.default.ts",
    "start": 1539074873038,
    "end": 1539074873038,
    "duration": 0,
    "pid": 13432,
    "index": 3
  },
  {
    "name": "Require(1) config/config.local.ts",
    "start": 1539074873039,
    "end": 1539074873039,
    "duration": 0,
    "pid": 13432,
    "index": 4
  },
  {
    "name": "Require(2) node_modules/egg-session/config/config.default.js",
    "start": 1539074873040,
    "end": 1539074873040,
    "duration": 0,
    "pid": 13432,
    "index": 5
  },
  {
    "name": "Require(3) node_modules/egg-security/config/config.default.js",
    "start": 1539074873040,
    "end": 1539074873040,
    "duration": 0,
    "pid": 13432,
    "index": 6
  },
  {
    "name": "Require(4) node_modules/egg-jsonp/config/config.default.js",
    "start": 1539074873041,
    "end": 1539074873041,
    "duration": 0,
    "pid": 13432,
    "index": 7
  },
  {
    "name": "Require(5) node_modules/egg-onerror/config/config.default.js",
    "start": 1539074873041,
    "end": 1539074873042,
    "duration": 1,
    "pid": 13432,
    "index": 8
  },
  {
    "name": "Require(6) node_modules/egg-i18n/config/config.default.js",
    "start": 1539074873042,
    "end": 1539074873042,
    "duration": 0,
    "pid": 13432,
    "index": 9
  },
  {
    "name": "Require(7) node_modules/egg-watcher/config/config.default.js",
    "start": 1539074873042,
    "end": 1539074873043,
    "duration": 1,
    "pid": 13432,
    "index": 10
  },
  {
    "name": "Require(8) node_modules/egg-schedule/config/config.default.js",
    "start": 1539074873043,
    "end": 1539074873043,
    "duration": 0,
    "pid": 13432,
    "index": 11
  },
  {
    "name": "Require(9) node_modules/egg-multipart/config/config.default.js",
    "start": 1539074873043,
    "end": 1539074873044,
    "duration": 1,
    "pid": 13432,
    "index": 12
  },
  {
    "name": "Require(10) node_modules/egg-development/config/config.default.js",
    "start": 1539074873044,
    "end": 1539074873044,
    "duration": 0,
    "pid": 13432,
    "index": 13
  },
  {
    "name": "Require(11) node_modules/egg-logrotator/config/config.default.js",
    "start": 1539074873044,
    "end": 1539074873045,
    "duration": 1,
    "pid": 13432,
    "index": 14
  },
  {
    "name": "Require(12) node_modules/egg-static/config/config.default.js",
    "start": 1539074873045,
    "end": 1539074873045,
    "duration": 0,
    "pid": 13432,
    "index": 15
  },
  {
    "name": "Require(13) node_modules/egg-view/config/config.default.js",
    "start": 1539074873045,
    "end": 1539074873046,
    "duration": 1,
    "pid": 13432,
    "index": 16
  },
  {
    "name": "Require(14) node_modules/egg-view-nunjucks/config/config.default.js",
    "start": 1539074873046,
    "end": 1539074873046,
    "duration": 0,
    "pid": 13432,
    "index": 17
  },
  {
    "name": "Require(15) node_modules/egg-mongoose/config/config.default.js",
    "start": 1539074873046,
    "end": 1539074873047,
    "duration": 1,
    "pid": 13432,
    "index": 18
  },
  {
    "name": "Require(16) node_modules/egg/config/config.default.js",
    "start": 1539074873047,
    "end": 1539074873047,
    "duration": 0,
    "pid": 13432,
    "index": 19
  },
  {
    "name": "Require(17) config/config.default.ts",
    "start": 1539074873048,
    "end": 1539074873048,
    "duration": 0,
    "pid": 13432,
    "index": 20
  },
  {
    "name": "Require(18) node_modules/egg-security/config/config.local.js",
    "start": 1539074873049,
    "end": 1539074873049,
    "duration": 0,
    "pid": 13432,
    "index": 21
  },
  {
    "name": "Require(19) node_modules/egg-watcher/config/config.local.js",
    "start": 1539074873050,
    "end": 1539074873050,
    "duration": 0,
    "pid": 13432,
    "index": 22
  },
  {
    "name": "Require(20) node_modules/egg-view/config/config.local.js",
    "start": 1539074873051,
    "end": 1539074873051,
    "duration": 0,
    "pid": 13432,
    "index": 23
  },
  {
    "name": "Require(21) node_modules/egg-view-nunjucks/config/config.local.js",
    "start": 1539074873051,
    "end": 1539074873051,
    "duration": 0,
    "pid": 13432,
    "index": 24
  },
  {
    "name": "Require(22) node_modules/egg/config/config.local.js",
    "start": 1539074873052,
    "end": 1539074873052,
    "duration": 0,
    "pid": 13432,
    "index": 25
  },
  {
    "name": "Require(23) config/config.local.ts",
    "start": 1539074873052,
    "end": 1539074873052,
    "duration": 0,
    "pid": 13432,
    "index": 26
  },
  {
    "name": "Load extend/application.js",
    "start": 1539074873053,
    "end": 1539074873087,
    "duration": 34,
    "pid": 13432,
    "index": 27
  },
  {
    "name": "Require(24) node_modules/egg-session/app/extend/application.js",
    "start": 1539074873054,
    "end": 1539074873054,
    "duration": 0,
    "pid": 13432,
    "index": 28
  },
  {
    "name": "Require(25) node_modules/egg-security/app/extend/application.js",
    "start": 1539074873054,
    "end": 1539074873055,
    "duration": 1,
    "pid": 13432,
    "index": 29
  },
  {
    "name": "Require(26) node_modules/egg-jsonp/app/extend/application.js",
    "start": 1539074873055,
    "end": 1539074873056,
    "duration": 1,
    "pid": 13432,
    "index": 30
  },
  {
    "name": "Require(27) node_modules/egg-logrotator/app/extend/application.js",
    "start": 1539074873057,
    "end": 1539074873057,
    "duration": 0,
    "pid": 13432,
    "index": 31
  },
  {
    "name": "Require(28) node_modules/egg-view/app/extend/application.js",
    "start": 1539074873058,
    "end": 1539074873059,
    "duration": 1,
    "pid": 13432,
    "index": 32
  },
  {
    "name": "Require(29) node_modules/egg-view-nunjucks/app/extend/application.js",
    "start": 1539074873059,
    "end": 1539074873085,
    "duration": 26,
    "pid": 13432,
    "index": 33
  },
  {
    "name": "Load extend/request.js",
    "start": 1539074873087,
    "end": 1539074873092,
    "duration": 5,
    "pid": 13432,
    "index": 34
  },
  {
    "name": "Require(30) node_modules/egg/app/extend/request.js",
    "start": 1539074873089,
    "end": 1539074873090,
    "duration": 1,
    "pid": 13432,
    "index": 35
  },
  {
    "name": "Load extend/response.js",
    "start": 1539074873092,
    "end": 1539074873097,
    "duration": 5,
    "pid": 13432,
    "index": 36
  },
  {
    "name": "Require(31) node_modules/egg/app/extend/response.js",
    "start": 1539074873094,
    "end": 1539074873095,
    "duration": 1,
    "pid": 13432,
    "index": 37
  },
  {
    "name": "Load extend/context.js",
    "start": 1539074873097,
    "end": 1539074873139,
    "duration": 42,
    "pid": 13432,
    "index": 38
  },
  {
    "name": "Require(32) node_modules/egg-security/app/extend/context.js",
    "start": 1539074873098,
    "end": 1539074873104,
    "duration": 6,
    "pid": 13432,
    "index": 39
  },
  {
    "name": "Require(33) node_modules/egg-jsonp/app/extend/context.js",
    "start": 1539074873104,
    "end": 1539074873104,
    "duration": 0,
    "pid": 13432,
    "index": 40
  },
  {
    "name": "Require(34) node_modules/egg-i18n/app/extend/context.js",
    "start": 1539074873105,
    "end": 1539074873105,
    "duration": 0,
    "pid": 13432,
    "index": 41
  },
  {
    "name": "Require(35) node_modules/egg-multipart/app/extend/context.js",
    "start": 1539074873106,
    "end": 1539074873134,
    "duration": 28,
    "pid": 13432,
    "index": 42
  },
  {
    "name": "Require(36) node_modules/egg-view/app/extend/context.js",
    "start": 1539074873135,
    "end": 1539074873135,
    "duration": 0,
    "pid": 13432,
    "index": 43
  },
  {
    "name": "Require(37) node_modules/egg-mongoose/app/extend/context.js",
    "start": 1539074873136,
    "end": 1539074873136,
    "duration": 0,
    "pid": 13432,
    "index": 44
  },
  {
    "name": "Require(38) node_modules/egg/app/extend/context.js",
    "start": 1539074873136,
    "end": 1539074873137,
    "duration": 1,
    "pid": 13432,
    "index": 45
  },
  {
    "name": "Load extend/helper.js",
    "start": 1539074873139,
    "end": 1539074873152,
    "duration": 13,
    "pid": 13432,
    "index": 46
  },
  {
    "name": "Require(39) node_modules/egg-security/app/extend/helper.js",
    "start": 1539074873139,
    "end": 1539074873149,
    "duration": 10,
    "pid": 13432,
    "index": 47
  },
  {
    "name": "Require(40) node_modules/egg/app/extend/helper.js",
    "start": 1539074873150,
    "end": 1539074873151,
    "duration": 1,
    "pid": 13432,
    "index": 48
  },
  {
    "name": "Load app.js",
    "start": 1539074873153,
    "end": 1539074873178,
    "duration": 25,
    "pid": 13432,
    "index": 49
  },
  {
    "name": "Require(41) node_modules/egg-session/app.js",
    "start": 1539074873153,
    "end": 1539074873153,
    "duration": 0,
    "pid": 13432,
    "index": 50
  },
  {
    "name": "Require(42) node_modules/egg-security/app.js",
    "start": 1539074873153,
    "end": 1539074873155,
    "duration": 2,
    "pid": 13432,
    "index": 51
  },
  {
    "name": "Require(43) node_modules/egg-onerror/app.js",
    "start": 1539074873155,
    "end": 1539074873161,
    "duration": 6,
    "pid": 13432,
    "index": 52
  },
  {
    "name": "Require(44) node_modules/egg-i18n/app.js",
    "start": 1539074873161,
    "end": 1539074873168,
    "duration": 7,
    "pid": 13432,
    "index": 53
  },
  {
    "name": "Require(45) node_modules/egg-watcher/app.js",
    "start": 1539074873168,
    "end": 1539074873173,
    "duration": 5,
    "pid": 13432,
    "index": 54
  },
  {
    "name": "Require(46) node_modules/egg-schedule/app.js",
    "start": 1539074873173,
    "end": 1539074873174,
    "duration": 1,
    "pid": 13432,
    "index": 55
  },
  {
    "name": "Require(47) node_modules/egg-multipart/app.js",
    "start": 1539074873174,
    "end": 1539074873175,
    "duration": 1,
    "pid": 13432,
    "index": 56
  },
  {
    "name": "Require(48) node_modules/egg-development/app.js",
    "start": 1539074873176,
    "end": 1539074873176,
    "duration": 0,
    "pid": 13432,
    "index": 57
  },
  {
    "name": "Require(49) node_modules/egg-logrotator/app.js",
    "start": 1539074873176,
    "end": 1539074873176,
    "duration": 0,
    "pid": 13432,
    "index": 58
  },
  {
    "name": "Require(50) node_modules/egg-static/app.js",
    "start": 1539074873176,
    "end": 1539074873177,
    "duration": 1,
    "pid": 13432,
    "index": 59
  },
  {
    "name": "Require(51) node_modules/egg-view-nunjucks/app.js",
    "start": 1539074873177,
    "end": 1539074873177,
    "duration": 0,
    "pid": 13432,
    "index": 60
  },
  {
    "name": "Require(52) node_modules/egg-mongoose/app.js",
    "start": 1539074873177,
    "end": 1539074873177,
    "duration": 0,
    "pid": 13432,
    "index": 61
  },
  {
    "name": "Before Start in node_modules/egg-watcher/lib/init.js:15:14",
    "start": 1539074873188,
    "end": 1539074873632,
    "duration": 444,
    "pid": 13432,
    "index": 62
  },
  {
    "name": "Before Start in node_modules/egg-mongoose/lib/mongoose.js:77:7",
    "start": 1539074873493,
    "end": 1539074874722,
    "duration": 1229,
    "pid": 13432,
    "index": 63
  },
  {
    "name": "Before Start in node_modules/egg-mongoose/lib/mongoose.js:42:9",
    "start": 1539074873493,
    "end": 1539074873589,
    "duration": 96,
    "pid": 13432,
    "index": 64
  },
  {
    "name": "Load Service",
    "start": 1539074873493,
    "end": 1539074873499,
    "duration": 6,
    "pid": 13432,
    "index": 65
  },
  {
    "name": "Load \"service\" to Context",
    "start": 1539074873493,
    "end": 1539074873499,
    "duration": 6,
    "pid": 13432,
    "index": 66
  },
  {
    "name": "Load Middleware",
    "start": 1539074873500,
    "end": 1539074873556,
    "duration": 56,
    "pid": 13432,
    "index": 67
  },
  {
    "name": "Load \"middlewares\" to Application",
    "start": 1539074873500,
    "end": 1539074873544,
    "duration": 44,
    "pid": 13432,
    "index": 68
  },
  {
    "name": "Load Controller",
    "start": 1539074873556,
    "end": 1539074873558,
    "duration": 2,
    "pid": 13432,
    "index": 69
  },
  {
    "name": "Load \"controller\" to Application",
    "start": 1539074873556,
    "end": 1539074873558,
    "duration": 2,
    "pid": 13432,
    "index": 70
  },
  {
    "name": "Load Router",
    "start": 1539074873558,
    "end": 1539074873560,
    "duration": 2,
    "pid": 13432,
    "index": 71
  },
  {
    "name": "Require(53) app/router.ts",
    "start": 1539074873558,
    "end": 1539074873558,
    "duration": 0,
    "pid": 13432,
    "index": 72
  },
  {
    "name": "Before Start in node_modules/egg-core/lib/egg.js:287:10",
    "start": 1539074873559,
    "end": 1539074873589,
    "duration": 30,
    "pid": 13432,
    "index": 73
  },
  {
    "name": "Load \"model\" to Application",
    "start": 1539074873573,
    "end": 1539074873588,
    "duration": 15,
    "pid": 13432,
    "index": 74
  }
]