[
  {
    "name": "Application Start",
    "start": 1539075406107,
    "end": 1539075408694,
    "duration": 2587,
    "pid": 9772,
    "index": 0
  },
  {
    "name": "Load Plugin",
    "start": 1539075406110,
    "end": 1539075406122,
    "duration": 12,
    "pid": 9772,
    "index": 1
  },
  {
    "name": "Load Config",
    "start": 1539075406122,
    "end": 1539075406137,
    "duration": 15,
    "pid": 9772,
    "index": 2
  },
  {
    "name": "Require(0) config/config.default.ts",
    "start": 1539075406122,
    "end": 1539075406123,
    "duration": 1,
    "pid": 9772,
    "index": 3
  },
  {
    "name": "Require(1) config/config.local.ts",
    "start": 1539075406124,
    "end": 1539075406125,
    "duration": 1,
    "pid": 9772,
    "index": 4
  },
  {
    "name": "Require(2) node_modules/egg-session/config/config.default.js",
    "start": 1539075406125,
    "end": 1539075406125,
    "duration": 0,
    "pid": 9772,
    "index": 5
  },
  {
    "name": "Require(3) node_modules/egg-security/config/config.default.js",
    "start": 1539075406126,
    "end": 1539075406126,
    "duration": 0,
    "pid": 9772,
    "index": 6
  },
  {
    "name": "Require(4) node_modules/egg-jsonp/config/config.default.js",
    "start": 1539075406126,
    "end": 1539075406127,
    "duration": 1,
    "pid": 9772,
    "index": 7
  },
  {
    "name": "Require(5) node_modules/egg-onerror/config/config.default.js",
    "start": 1539075406127,
    "end": 1539075406127,
    "duration": 0,
    "pid": 9772,
    "index": 8
  },
  {
    "name": "Require(6) node_modules/egg-i18n/config/config.default.js",
    "start": 1539075406127,
    "end": 1539075406127,
    "duration": 0,
    "pid": 9772,
    "index": 9
  },
  {
    "name": "Require(7) node_modules/egg-watcher/config/config.default.js",
    "start": 1539075406128,
    "end": 1539075406128,
    "duration": 0,
    "pid": 9772,
    "index": 10
  },
  {
    "name": "Require(8) node_modules/egg-schedule/config/config.default.js",
    "start": 1539075406128,
    "end": 1539075406128,
    "duration": 0,
    "pid": 9772,
    "index": 11
  },
  {
    "name": "Require(9) node_modules/egg-multipart/config/config.default.js",
    "start": 1539075406129,
    "end": 1539075406129,
    "duration": 0,
    "pid": 9772,
    "index": 12
  },
  {
    "name": "Require(10) node_modules/egg-development/config/config.default.js",
    "start": 1539075406129,
    "end": 1539075406129,
    "duration": 0,
    "pid": 9772,
    "index": 13
  },
  {
    "name": "Require(11) node_modules/egg-logrotator/config/config.default.js",
    "start": 1539075406130,
    "end": 1539075406130,
    "duration": 0,
    "pid": 9772,
    "index": 14
  },
  {
    "name": "Require(12) node_modules/egg-static/config/config.default.js",
    "start": 1539075406130,
    "end": 1539075406131,
    "duration": 1,
    "pid": 9772,
    "index": 15
  },
  {
    "name": "Require(13) node_modules/egg-view/config/config.default.js",
    "start": 1539075406131,
    "end": 1539075406131,
    "duration": 0,
    "pid": 9772,
    "index": 16
  },
  {
    "name": "Require(14) node_modules/egg-view-nunjucks/config/config.default.js",
    "start": 1539075406131,
    "end": 1539075406132,
    "duration": 1,
    "pid": 9772,
    "index": 17
  },
  {
    "name": "Require(15) node_modules/egg-mongoose/config/config.default.js",
    "start": 1539075406132,
    "end": 1539075406132,
    "duration": 0,
    "pid": 9772,
    "index": 18
  },
  {
    "name": "Require(16) node_modules/egg/config/config.default.js",
    "start": 1539075406132,
    "end": 1539075406133,
    "duration": 1,
    "pid": 9772,
    "index": 19
  },
  {
    "name": "Require(17) config/config.default.ts",
    "start": 1539075406134,
    "end": 1539075406134,
    "duration": 0,
    "pid": 9772,
    "index": 20
  },
  {
    "name": "Require(18) node_modules/egg-security/config/config.local.js",
    "start": 1539075406134,
    "end": 1539075406134,
    "duration": 0,
    "pid": 9772,
    "index": 21
  },
  {
    "name": "Require(19) node_modules/egg-watcher/config/config.local.js",
    "start": 1539075406135,
    "end": 1539075406135,
    "duration": 0,
    "pid": 9772,
    "index": 22
  },
  {
    "name": "Require(20) node_modules/egg-view/config/config.local.js",
    "start": 1539075406136,
    "end": 1539075406136,
    "duration": 0,
    "pid": 9772,
    "index": 23
  },
  {
    "name": "Require(21) node_modules/egg-view-nunjucks/config/config.local.js",
    "start": 1539075406136,
    "end": 1539075406136,
    "duration": 0,
    "pid": 9772,
    "index": 24
  },
  {
    "name": "Require(22) node_modules/egg/config/config.local.js",
    "start": 1539075406136,
    "end": 1539075406137,
    "duration": 1,
    "pid": 9772,
    "index": 25
  },
  {
    "name": "Require(23) config/config.local.ts",
    "start": 1539075406137,
    "end": 1539075406137,
    "duration": 0,
    "pid": 9772,
    "index": 26
  },
  {
    "name": "Load extend/application.js",
    "start": 1539075406138,
    "end": 1539075406173,
    "duration": 35,
    "pid": 9772,
    "index": 27
  },
  {
    "name": "Require(24) node_modules/egg-session/app/extend/application.js",
    "start": 1539075406138,
    "end": 1539075406138,
    "duration": 0,
    "pid": 9772,
    "index": 28
  },
  {
    "name": "Require(25) node_modules/egg-security/app/extend/application.js",
    "start": 1539075406139,
    "end": 1539075406139,
    "duration": 0,
    "pid": 9772,
    "index": 29
  },
  {
    "name": "Require(26) node_modules/egg-jsonp/app/extend/application.js",
    "start": 1539075406139,
    "end": 1539075406140,
    "duration": 1,
    "pid": 9772,
    "index": 30
  },
  {
    "name": "Require(27) node_modules/egg-logrotator/app/extend/application.js",
    "start": 1539075406141,
    "end": 1539075406142,
    "duration": 1,
    "pid": 9772,
    "index": 31
  },
  {
    "name": "Require(28) node_modules/egg-view/app/extend/application.js",
    "start": 1539075406142,
    "end": 1539075406143,
    "duration": 1,
    "pid": 9772,
    "index": 32
  },
  {
    "name": "Require(29) node_modules/egg-view-nunjucks/app/extend/application.js",
    "start": 1539075406143,
    "end": 1539075406170,
    "duration": 27,
    "pid": 9772,
    "index": 33
  },
  {
    "name": "Load extend/request.js",
    "start": 1539075406173,
    "end": 1539075406179,
    "duration": 6,
    "pid": 9772,
    "index": 34
  },
  {
    "name": "Require(30) node_modules/egg/app/extend/request.js",
    "start": 1539075406175,
    "end": 1539075406176,
    "duration": 1,
    "pid": 9772,
    "index": 35
  },
  {
    "name": "Load extend/response.js",
    "start": 1539075406179,
    "end": 1539075406184,
    "duration": 5,
    "pid": 9772,
    "index": 36
  },
  {
    "name": "Require(31) node_modules/egg/app/extend/response.js",
    "start": 1539075406181,
    "end": 1539075406182,
    "duration": 1,
    "pid": 9772,
    "index": 37
  },
  {
    "name": "Load extend/context.js",
    "start": 1539075406184,
    "end": 1539075406228,
    "duration": 44,
    "pid": 9772,
    "index": 38
  },
  {
    "name": "Require(32) node_modules/egg-security/app/extend/context.js",
    "start": 1539075406185,
    "end": 1539075406191,
    "duration": 6,
    "pid": 9772,
    "index": 39
  },
  {
    "name": "Require(33) node_modules/egg-jsonp/app/extend/context.js",
    "start": 1539075406191,
    "end": 1539075406192,
    "duration": 1,
    "pid": 9772,
    "index": 40
  },
  {
    "name": "Require(34) node_modules/egg-i18n/app/extend/context.js",
    "start": 1539075406192,
    "end": 1539075406192,
    "duration": 0,
    "pid": 9772,
    "index": 41
  },
  {
    "name": "Require(35) node_modules/egg-multipart/app/extend/context.js",
    "start": 1539075406193,
    "end": 1539075406224,
    "duration": 31,
    "pid": 9772,
    "index": 42
  },
  {
    "name": "Require(36) node_modules/egg-view/app/extend/context.js",
    "start": 1539075406225,
    "end": 1539075406225,
    "duration": 0,
    "pid": 9772,
    "index": 43
  },
  {
    "name": "Require(37) node_modules/egg-mongoose/app/extend/context.js",
    "start": 1539075406226,
    "end": 1539075406226,
    "duration": 0,
    "pid": 9772,
    "index": 44
  },
  {
    "name": "Require(38) node_modules/egg/app/extend/context.js",
    "start": 1539075406226,
    "end": 1539075406227,
    "duration": 1,
    "pid": 9772,
    "index": 45
  },
  {
    "name": "Load extend/helper.js",
    "start": 1539075406229,
    "end": 1539075406242,
    "duration": 13,
    "pid": 9772,
    "index": 46
  },
  {
    "name": "Require(39) node_modules/egg-security/app/extend/helper.js",
    "start": 1539075406229,
    "end": 1539075406239,
    "duration": 10,
    "pid": 9772,
    "index": 47
  },
  {
    "name": "Require(40) node_modules/egg/app/extend/helper.js",
    "start": 1539075406240,
    "end": 1539075406240,
    "duration": 0,
    "pid": 9772,
    "index": 48
  },
  {
    "name": "Load app.js",
    "start": 1539075406242,
    "end": 1539075406267,
    "duration": 25,
    "pid": 9772,
    "index": 49
  },
  {
    "name": "Require(41) node_modules/egg-session/app.js",
    "start": 1539075406242,
    "end": 1539075406243,
    "duration": 1,
    "pid": 9772,
    "index": 50
  },
  {
    "name": "Require(42) node_modules/egg-security/app.js",
    "start": 1539075406243,
    "end": 1539075406244,
    "duration": 1,
    "pid": 9772,
    "index": 51
  },
  {
    "name": "Require(43) node_modules/egg-onerror/app.js",
    "start": 1539075406245,
    "end": 1539075406251,
    "duration": 6,
    "pid": 9772,
    "index": 52
  },
  {
    "name": "Require(44) node_modules/egg-i18n/app.js",
    "start": 1539075406252,
    "end": 1539075406257,
    "duration": 5,
    "pid": 9772,
    "index": 53
  },
  {
    "name": "Require(45) node_modules/egg-watcher/app.js",
    "start": 1539075406257,
    "end": 1539075406261,
    "duration": 4,
    "pid": 9772,
    "index": 54
  },
  {
    "name": "Require(46) node_modules/egg-schedule/app.js",
    "start": 1539075406262,
    "end": 1539075406263,
    "duration": 1,
    "pid": 9772,
    "index": 55
  },
  {
    "name": "Require(47) node_modules/egg-multipart/app.js",
    "start": 1539075406263,
    "end": 1539075406264,
    "duration": 1,
    "pid": 9772,
    "index": 56
  },
  {
    "name": "Require(48) node_modules/egg-development/app.js",
    "start": 1539075406264,
    "end": 1539075406265,
    "duration": 1,
    "pid": 9772,
    "index": 57
  },
  {
    "name": "Require(49) node_modules/egg-logrotator/app.js",
    "start": 1539075406265,
    "end": 1539075406265,
    "duration": 0,
    "pid": 9772,
    "index": 58
  },
  {
    "name": "Require(50) node_modules/egg-static/app.js",
    "start": 1539075406265,
    "end": 1539075406265,
    "duration": 0,
    "pid": 9772,
    "index": 59
  },
  {
    "name": "Require(51) node_modules/egg-view-nunjucks/app.js",
    "start": 1539075406266,
    "end": 1539075406266,
    "duration": 0,
    "pid": 9772,
    "index": 60
  },
  {
    "name": "Require(52) node_modules/egg-mongoose/app.js",
    "start": 1539075406267,
    "end": 1539075406267,
    "duration": 0,
    "pid": 9772,
    "index": 61
  },
  {
    "name": "Before Start in node_modules/egg-watcher/lib/init.js:15:14",
    "start": 1539075406278,
    "end": 1539075407689,
    "duration": 1411,
    "pid": 9772,
    "index": 62
  },
  {
    "name": "Before Start in node_modules/egg-mongoose/lib/mongoose.js:77:7",
    "start": 1539075406569,
    "end": 1539075408693,
    "duration": 2124,
    "pid": 9772,
    "index": 63
  },
  {
    "name": "Before Start in node_modules/egg-mongoose/lib/mongoose.js:42:9",
    "start": 1539075406569,
    "end": 1539075407681,
    "duration": 1112,
    "pid": 9772,
    "index": 64
  },
  {
    "name": "Load Service",
    "start": 1539075406570,
    "end": 1539075406575,
    "duration": 5,
    "pid": 9772,
    "index": 65
  },
  {
    "name": "Load \"service\" to Context",
    "start": 1539075406570,
    "end": 1539075406575,
    "duration": 5,
    "pid": 9772,
    "index": 66
  },
  {
    "name": "Load Middleware",
    "start": 1539075406575,
    "end": 1539075406640,
    "duration": 65,
    "pid": 9772,
    "index": 67
  },
  {
    "name": "Load \"middlewares\" to Application",
    "start": 1539075406575,
    "end": 1539075406633,
    "duration": 58,
    "pid": 9772,
    "index": 68
  },
  {
    "name": "Load Controller",
    "start": 1539075406640,
    "end": 1539075407657,
    "duration": 1017,
    "pid": 9772,
    "index": 69
  },
  {
    "name": "Load \"controller\" to Application",
    "start": 1539075406640,
    "end": 1539075407657,
    "duration": 1017,
    "pid": 9772,
    "index": 70
  },
  {
    "name": "Load Router",
    "start": 1539075407657,
    "end": 1539075407660,
    "duration": 3,
    "pid": 9772,
    "index": 71
  },
  {
    "name": "Require(53) app/router.ts",
    "start": 1539075407657,
    "end": 1539075407658,
    "duration": 1,
    "pid": 9772,
    "index": 72
  },
  {
    "name": "Before Start in node_modules/egg-core/lib/egg.js:287:10",
    "start": 1539075407658,
    "end": 1539075407682,
    "duration": 24,
    "pid": 9772,
    "index": 73
  },
  {
    "name": "Load \"model\" to Application",
    "start": 1539075407669,
    "end": 1539075407681,
    "duration": 12,
    "pid": 9772,
    "index": 74
  }
]