[
  {
    "name": "Application Start",
    "start": 1539073620555,
    "end": 1539073623188,
    "duration": 2633,
    "pid": 14876,
    "index": 0
  },
  {
    "name": "Load Plugin",
    "start": 1539073620559,
    "end": 1539073620570,
    "duration": 11,
    "pid": 14876,
    "index": 1
  },
  {
    "name": "Load Config",
    "start": 1539073620570,
    "end": 1539073620584,
    "duration": 14,
    "pid": 14876,
    "index": 2
  },
  {
    "name": "Require(0) config/config.default.ts",
    "start": 1539073620570,
    "end": 1539073620571,
    "duration": 1,
    "pid": 14876,
    "index": 3
  },
  {
    "name": "Require(1) config/config.local.ts",
    "start": 1539073620571,
    "end": 1539073620572,
    "duration": 1,
    "pid": 14876,
    "index": 4
  },
  {
    "name": "Require(2) node_modules/egg-session/config/config.default.js",
    "start": 1539073620572,
    "end": 1539073620572,
    "duration": 0,
    "pid": 14876,
    "index": 5
  },
  {
    "name": "Require(3) node_modules/egg-security/config/config.default.js",
    "start": 1539073620573,
    "end": 1539073620573,
    "duration": 0,
    "pid": 14876,
    "index": 6
  },
  {
    "name": "Require(4) node_modules/egg-jsonp/config/config.default.js",
    "start": 1539073620573,
    "end": 1539073620574,
    "duration": 1,
    "pid": 14876,
    "index": 7
  },
  {
    "name": "Require(5) node_modules/egg-onerror/config/config.default.js",
    "start": 1539073620574,
    "end": 1539073620574,
    "duration": 0,
    "pid": 14876,
    "index": 8
  },
  {
    "name": "Require(6) node_modules/egg-i18n/config/config.default.js",
    "start": 1539073620575,
    "end": 1539073620575,
    "duration": 0,
    "pid": 14876,
    "index": 9
  },
  {
    "name": "Require(7) node_modules/egg-watcher/config/config.default.js",
    "start": 1539073620575,
    "end": 1539073620575,
    "duration": 0,
    "pid": 14876,
    "index": 10
  },
  {
    "name": "Require(8) node_modules/egg-schedule/config/config.default.js",
    "start": 1539073620576,
    "end": 1539073620576,
    "duration": 0,
    "pid": 14876,
    "index": 11
  },
  {
    "name": "Require(9) node_modules/egg-multipart/config/config.default.js",
    "start": 1539073620576,
    "end": 1539073620576,
    "duration": 0,
    "pid": 14876,
    "index": 12
  },
  {
    "name": "Require(10) node_modules/egg-development/config/config.default.js",
    "start": 1539073620577,
    "end": 1539073620577,
    "duration": 0,
    "pid": 14876,
    "index": 13
  },
  {
    "name": "Require(11) node_modules/egg-logrotator/config/config.default.js",
    "start": 1539073620577,
    "end": 1539073620577,
    "duration": 0,
    "pid": 14876,
    "index": 14
  },
  {
    "name": "Require(12) node_modules/egg-static/config/config.default.js",
    "start": 1539073620578,
    "end": 1539073620578,
    "duration": 0,
    "pid": 14876,
    "index": 15
  },
  {
    "name": "Require(13) node_modules/egg-view/config/config.default.js",
    "start": 1539073620578,
    "end": 1539073620578,
    "duration": 0,
    "pid": 14876,
    "index": 16
  },
  {
    "name": "Require(14) node_modules/egg-view-nunjucks/config/config.default.js",
    "start": 1539073620579,
    "end": 1539073620579,
    "duration": 0,
    "pid": 14876,
    "index": 17
  },
  {
    "name": "Require(15) node_modules/egg-mongoose/config/config.default.js",
    "start": 1539073620579,
    "end": 1539073620579,
    "duration": 0,
    "pid": 14876,
    "index": 18
  },
  {
    "name": "Require(16) node_modules/egg/config/config.default.js",
    "start": 1539073620579,
    "end": 1539073620580,
    "duration": 1,
    "pid": 14876,
    "index": 19
  },
  {
    "name": "Require(17) config/config.default.ts",
    "start": 1539073620581,
    "end": 1539073620581,
    "duration": 0,
    "pid": 14876,
    "index": 20
  },
  {
    "name": "Require(18) node_modules/egg-security/config/config.local.js",
    "start": 1539073620581,
    "end": 1539073620582,
    "duration": 1,
    "pid": 14876,
    "index": 21
  },
  {
    "name": "Require(19) node_modules/egg-watcher/config/config.local.js",
    "start": 1539073620582,
    "end": 1539073620583,
    "duration": 1,
    "pid": 14876,
    "index": 22
  },
  {
    "name": "Require(20) node_modules/egg-view/config/config.local.js",
    "start": 1539073620583,
    "end": 1539073620584,
    "duration": 1,
    "pid": 14876,
    "index": 23
  },
  {
    "name": "Require(21) node_modules/egg-view-nunjucks/config/config.local.js",
    "start": 1539073620584,
    "end": 1539073620584,
    "duration": 0,
    "pid": 14876,
    "index": 24
  },
  {
    "name": "Require(22) node_modules/egg/config/config.local.js",
    "start": 1539073620584,
    "end": 1539073620584,
    "duration": 0,
    "pid": 14876,
    "index": 25
  },
  {
    "name": "Require(23) config/config.local.ts",
    "start": 1539073620584,
    "end": 1539073620584,
    "duration": 0,
    "pid": 14876,
    "index": 26
  },
  {
    "name": "Load extend/application.js",
    "start": 1539073620585,
    "end": 1539073620621,
    "duration": 36,
    "pid": 14876,
    "index": 27
  },
  {
    "name": "Require(24) node_modules/egg-session/app/extend/application.js",
    "start": 1539073620586,
    "end": 1539073620586,
    "duration": 0,
    "pid": 14876,
    "index": 28
  },
  {
    "name": "Require(25) node_modules/egg-security/app/extend/application.js",
    "start": 1539073620586,
    "end": 1539073620587,
    "duration": 1,
    "pid": 14876,
    "index": 29
  },
  {
    "name": "Require(26) node_modules/egg-jsonp/app/extend/application.js",
    "start": 1539073620587,
    "end": 1539073620588,
    "duration": 1,
    "pid": 14876,
    "index": 30
  },
  {
    "name": "Require(27) node_modules/egg-logrotator/app/extend/application.js",
    "start": 1539073620589,
    "end": 1539073620590,
    "duration": 1,
    "pid": 14876,
    "index": 31
  },
  {
    "name": "Require(28) node_modules/egg-view/app/extend/application.js",
    "start": 1539073620590,
    "end": 1539073620591,
    "duration": 1,
    "pid": 14876,
    "index": 32
  },
  {
    "name": "Require(29) node_modules/egg-view-nunjucks/app/extend/application.js",
    "start": 1539073620591,
    "end": 1539073620619,
    "duration": 28,
    "pid": 14876,
    "index": 33
  },
  {
    "name": "Load extend/request.js",
    "start": 1539073620621,
    "end": 1539073620626,
    "duration": 5,
    "pid": 14876,
    "index": 34
  },
  {
    "name": "Require(30) node_modules/egg/app/extend/request.js",
    "start": 1539073620623,
    "end": 1539073620624,
    "duration": 1,
    "pid": 14876,
    "index": 35
  },
  {
    "name": "Load extend/response.js",
    "start": 1539073620626,
    "end": 1539073620631,
    "duration": 5,
    "pid": 14876,
    "index": 36
  },
  {
    "name": "Require(31) node_modules/egg/app/extend/response.js",
    "start": 1539073620629,
    "end": 1539073620630,
    "duration": 1,
    "pid": 14876,
    "index": 37
  },
  {
    "name": "Load extend/context.js",
    "start": 1539073620631,
    "end": 1539073620678,
    "duration": 47,
    "pid": 14876,
    "index": 38
  },
  {
    "name": "Require(32) node_modules/egg-security/app/extend/context.js",
    "start": 1539073620632,
    "end": 1539073620638,
    "duration": 6,
    "pid": 14876,
    "index": 39
  },
  {
    "name": "Require(33) node_modules/egg-jsonp/app/extend/context.js",
    "start": 1539073620639,
    "end": 1539073620639,
    "duration": 0,
    "pid": 14876,
    "index": 40
  },
  {
    "name": "Require(34) node_modules/egg-i18n/app/extend/context.js",
    "start": 1539073620640,
    "end": 1539073620640,
    "duration": 0,
    "pid": 14876,
    "index": 41
  },
  {
    "name": "Require(35) node_modules/egg-multipart/app/extend/context.js",
    "start": 1539073620641,
    "end": 1539073620673,
    "duration": 32,
    "pid": 14876,
    "index": 42
  },
  {
    "name": "Require(36) node_modules/egg-view/app/extend/context.js",
    "start": 1539073620673,
    "end": 1539073620674,
    "duration": 1,
    "pid": 14876,
    "index": 43
  },
  {
    "name": "Require(37) node_modules/egg-mongoose/app/extend/context.js",
    "start": 1539073620675,
    "end": 1539073620675,
    "duration": 0,
    "pid": 14876,
    "index": 44
  },
  {
    "name": "Require(38) node_modules/egg/app/extend/context.js",
    "start": 1539073620675,
    "end": 1539073620676,
    "duration": 1,
    "pid": 14876,
    "index": 45
  },
  {
    "name": "Load extend/helper.js",
    "start": 1539073620678,
    "end": 1539073620692,
    "duration": 14,
    "pid": 14876,
    "index": 46
  },
  {
    "name": "Require(39) node_modules/egg-security/app/extend/helper.js",
    "start": 1539073620679,
    "end": 1539073620688,
    "duration": 9,
    "pid": 14876,
    "index": 47
  },
  {
    "name": "Require(40) node_modules/egg/app/extend/helper.js",
    "start": 1539073620690,
    "end": 1539073620690,
    "duration": 0,
    "pid": 14876,
    "index": 48
  },
  {
    "name": "Load app.js",
    "start": 1539073620692,
    "end": 1539073620720,
    "duration": 28,
    "pid": 14876,
    "index": 49
  },
  {
    "name": "Require(41) node_modules/egg-session/app.js",
    "start": 1539073620692,
    "end": 1539073620693,
    "duration": 1,
    "pid": 14876,
    "index": 50
  },
  {
    "name": "Require(42) node_modules/egg-security/app.js",
    "start": 1539073620693,
    "end": 1539073620694,
    "duration": 1,
    "pid": 14876,
    "index": 51
  },
  {
    "name": "Require(43) node_modules/egg-onerror/app.js",
    "start": 1539073620694,
    "end": 1539073620701,
    "duration": 7,
    "pid": 14876,
    "index": 52
  },
  {
    "name": "Require(44) node_modules/egg-i18n/app.js",
    "start": 1539073620701,
    "end": 1539073620709,
    "duration": 8,
    "pid": 14876,
    "index": 53
  },
  {
    "name": "Require(45) node_modules/egg-watcher/app.js",
    "start": 1539073620709,
    "end": 1539073620714,
    "duration": 5,
    "pid": 14876,
    "index": 54
  },
  {
    "name": "Require(46) node_modules/egg-schedule/app.js",
    "start": 1539073620714,
    "end": 1539073620715,
    "duration": 1,
    "pid": 14876,
    "index": 55
  },
  {
    "name": "Require(47) node_modules/egg-multipart/app.js",
    "start": 1539073620715,
    "end": 1539073620717,
    "duration": 2,
    "pid": 14876,
    "index": 56
  },
  {
    "name": "Require(48) node_modules/egg-development/app.js",
    "start": 1539073620717,
    "end": 1539073620717,
    "duration": 0,
    "pid": 14876,
    "index": 57
  },
  {
    "name": "Require(49) node_modules/egg-logrotator/app.js",
    "start": 1539073620717,
    "end": 1539073620718,
    "duration": 1,
    "pid": 14876,
    "index": 58
  },
  {
    "name": "Require(50) node_modules/egg-static/app.js",
    "start": 1539073620718,
    "end": 1539073620718,
    "duration": 0,
    "pid": 14876,
    "index": 59
  },
  {
    "name": "Require(51) node_modules/egg-view-nunjucks/app.js",
    "start": 1539073620718,
    "end": 1539073620719,
    "duration": 1,
    "pid": 14876,
    "index": 60
  },
  {
    "name": "Require(52) node_modules/egg-mongoose/app.js",
    "start": 1539073620719,
    "end": 1539073620719,
    "duration": 0,
    "pid": 14876,
    "index": 61
  },
  {
    "name": "Before Start in node_modules/egg-watcher/lib/init.js:15:14",
    "start": 1539073620729,
    "end": 1539073622181,
    "duration": 1452,
    "pid": 14876,
    "index": 62
  },
  {
    "name": "Before Start in node_modules/egg-mongoose/lib/mongoose.js:77:7",
    "start": 1539073621030,
    "end": 1539073623187,
    "duration": 2157,
    "pid": 14876,
    "index": 63
  },
  {
    "name": "Before Start in node_modules/egg-mongoose/lib/mongoose.js:42:9",
    "start": 1539073621030,
    "end": 1539073622173,
    "duration": 1143,
    "pid": 14876,
    "index": 64
  },
  {
    "name": "Load Service",
    "start": 1539073621030,
    "end": 1539073622091,
    "duration": 1061,
    "pid": 14876,
    "index": 65
  },
  {
    "name": "Load \"service\" to Context",
    "start": 1539073621030,
    "end": 1539073622091,
    "duration": 1061,
    "pid": 14876,
    "index": 66
  },
  {
    "name": "Load Middleware",
    "start": 1539073622091,
    "end": 1539073622147,
    "duration": 56,
    "pid": 14876,
    "index": 67
  },
  {
    "name": "Load \"middlewares\" to Application",
    "start": 1539073622091,
    "end": 1539073622140,
    "duration": 49,
    "pid": 14876,
    "index": 68
  },
  {
    "name": "Load Controller",
    "start": 1539073622147,
    "end": 1539073622149,
    "duration": 2,
    "pid": 14876,
    "index": 69
  },
  {
    "name": "Load \"controller\" to Application",
    "start": 1539073622147,
    "end": 1539073622149,
    "duration": 2,
    "pid": 14876,
    "index": 70
  },
  {
    "name": "Load Router",
    "start": 1539073622149,
    "end": 1539073622151,
    "duration": 2,
    "pid": 14876,
    "index": 71
  },
  {
    "name": "Require(53) app/router.ts",
    "start": 1539073622149,
    "end": 1539073622150,
    "duration": 1,
    "pid": 14876,
    "index": 72
  },
  {
    "name": "Before Start in node_modules/egg-core/lib/egg.js:287:10",
    "start": 1539073622150,
    "end": 1539073622173,
    "duration": 23,
    "pid": 14876,
    "index": 73
  },
  {
    "name": "Load \"model\" to Application",
    "start": 1539073622160,
    "end": 1539073622172,
    "duration": 12,
    "pid": 14876,
    "index": 74
  }
]