[
  {
    "name": "Application Start",
    "start": 1539075320325,
    "end": 1539075323478,
    "duration": 3153,
    "pid": 12256,
    "index": 0
  },
  {
    "name": "Load Plugin",
    "start": 1539075320329,
    "end": 1539075320343,
    "duration": 14,
    "pid": 12256,
    "index": 1
  },
  {
    "name": "Load Config",
    "start": 1539075320343,
    "end": 1539075320359,
    "duration": 16,
    "pid": 12256,
    "index": 2
  },
  {
    "name": "Require(0) config/config.default.ts",
    "start": 1539075320343,
    "end": 1539075320344,
    "duration": 1,
    "pid": 12256,
    "index": 3
  },
  {
    "name": "Require(1) config/config.local.ts",
    "start": 1539075320345,
    "end": 1539075320345,
    "duration": 0,
    "pid": 12256,
    "index": 4
  },
  {
    "name": "Require(2) node_modules/egg-session/config/config.default.js",
    "start": 1539075320346,
    "end": 1539075320347,
    "duration": 1,
    "pid": 12256,
    "index": 5
  },
  {
    "name": "Require(3) node_modules/egg-security/config/config.default.js",
    "start": 1539075320347,
    "end": 1539075320347,
    "duration": 0,
    "pid": 12256,
    "index": 6
  },
  {
    "name": "Require(4) node_modules/egg-jsonp/config/config.default.js",
    "start": 1539075320348,
    "end": 1539075320348,
    "duration": 0,
    "pid": 12256,
    "index": 7
  },
  {
    "name": "Require(5) node_modules/egg-onerror/config/config.default.js",
    "start": 1539075320349,
    "end": 1539075320349,
    "duration": 0,
    "pid": 12256,
    "index": 8
  },
  {
    "name": "Require(6) node_modules/egg-i18n/config/config.default.js",
    "start": 1539075320349,
    "end": 1539075320350,
    "duration": 1,
    "pid": 12256,
    "index": 9
  },
  {
    "name": "Require(7) node_modules/egg-watcher/config/config.default.js",
    "start": 1539075320350,
    "end": 1539075320350,
    "duration": 0,
    "pid": 12256,
    "index": 10
  },
  {
    "name": "Require(8) node_modules/egg-schedule/config/config.default.js",
    "start": 1539075320350,
    "end": 1539075320351,
    "duration": 1,
    "pid": 12256,
    "index": 11
  },
  {
    "name": "Require(9) node_modules/egg-multipart/config/config.default.js",
    "start": 1539075320351,
    "end": 1539075320351,
    "duration": 0,
    "pid": 12256,
    "index": 12
  },
  {
    "name": "Require(10) node_modules/egg-development/config/config.default.js",
    "start": 1539075320352,
    "end": 1539075320352,
    "duration": 0,
    "pid": 12256,
    "index": 13
  },
  {
    "name": "Require(11) node_modules/egg-logrotator/config/config.default.js",
    "start": 1539075320352,
    "end": 1539075320353,
    "duration": 1,
    "pid": 12256,
    "index": 14
  },
  {
    "name": "Require(12) node_modules/egg-static/config/config.default.js",
    "start": 1539075320353,
    "end": 1539075320353,
    "duration": 0,
    "pid": 12256,
    "index": 15
  },
  {
    "name": "Require(13) node_modules/egg-view/config/config.default.js",
    "start": 1539075320354,
    "end": 1539075320354,
    "duration": 0,
    "pid": 12256,
    "index": 16
  },
  {
    "name": "Require(14) node_modules/egg-view-nunjucks/config/config.default.js",
    "start": 1539075320354,
    "end": 1539075320354,
    "duration": 0,
    "pid": 12256,
    "index": 17
  },
  {
    "name": "Require(15) node_modules/egg-mongoose/config/config.default.js",
    "start": 1539075320355,
    "end": 1539075320355,
    "duration": 0,
    "pid": 12256,
    "index": 18
  },
  {
    "name": "Require(16) node_modules/egg/config/config.default.js",
    "start": 1539075320355,
    "end": 1539075320355,
    "duration": 0,
    "pid": 12256,
    "index": 19
  },
  {
    "name": "Require(17) config/config.default.ts",
    "start": 1539075320356,
    "end": 1539075320356,
    "duration": 0,
    "pid": 12256,
    "index": 20
  },
  {
    "name": "Require(18) node_modules/egg-security/config/config.local.js",
    "start": 1539075320357,
    "end": 1539075320357,
    "duration": 0,
    "pid": 12256,
    "index": 21
  },
  {
    "name": "Require(19) node_modules/egg-watcher/config/config.local.js",
    "start": 1539075320358,
    "end": 1539075320358,
    "duration": 0,
    "pid": 12256,
    "index": 22
  },
  {
    "name": "Require(20) node_modules/egg-view/config/config.local.js",
    "start": 1539075320358,
    "end": 1539075320359,
    "duration": 1,
    "pid": 12256,
    "index": 23
  },
  {
    "name": "Require(21) node_modules/egg-view-nunjucks/config/config.local.js",
    "start": 1539075320359,
    "end": 1539075320359,
    "duration": 0,
    "pid": 12256,
    "index": 24
  },
  {
    "name": "Require(22) node_modules/egg/config/config.local.js",
    "start": 1539075320359,
    "end": 1539075320359,
    "duration": 0,
    "pid": 12256,
    "index": 25
  },
  {
    "name": "Require(23) config/config.local.ts",
    "start": 1539075320359,
    "end": 1539075320359,
    "duration": 0,
    "pid": 12256,
    "index": 26
  },
  {
    "name": "Load extend/application.js",
    "start": 1539075320361,
    "end": 1539075320404,
    "duration": 43,
    "pid": 12256,
    "index": 27
  },
  {
    "name": "Require(24) node_modules/egg-session/app/extend/application.js",
    "start": 1539075320361,
    "end": 1539075320362,
    "duration": 1,
    "pid": 12256,
    "index": 28
  },
  {
    "name": "Require(25) node_modules/egg-security/app/extend/application.js",
    "start": 1539075320362,
    "end": 1539075320363,
    "duration": 1,
    "pid": 12256,
    "index": 29
  },
  {
    "name": "Require(26) node_modules/egg-jsonp/app/extend/application.js",
    "start": 1539075320364,
    "end": 1539075320366,
    "duration": 2,
    "pid": 12256,
    "index": 30
  },
  {
    "name": "Require(27) node_modules/egg-logrotator/app/extend/application.js",
    "start": 1539075320368,
    "end": 1539075320369,
    "duration": 1,
    "pid": 12256,
    "index": 31
  },
  {
    "name": "Require(28) node_modules/egg-view/app/extend/application.js",
    "start": 1539075320369,
    "end": 1539075320370,
    "duration": 1,
    "pid": 12256,
    "index": 32
  },
  {
    "name": "Require(29) node_modules/egg-view-nunjucks/app/extend/application.js",
    "start": 1539075320370,
    "end": 1539075320401,
    "duration": 31,
    "pid": 12256,
    "index": 33
  },
  {
    "name": "Load extend/request.js",
    "start": 1539075320404,
    "end": 1539075320408,
    "duration": 4,
    "pid": 12256,
    "index": 34
  },
  {
    "name": "Require(30) node_modules/egg/app/extend/request.js",
    "start": 1539075320406,
    "end": 1539075320406,
    "duration": 0,
    "pid": 12256,
    "index": 35
  },
  {
    "name": "Load extend/response.js",
    "start": 1539075320408,
    "end": 1539075320413,
    "duration": 5,
    "pid": 12256,
    "index": 36
  },
  {
    "name": "Require(31) node_modules/egg/app/extend/response.js",
    "start": 1539075320410,
    "end": 1539075320411,
    "duration": 1,
    "pid": 12256,
    "index": 37
  },
  {
    "name": "Load extend/context.js",
    "start": 1539075320413,
    "end": 1539075320456,
    "duration": 43,
    "pid": 12256,
    "index": 38
  },
  {
    "name": "Require(32) node_modules/egg-security/app/extend/context.js",
    "start": 1539075320413,
    "end": 1539075320420,
    "duration": 7,
    "pid": 12256,
    "index": 39
  },
  {
    "name": "Require(33) node_modules/egg-jsonp/app/extend/context.js",
    "start": 1539075320420,
    "end": 1539075320421,
    "duration": 1,
    "pid": 12256,
    "index": 40
  },
  {
    "name": "Require(34) node_modules/egg-i18n/app/extend/context.js",
    "start": 1539075320421,
    "end": 1539075320421,
    "duration": 0,
    "pid": 12256,
    "index": 41
  },
  {
    "name": "Require(35) node_modules/egg-multipart/app/extend/context.js",
    "start": 1539075320422,
    "end": 1539075320451,
    "duration": 29,
    "pid": 12256,
    "index": 42
  },
  {
    "name": "Require(36) node_modules/egg-view/app/extend/context.js",
    "start": 1539075320452,
    "end": 1539075320453,
    "duration": 1,
    "pid": 12256,
    "index": 43
  },
  {
    "name": "Require(37) node_modules/egg-mongoose/app/extend/context.js",
    "start": 1539075320453,
    "end": 1539075320453,
    "duration": 0,
    "pid": 12256,
    "index": 44
  },
  {
    "name": "Require(38) node_modules/egg/app/extend/context.js",
    "start": 1539075320453,
    "end": 1539075320454,
    "duration": 1,
    "pid": 12256,
    "index": 45
  },
  {
    "name": "Load extend/helper.js",
    "start": 1539075320456,
    "end": 1539075320471,
    "duration": 15,
    "pid": 12256,
    "index": 46
  },
  {
    "name": "Require(39) node_modules/egg-security/app/extend/helper.js",
    "start": 1539075320456,
    "end": 1539075320467,
    "duration": 11,
    "pid": 12256,
    "index": 47
  },
  {
    "name": "Require(40) node_modules/egg/app/extend/helper.js",
    "start": 1539075320468,
    "end": 1539075320468,
    "duration": 0,
    "pid": 12256,
    "index": 48
  },
  {
    "name": "Load app.js",
    "start": 1539075320471,
    "end": 1539075320497,
    "duration": 26,
    "pid": 12256,
    "index": 49
  },
  {
    "name": "Require(41) node_modules/egg-session/app.js",
    "start": 1539075320471,
    "end": 1539075320471,
    "duration": 0,
    "pid": 12256,
    "index": 50
  },
  {
    "name": "Require(42) node_modules/egg-security/app.js",
    "start": 1539075320471,
    "end": 1539075320472,
    "duration": 1,
    "pid": 12256,
    "index": 51
  },
  {
    "name": "Require(43) node_modules/egg-onerror/app.js",
    "start": 1539075320473,
    "end": 1539075320478,
    "duration": 5,
    "pid": 12256,
    "index": 52
  },
  {
    "name": "Require(44) node_modules/egg-i18n/app.js",
    "start": 1539075320479,
    "end": 1539075320484,
    "duration": 5,
    "pid": 12256,
    "index": 53
  },
  {
    "name": "Require(45) node_modules/egg-watcher/app.js",
    "start": 1539075320485,
    "end": 1539075320488,
    "duration": 3,
    "pid": 12256,
    "index": 54
  },
  {
    "name": "Require(46) node_modules/egg-schedule/app.js",
    "start": 1539075320489,
    "end": 1539075320490,
    "duration": 1,
    "pid": 12256,
    "index": 55
  },
  {
    "name": "Require(47) node_modules/egg-multipart/app.js",
    "start": 1539075320490,
    "end": 1539075320494,
    "duration": 4,
    "pid": 12256,
    "index": 56
  },
  {
    "name": "Require(48) node_modules/egg-development/app.js",
    "start": 1539075320494,
    "end": 1539075320495,
    "duration": 1,
    "pid": 12256,
    "index": 57
  },
  {
    "name": "Require(49) node_modules/egg-logrotator/app.js",
    "start": 1539075320495,
    "end": 1539075320495,
    "duration": 0,
    "pid": 12256,
    "index": 58
  },
  {
    "name": "Require(50) node_modules/egg-static/app.js",
    "start": 1539075320495,
    "end": 1539075320495,
    "duration": 0,
    "pid": 12256,
    "index": 59
  },
  {
    "name": "Require(51) node_modules/egg-view-nunjucks/app.js",
    "start": 1539075320496,
    "end": 1539075320496,
    "duration": 0,
    "pid": 12256,
    "index": 60
  },
  {
    "name": "Require(52) node_modules/egg-mongoose/app.js",
    "start": 1539075320496,
    "end": 1539075320496,
    "duration": 0,
    "pid": 12256,
    "index": 61
  },
  {
    "name": "Before Start in node_modules/egg-watcher/lib/init.js:15:14",
    "start": 1539075320507,
    "end": 1539075322476,
    "duration": 1969,
    "pid": 12256,
    "index": 62
  },
  {
    "name": "Before Start in node_modules/egg-mongoose/lib/mongoose.js:77:7",
    "start": 1539075320975,
    "end": 1539075323478,
    "duration": 2503,
    "pid": 12256,
    "index": 63
  },
  {
    "name": "Before Start in node_modules/egg-mongoose/lib/mongoose.js:42:9",
    "start": 1539075320975,
    "end": 1539075322467,
    "duration": 1492,
    "pid": 12256,
    "index": 64
  },
  {
    "name": "Load Service",
    "start": 1539075320975,
    "end": 1539075320988,
    "duration": 13,
    "pid": 12256,
    "index": 65
  },
  {
    "name": "Load \"service\" to Context",
    "start": 1539075320975,
    "end": 1539075320988,
    "duration": 13,
    "pid": 12256,
    "index": 66
  },
  {
    "name": "Load Middleware",
    "start": 1539075320988,
    "end": 1539075321087,
    "duration": 99,
    "pid": 12256,
    "index": 67
  },
  {
    "name": "Load \"middlewares\" to Application",
    "start": 1539075320988,
    "end": 1539075321077,
    "duration": 89,
    "pid": 12256,
    "index": 68
  },
  {
    "name": "Load Controller",
    "start": 1539075321087,
    "end": 1539075322443,
    "duration": 1356,
    "pid": 12256,
    "index": 69
  },
  {
    "name": "Load \"controller\" to Application",
    "start": 1539075321087,
    "end": 1539075322443,
    "duration": 1356,
    "pid": 12256,
    "index": 70
  },
  {
    "name": "Load Router",
    "start": 1539075322443,
    "end": 1539075322445,
    "duration": 2,
    "pid": 12256,
    "index": 71
  },
  {
    "name": "Require(53) app/router.ts",
    "start": 1539075322443,
    "end": 1539075322444,
    "duration": 1,
    "pid": 12256,
    "index": 72
  },
  {
    "name": "Before Start in node_modules/egg-core/lib/egg.js:287:10",
    "start": 1539075322444,
    "end": 1539075322467,
    "duration": 23,
    "pid": 12256,
    "index": 73
  },
  {
    "name": "Load \"model\" to Application",
    "start": 1539075322454,
    "end": 1539075322466,
    "duration": 12,
    "pid": 12256,
    "index": 74
  }
]