[
  {
    "name": "Application Start",
    "start": 1539076311749,
    "end": 1539076314415,
    "duration": 2666,
    "pid": 17252,
    "index": 0
  },
  {
    "name": "Load Plugin",
    "start": 1539076311752,
    "end": 1539076311763,
    "duration": 11,
    "pid": 17252,
    "index": 1
  },
  {
    "name": "Load Config",
    "start": 1539076311763,
    "end": 1539076311783,
    "duration": 20,
    "pid": 17252,
    "index": 2
  },
  {
    "name": "Require(0) config/config.default.ts",
    "start": 1539076311764,
    "end": 1539076311765,
    "duration": 1,
    "pid": 17252,
    "index": 3
  },
  {
    "name": "Require(1) config/config.local.ts",
    "start": 1539076311766,
    "end": 1539076311766,
    "duration": 0,
    "pid": 17252,
    "index": 4
  },
  {
    "name": "Require(2) node_modules/egg-session/config/config.default.js",
    "start": 1539076311767,
    "end": 1539076311768,
    "duration": 1,
    "pid": 17252,
    "index": 5
  },
  {
    "name": "Require(3) node_modules/egg-security/config/config.default.js",
    "start": 1539076311768,
    "end": 1539076311768,
    "duration": 0,
    "pid": 17252,
    "index": 6
  },
  {
    "name": "Require(4) node_modules/egg-jsonp/config/config.default.js",
    "start": 1539076311769,
    "end": 1539076311769,
    "duration": 0,
    "pid": 17252,
    "index": 7
  },
  {
    "name": "Require(5) node_modules/egg-onerror/config/config.default.js",
    "start": 1539076311769,
    "end": 1539076311770,
    "duration": 1,
    "pid": 17252,
    "index": 8
  },
  {
    "name": "Require(6) node_modules/egg-i18n/config/config.default.js",
    "start": 1539076311770,
    "end": 1539076311770,
    "duration": 0,
    "pid": 17252,
    "index": 9
  },
  {
    "name": "Require(7) node_modules/egg-watcher/config/config.default.js",
    "start": 1539076311770,
    "end": 1539076311771,
    "duration": 1,
    "pid": 17252,
    "index": 10
  },
  {
    "name": "Require(8) node_modules/egg-schedule/config/config.default.js",
    "start": 1539076311771,
    "end": 1539076311771,
    "duration": 0,
    "pid": 17252,
    "index": 11
  },
  {
    "name": "Require(9) node_modules/egg-multipart/config/config.default.js",
    "start": 1539076311772,
    "end": 1539076311772,
    "duration": 0,
    "pid": 17252,
    "index": 12
  },
  {
    "name": "Require(10) node_modules/egg-development/config/config.default.js",
    "start": 1539076311772,
    "end": 1539076311772,
    "duration": 0,
    "pid": 17252,
    "index": 13
  },
  {
    "name": "Require(11) node_modules/egg-logrotator/config/config.default.js",
    "start": 1539076311773,
    "end": 1539076311773,
    "duration": 0,
    "pid": 17252,
    "index": 14
  },
  {
    "name": "Require(12) node_modules/egg-static/config/config.default.js",
    "start": 1539076311773,
    "end": 1539076311773,
    "duration": 0,
    "pid": 17252,
    "index": 15
  },
  {
    "name": "Require(13) node_modules/egg-view/config/config.default.js",
    "start": 1539076311774,
    "end": 1539076311774,
    "duration": 0,
    "pid": 17252,
    "index": 16
  },
  {
    "name": "Require(14) node_modules/egg-view-nunjucks/config/config.default.js",
    "start": 1539076311774,
    "end": 1539076311774,
    "duration": 0,
    "pid": 17252,
    "index": 17
  },
  {
    "name": "Require(15) node_modules/egg-mongoose/config/config.default.js",
    "start": 1539076311775,
    "end": 1539076311775,
    "duration": 0,
    "pid": 17252,
    "index": 18
  },
  {
    "name": "Require(16) node_modules/egg/config/config.default.js",
    "start": 1539076311775,
    "end": 1539076311777,
    "duration": 2,
    "pid": 17252,
    "index": 19
  },
  {
    "name": "Require(17) config/config.default.ts",
    "start": 1539076311778,
    "end": 1539076311778,
    "duration": 0,
    "pid": 17252,
    "index": 20
  },
  {
    "name": "Require(18) node_modules/egg-security/config/config.local.js",
    "start": 1539076311779,
    "end": 1539076311779,
    "duration": 0,
    "pid": 17252,
    "index": 21
  },
  {
    "name": "Require(19) node_modules/egg-watcher/config/config.local.js",
    "start": 1539076311779,
    "end": 1539076311780,
    "duration": 1,
    "pid": 17252,
    "index": 22
  },
  {
    "name": "Require(20) node_modules/egg-view/config/config.local.js",
    "start": 1539076311781,
    "end": 1539076311781,
    "duration": 0,
    "pid": 17252,
    "index": 23
  },
  {
    "name": "Require(21) node_modules/egg-view-nunjucks/config/config.local.js",
    "start": 1539076311781,
    "end": 1539076311782,
    "duration": 1,
    "pid": 17252,
    "index": 24
  },
  {
    "name": "Require(22) node_modules/egg/config/config.local.js",
    "start": 1539076311782,
    "end": 1539076311783,
    "duration": 1,
    "pid": 17252,
    "index": 25
  },
  {
    "name": "Require(23) config/config.local.ts",
    "start": 1539076311783,
    "end": 1539076311783,
    "duration": 0,
    "pid": 17252,
    "index": 26
  },
  {
    "name": "Load extend/application.js",
    "start": 1539076311785,
    "end": 1539076311818,
    "duration": 33,
    "pid": 17252,
    "index": 27
  },
  {
    "name": "Require(24) node_modules/egg-session/app/extend/application.js",
    "start": 1539076311786,
    "end": 1539076311786,
    "duration": 0,
    "pid": 17252,
    "index": 28
  },
  {
    "name": "Require(25) node_modules/egg-security/app/extend/application.js",
    "start": 1539076311787,
    "end": 1539076311787,
    "duration": 0,
    "pid": 17252,
    "index": 29
  },
  {
    "name": "Require(26) node_modules/egg-jsonp/app/extend/application.js",
    "start": 1539076311787,
    "end": 1539076311788,
    "duration": 1,
    "pid": 17252,
    "index": 30
  },
  {
    "name": "Require(27) node_modules/egg-logrotator/app/extend/application.js",
    "start": 1539076311789,
    "end": 1539076311790,
    "duration": 1,
    "pid": 17252,
    "index": 31
  },
  {
    "name": "Require(28) node_modules/egg-view/app/extend/application.js",
    "start": 1539076311791,
    "end": 1539076311791,
    "duration": 0,
    "pid": 17252,
    "index": 32
  },
  {
    "name": "Require(29) node_modules/egg-view-nunjucks/app/extend/application.js",
    "start": 1539076311792,
    "end": 1539076311816,
    "duration": 24,
    "pid": 17252,
    "index": 33
  },
  {
    "name": "Load extend/request.js",
    "start": 1539076311818,
    "end": 1539076311823,
    "duration": 5,
    "pid": 17252,
    "index": 34
  },
  {
    "name": "Require(30) node_modules/egg/app/extend/request.js",
    "start": 1539076311820,
    "end": 1539076311821,
    "duration": 1,
    "pid": 17252,
    "index": 35
  },
  {
    "name": "Load extend/response.js",
    "start": 1539076311823,
    "end": 1539076311827,
    "duration": 4,
    "pid": 17252,
    "index": 36
  },
  {
    "name": "Require(31) node_modules/egg/app/extend/response.js",
    "start": 1539076311824,
    "end": 1539076311825,
    "duration": 1,
    "pid": 17252,
    "index": 37
  },
  {
    "name": "Load extend/context.js",
    "start": 1539076311827,
    "end": 1539076311871,
    "duration": 44,
    "pid": 17252,
    "index": 38
  },
  {
    "name": "Require(32) node_modules/egg-security/app/extend/context.js",
    "start": 1539076311828,
    "end": 1539076311835,
    "duration": 7,
    "pid": 17252,
    "index": 39
  },
  {
    "name": "Require(33) node_modules/egg-jsonp/app/extend/context.js",
    "start": 1539076311835,
    "end": 1539076311836,
    "duration": 1,
    "pid": 17252,
    "index": 40
  },
  {
    "name": "Require(34) node_modules/egg-i18n/app/extend/context.js",
    "start": 1539076311836,
    "end": 1539076311836,
    "duration": 0,
    "pid": 17252,
    "index": 41
  },
  {
    "name": "Require(35) node_modules/egg-multipart/app/extend/context.js",
    "start": 1539076311837,
    "end": 1539076311866,
    "duration": 29,
    "pid": 17252,
    "index": 42
  },
  {
    "name": "Require(36) node_modules/egg-view/app/extend/context.js",
    "start": 1539076311866,
    "end": 1539076311867,
    "duration": 1,
    "pid": 17252,
    "index": 43
  },
  {
    "name": "Require(37) node_modules/egg-mongoose/app/extend/context.js",
    "start": 1539076311868,
    "end": 1539076311868,
    "duration": 0,
    "pid": 17252,
    "index": 44
  },
  {
    "name": "Require(38) node_modules/egg/app/extend/context.js",
    "start": 1539076311868,
    "end": 1539076311869,
    "duration": 1,
    "pid": 17252,
    "index": 45
  },
  {
    "name": "Load extend/helper.js",
    "start": 1539076311871,
    "end": 1539076311884,
    "duration": 13,
    "pid": 17252,
    "index": 46
  },
  {
    "name": "Require(39) node_modules/egg-security/app/extend/helper.js",
    "start": 1539076311871,
    "end": 1539076311880,
    "duration": 9,
    "pid": 17252,
    "index": 47
  },
  {
    "name": "Require(40) node_modules/egg/app/extend/helper.js",
    "start": 1539076311882,
    "end": 1539076311882,
    "duration": 0,
    "pid": 17252,
    "index": 48
  },
  {
    "name": "Load app.js",
    "start": 1539076311884,
    "end": 1539076311909,
    "duration": 25,
    "pid": 17252,
    "index": 49
  },
  {
    "name": "Require(41) node_modules/egg-session/app.js",
    "start": 1539076311884,
    "end": 1539076311885,
    "duration": 1,
    "pid": 17252,
    "index": 50
  },
  {
    "name": "Require(42) node_modules/egg-security/app.js",
    "start": 1539076311885,
    "end": 1539076311886,
    "duration": 1,
    "pid": 17252,
    "index": 51
  },
  {
    "name": "Require(43) node_modules/egg-onerror/app.js",
    "start": 1539076311886,
    "end": 1539076311892,
    "duration": 6,
    "pid": 17252,
    "index": 52
  },
  {
    "name": "Require(44) node_modules/egg-i18n/app.js",
    "start": 1539076311893,
    "end": 1539076311898,
    "duration": 5,
    "pid": 17252,
    "index": 53
  },
  {
    "name": "Require(45) node_modules/egg-watcher/app.js",
    "start": 1539076311899,
    "end": 1539076311901,
    "duration": 2,
    "pid": 17252,
    "index": 54
  },
  {
    "name": "Require(46) node_modules/egg-schedule/app.js",
    "start": 1539076311903,
    "end": 1539076311904,
    "duration": 1,
    "pid": 17252,
    "index": 55
  },
  {
    "name": "Require(47) node_modules/egg-multipart/app.js",
    "start": 1539076311904,
    "end": 1539076311906,
    "duration": 2,
    "pid": 17252,
    "index": 56
  },
  {
    "name": "Require(48) node_modules/egg-development/app.js",
    "start": 1539076311907,
    "end": 1539076311907,
    "duration": 0,
    "pid": 17252,
    "index": 57
  },
  {
    "name": "Require(49) node_modules/egg-logrotator/app.js",
    "start": 1539076311907,
    "end": 1539076311907,
    "duration": 0,
    "pid": 17252,
    "index": 58
  },
  {
    "name": "Require(50) node_modules/egg-static/app.js",
    "start": 1539076311907,
    "end": 1539076311908,
    "duration": 1,
    "pid": 17252,
    "index": 59
  },
  {
    "name": "Require(51) node_modules/egg-view-nunjucks/app.js",
    "start": 1539076311908,
    "end": 1539076311908,
    "duration": 0,
    "pid": 17252,
    "index": 60
  },
  {
    "name": "Require(52) node_modules/egg-mongoose/app.js",
    "start": 1539076311909,
    "end": 1539076311909,
    "duration": 0,
    "pid": 17252,
    "index": 61
  },
  {
    "name": "Before Start in node_modules/egg-watcher/lib/init.js:15:14",
    "start": 1539076311918,
    "end": 1539076313398,
    "duration": 1480,
    "pid": 17252,
    "index": 62
  },
  {
    "name": "Before Start in node_modules/egg-mongoose/lib/mongoose.js:77:7",
    "start": 1539076312214,
    "end": 1539076314415,
    "duration": 2201,
    "pid": 17252,
    "index": 63
  },
  {
    "name": "Before Start in node_modules/egg-mongoose/lib/mongoose.js:42:9",
    "start": 1539076312215,
    "end": 1539076313390,
    "duration": 1175,
    "pid": 17252,
    "index": 64
  },
  {
    "name": "Load Service",
    "start": 1539076312215,
    "end": 1539076312221,
    "duration": 6,
    "pid": 17252,
    "index": 65
  },
  {
    "name": "Load \"service\" to Context",
    "start": 1539076312215,
    "end": 1539076312221,
    "duration": 6,
    "pid": 17252,
    "index": 66
  },
  {
    "name": "Load Middleware",
    "start": 1539076312221,
    "end": 1539076312274,
    "duration": 53,
    "pid": 17252,
    "index": 67
  },
  {
    "name": "Load \"middlewares\" to Application",
    "start": 1539076312221,
    "end": 1539076312266,
    "duration": 45,
    "pid": 17252,
    "index": 68
  },
  {
    "name": "Load Controller",
    "start": 1539076312274,
    "end": 1539076313322,
    "duration": 1048,
    "pid": 17252,
    "index": 69
  },
  {
    "name": "Load \"controller\" to Application",
    "start": 1539076312274,
    "end": 1539076313322,
    "duration": 1048,
    "pid": 17252,
    "index": 70
  },
  {
    "name": "Load Router",
    "start": 1539076313322,
    "end": 1539076313346,
    "duration": 24,
    "pid": 17252,
    "index": 71
  },
  {
    "name": "Require(53) app/router.ts",
    "start": 1539076313322,
    "end": 1539076313344,
    "duration": 22,
    "pid": 17252,
    "index": 72
  },
  {
    "name": "Before Start in node_modules/egg-core/lib/egg.js:287:10",
    "start": 1539076313345,
    "end": 1539076313390,
    "duration": 45,
    "pid": 17252,
    "index": 73
  },
  {
    "name": "Load \"model\" to Application",
    "start": 1539076313355,
    "end": 1539076313390,
    "duration": 35,
    "pid": 17252,
    "index": 74
  }
]