[
  {
    "name": "Application Start",
    "start": 1539075225052,
    "end": 1539075227749,
    "duration": 2697,
    "pid": 15836,
    "index": 0
  },
  {
    "name": "Load Plugin",
    "start": 1539075225056,
    "end": 1539075225070,
    "duration": 14,
    "pid": 15836,
    "index": 1
  },
  {
    "name": "Load Config",
    "start": 1539075225070,
    "end": 1539075225087,
    "duration": 17,
    "pid": 15836,
    "index": 2
  },
  {
    "name": "Require(0) config/config.default.ts",
    "start": 1539075225071,
    "end": 1539075225072,
    "duration": 1,
    "pid": 15836,
    "index": 3
  },
  {
    "name": "Require(1) config/config.local.ts",
    "start": 1539075225072,
    "end": 1539075225073,
    "duration": 1,
    "pid": 15836,
    "index": 4
  },
  {
    "name": "Require(2) node_modules/egg-session/config/config.default.js",
    "start": 1539075225073,
    "end": 1539075225073,
    "duration": 0,
    "pid": 15836,
    "index": 5
  },
  {
    "name": "Require(3) node_modules/egg-security/config/config.default.js",
    "start": 1539075225074,
    "end": 1539075225074,
    "duration": 0,
    "pid": 15836,
    "index": 6
  },
  {
    "name": "Require(4) node_modules/egg-jsonp/config/config.default.js",
    "start": 1539075225075,
    "end": 1539075225075,
    "duration": 0,
    "pid": 15836,
    "index": 7
  },
  {
    "name": "Require(5) node_modules/egg-onerror/config/config.default.js",
    "start": 1539075225075,
    "end": 1539075225075,
    "duration": 0,
    "pid": 15836,
    "index": 8
  },
  {
    "name": "Require(6) node_modules/egg-i18n/config/config.default.js",
    "start": 1539075225075,
    "end": 1539075225076,
    "duration": 1,
    "pid": 15836,
    "index": 9
  },
  {
    "name": "Require(7) node_modules/egg-watcher/config/config.default.js",
    "start": 1539075225076,
    "end": 1539075225076,
    "duration": 0,
    "pid": 15836,
    "index": 10
  },
  {
    "name": "Require(8) node_modules/egg-schedule/config/config.default.js",
    "start": 1539075225076,
    "end": 1539075225077,
    "duration": 1,
    "pid": 15836,
    "index": 11
  },
  {
    "name": "Require(9) node_modules/egg-multipart/config/config.default.js",
    "start": 1539075225077,
    "end": 1539075225077,
    "duration": 0,
    "pid": 15836,
    "index": 12
  },
  {
    "name": "Require(10) node_modules/egg-development/config/config.default.js",
    "start": 1539075225077,
    "end": 1539075225078,
    "duration": 1,
    "pid": 15836,
    "index": 13
  },
  {
    "name": "Require(11) node_modules/egg-logrotator/config/config.default.js",
    "start": 1539075225078,
    "end": 1539075225078,
    "duration": 0,
    "pid": 15836,
    "index": 14
  },
  {
    "name": "Require(12) node_modules/egg-static/config/config.default.js",
    "start": 1539075225078,
    "end": 1539075225079,
    "duration": 1,
    "pid": 15836,
    "index": 15
  },
  {
    "name": "Require(13) node_modules/egg-view/config/config.default.js",
    "start": 1539075225079,
    "end": 1539075225079,
    "duration": 0,
    "pid": 15836,
    "index": 16
  },
  {
    "name": "Require(14) node_modules/egg-view-nunjucks/config/config.default.js",
    "start": 1539075225080,
    "end": 1539075225080,
    "duration": 0,
    "pid": 15836,
    "index": 17
  },
  {
    "name": "Require(15) node_modules/egg-mongoose/config/config.default.js",
    "start": 1539075225081,
    "end": 1539075225081,
    "duration": 0,
    "pid": 15836,
    "index": 18
  },
  {
    "name": "Require(16) node_modules/egg/config/config.default.js",
    "start": 1539075225081,
    "end": 1539075225081,
    "duration": 0,
    "pid": 15836,
    "index": 19
  },
  {
    "name": "Require(17) config/config.default.ts",
    "start": 1539075225083,
    "end": 1539075225083,
    "duration": 0,
    "pid": 15836,
    "index": 20
  },
  {
    "name": "Require(18) node_modules/egg-security/config/config.local.js",
    "start": 1539075225083,
    "end": 1539075225083,
    "duration": 0,
    "pid": 15836,
    "index": 21
  },
  {
    "name": "Require(19) node_modules/egg-watcher/config/config.local.js",
    "start": 1539075225084,
    "end": 1539075225085,
    "duration": 1,
    "pid": 15836,
    "index": 22
  },
  {
    "name": "Require(20) node_modules/egg-view/config/config.local.js",
    "start": 1539075225085,
    "end": 1539075225086,
    "duration": 1,
    "pid": 15836,
    "index": 23
  },
  {
    "name": "Require(21) node_modules/egg-view-nunjucks/config/config.local.js",
    "start": 1539075225086,
    "end": 1539075225086,
    "duration": 0,
    "pid": 15836,
    "index": 24
  },
  {
    "name": "Require(22) node_modules/egg/config/config.local.js",
    "start": 1539075225086,
    "end": 1539075225087,
    "duration": 1,
    "pid": 15836,
    "index": 25
  },
  {
    "name": "Require(23) config/config.local.ts",
    "start": 1539075225087,
    "end": 1539075225087,
    "duration": 0,
    "pid": 15836,
    "index": 26
  },
  {
    "name": "Load extend/application.js",
    "start": 1539075225088,
    "end": 1539075225122,
    "duration": 34,
    "pid": 15836,
    "index": 27
  },
  {
    "name": "Require(24) node_modules/egg-session/app/extend/application.js",
    "start": 1539075225088,
    "end": 1539075225089,
    "duration": 1,
    "pid": 15836,
    "index": 28
  },
  {
    "name": "Require(25) node_modules/egg-security/app/extend/application.js",
    "start": 1539075225089,
    "end": 1539075225089,
    "duration": 0,
    "pid": 15836,
    "index": 29
  },
  {
    "name": "Require(26) node_modules/egg-jsonp/app/extend/application.js",
    "start": 1539075225090,
    "end": 1539075225090,
    "duration": 0,
    "pid": 15836,
    "index": 30
  },
  {
    "name": "Require(27) node_modules/egg-logrotator/app/extend/application.js",
    "start": 1539075225092,
    "end": 1539075225093,
    "duration": 1,
    "pid": 15836,
    "index": 31
  },
  {
    "name": "Require(28) node_modules/egg-view/app/extend/application.js",
    "start": 1539075225093,
    "end": 1539075225094,
    "duration": 1,
    "pid": 15836,
    "index": 32
  },
  {
    "name": "Require(29) node_modules/egg-view-nunjucks/app/extend/application.js",
    "start": 1539075225094,
    "end": 1539075225120,
    "duration": 26,
    "pid": 15836,
    "index": 33
  },
  {
    "name": "Load extend/request.js",
    "start": 1539075225122,
    "end": 1539075225128,
    "duration": 6,
    "pid": 15836,
    "index": 34
  },
  {
    "name": "Require(30) node_modules/egg/app/extend/request.js",
    "start": 1539075225125,
    "end": 1539075225126,
    "duration": 1,
    "pid": 15836,
    "index": 35
  },
  {
    "name": "Load extend/response.js",
    "start": 1539075225128,
    "end": 1539075225133,
    "duration": 5,
    "pid": 15836,
    "index": 36
  },
  {
    "name": "Require(31) node_modules/egg/app/extend/response.js",
    "start": 1539075225130,
    "end": 1539075225131,
    "duration": 1,
    "pid": 15836,
    "index": 37
  },
  {
    "name": "Load extend/context.js",
    "start": 1539075225133,
    "end": 1539075225177,
    "duration": 44,
    "pid": 15836,
    "index": 38
  },
  {
    "name": "Require(32) node_modules/egg-security/app/extend/context.js",
    "start": 1539075225133,
    "end": 1539075225140,
    "duration": 7,
    "pid": 15836,
    "index": 39
  },
  {
    "name": "Require(33) node_modules/egg-jsonp/app/extend/context.js",
    "start": 1539075225140,
    "end": 1539075225141,
    "duration": 1,
    "pid": 15836,
    "index": 40
  },
  {
    "name": "Require(34) node_modules/egg-i18n/app/extend/context.js",
    "start": 1539075225141,
    "end": 1539075225142,
    "duration": 1,
    "pid": 15836,
    "index": 41
  },
  {
    "name": "Require(35) node_modules/egg-multipart/app/extend/context.js",
    "start": 1539075225143,
    "end": 1539075225172,
    "duration": 29,
    "pid": 15836,
    "index": 42
  },
  {
    "name": "Require(36) node_modules/egg-view/app/extend/context.js",
    "start": 1539075225173,
    "end": 1539075225174,
    "duration": 1,
    "pid": 15836,
    "index": 43
  },
  {
    "name": "Require(37) node_modules/egg-mongoose/app/extend/context.js",
    "start": 1539075225174,
    "end": 1539075225174,
    "duration": 0,
    "pid": 15836,
    "index": 44
  },
  {
    "name": "Require(38) node_modules/egg/app/extend/context.js",
    "start": 1539075225174,
    "end": 1539075225175,
    "duration": 1,
    "pid": 15836,
    "index": 45
  },
  {
    "name": "Load extend/helper.js",
    "start": 1539075225177,
    "end": 1539075225192,
    "duration": 15,
    "pid": 15836,
    "index": 46
  },
  {
    "name": "Require(39) node_modules/egg-security/app/extend/helper.js",
    "start": 1539075225177,
    "end": 1539075225189,
    "duration": 12,
    "pid": 15836,
    "index": 47
  },
  {
    "name": "Require(40) node_modules/egg/app/extend/helper.js",
    "start": 1539075225190,
    "end": 1539075225191,
    "duration": 1,
    "pid": 15836,
    "index": 48
  },
  {
    "name": "Load app.js",
    "start": 1539075225193,
    "end": 1539075225218,
    "duration": 25,
    "pid": 15836,
    "index": 49
  },
  {
    "name": "Require(41) node_modules/egg-session/app.js",
    "start": 1539075225193,
    "end": 1539075225193,
    "duration": 0,
    "pid": 15836,
    "index": 50
  },
  {
    "name": "Require(42) node_modules/egg-security/app.js",
    "start": 1539075225193,
    "end": 1539075225195,
    "duration": 2,
    "pid": 15836,
    "index": 51
  },
  {
    "name": "Require(43) node_modules/egg-onerror/app.js",
    "start": 1539075225195,
    "end": 1539075225201,
    "duration": 6,
    "pid": 15836,
    "index": 52
  },
  {
    "name": "Require(44) node_modules/egg-i18n/app.js",
    "start": 1539075225201,
    "end": 1539075225207,
    "duration": 6,
    "pid": 15836,
    "index": 53
  },
  {
    "name": "Require(45) node_modules/egg-watcher/app.js",
    "start": 1539075225207,
    "end": 1539075225212,
    "duration": 5,
    "pid": 15836,
    "index": 54
  },
  {
    "name": "Require(46) node_modules/egg-schedule/app.js",
    "start": 1539075225212,
    "end": 1539075225213,
    "duration": 1,
    "pid": 15836,
    "index": 55
  },
  {
    "name": "Require(47) node_modules/egg-multipart/app.js",
    "start": 1539075225213,
    "end": 1539075225215,
    "duration": 2,
    "pid": 15836,
    "index": 56
  },
  {
    "name": "Require(48) node_modules/egg-development/app.js",
    "start": 1539075225215,
    "end": 1539075225215,
    "duration": 0,
    "pid": 15836,
    "index": 57
  },
  {
    "name": "Require(49) node_modules/egg-logrotator/app.js",
    "start": 1539075225215,
    "end": 1539075225215,
    "duration": 0,
    "pid": 15836,
    "index": 58
  },
  {
    "name": "Require(50) node_modules/egg-static/app.js",
    "start": 1539075225216,
    "end": 1539075225216,
    "duration": 0,
    "pid": 15836,
    "index": 59
  },
  {
    "name": "Require(51) node_modules/egg-view-nunjucks/app.js",
    "start": 1539075225216,
    "end": 1539075225216,
    "duration": 0,
    "pid": 15836,
    "index": 60
  },
  {
    "name": "Require(52) node_modules/egg-mongoose/app.js",
    "start": 1539075225217,
    "end": 1539075225217,
    "duration": 0,
    "pid": 15836,
    "index": 61
  },
  {
    "name": "Before Start in node_modules/egg-watcher/lib/init.js:15:14",
    "start": 1539075225228,
    "end": 1539075226747,
    "duration": 1519,
    "pid": 15836,
    "index": 62
  },
  {
    "name": "Before Start in node_modules/egg-mongoose/lib/mongoose.js:77:7",
    "start": 1539075225542,
    "end": 1539075227748,
    "duration": 2206,
    "pid": 15836,
    "index": 63
  },
  {
    "name": "Before Start in node_modules/egg-mongoose/lib/mongoose.js:42:9",
    "start": 1539075225542,
    "end": 1539075226740,
    "duration": 1198,
    "pid": 15836,
    "index": 64
  },
  {
    "name": "Load Service",
    "start": 1539075225542,
    "end": 1539075225547,
    "duration": 5,
    "pid": 15836,
    "index": 65
  },
  {
    "name": "Load \"service\" to Context",
    "start": 1539075225542,
    "end": 1539075225547,
    "duration": 5,
    "pid": 15836,
    "index": 66
  },
  {
    "name": "Load Middleware",
    "start": 1539075225547,
    "end": 1539075225609,
    "duration": 62,
    "pid": 15836,
    "index": 67
  },
  {
    "name": "Load \"middlewares\" to Application",
    "start": 1539075225548,
    "end": 1539075225601,
    "duration": 53,
    "pid": 15836,
    "index": 68
  },
  {
    "name": "Load Controller",
    "start": 1539075225609,
    "end": 1539075226715,
    "duration": 1106,
    "pid": 15836,
    "index": 69
  },
  {
    "name": "Load \"controller\" to Application",
    "start": 1539075225609,
    "end": 1539075226715,
    "duration": 1106,
    "pid": 15836,
    "index": 70
  },
  {
    "name": "Load Router",
    "start": 1539075226715,
    "end": 1539075226718,
    "duration": 3,
    "pid": 15836,
    "index": 71
  },
  {
    "name": "Require(53) app/router.ts",
    "start": 1539075226716,
    "end": 1539075226716,
    "duration": 0,
    "pid": 15836,
    "index": 72
  },
  {
    "name": "Before Start in node_modules/egg-core/lib/egg.js:287:10",
    "start": 1539075226717,
    "end": 1539075226740,
    "duration": 23,
    "pid": 15836,
    "index": 73
  },
  {
    "name": "Load \"model\" to Application",
    "start": 1539075226728,
    "end": 1539075226739,
    "duration": 11,
    "pid": 15836,
    "index": 74
  }
]