[
  {
    "name": "Application Start",
    "start": 1539075498147,
    "end": 1539075500914,
    "duration": 2767,
    "pid": 10916,
    "index": 0
  },
  {
    "name": "Load Plugin",
    "start": 1539075498150,
    "end": 1539075498161,
    "duration": 11,
    "pid": 10916,
    "index": 1
  },
  {
    "name": "Load Config",
    "start": 1539075498161,
    "end": 1539075498176,
    "duration": 15,
    "pid": 10916,
    "index": 2
  },
  {
    "name": "Require(0) config/config.default.ts",
    "start": 1539075498162,
    "end": 1539075498163,
    "duration": 1,
    "pid": 10916,
    "index": 3
  },
  {
    "name": "Require(1) config/config.local.ts",
    "start": 1539075498164,
    "end": 1539075498164,
    "duration": 0,
    "pid": 10916,
    "index": 4
  },
  {
    "name": "Require(2) node_modules/egg-session/config/config.default.js",
    "start": 1539075498165,
    "end": 1539075498165,
    "duration": 0,
    "pid": 10916,
    "index": 5
  },
  {
    "name": "Require(3) node_modules/egg-security/config/config.default.js",
    "start": 1539075498165,
    "end": 1539075498165,
    "duration": 0,
    "pid": 10916,
    "index": 6
  },
  {
    "name": "Require(4) node_modules/egg-jsonp/config/config.default.js",
    "start": 1539075498166,
    "end": 1539075498166,
    "duration": 0,
    "pid": 10916,
    "index": 7
  },
  {
    "name": "Require(5) node_modules/egg-onerror/config/config.default.js",
    "start": 1539075498166,
    "end": 1539075498166,
    "duration": 0,
    "pid": 10916,
    "index": 8
  },
  {
    "name": "Require(6) node_modules/egg-i18n/config/config.default.js",
    "start": 1539075498167,
    "end": 1539075498167,
    "duration": 0,
    "pid": 10916,
    "index": 9
  },
  {
    "name": "Require(7) node_modules/egg-watcher/config/config.default.js",
    "start": 1539075498167,
    "end": 1539075498167,
    "duration": 0,
    "pid": 10916,
    "index": 10
  },
  {
    "name": "Require(8) node_modules/egg-schedule/config/config.default.js",
    "start": 1539075498168,
    "end": 1539075498168,
    "duration": 0,
    "pid": 10916,
    "index": 11
  },
  {
    "name": "Require(9) node_modules/egg-multipart/config/config.default.js",
    "start": 1539075498168,
    "end": 1539075498168,
    "duration": 0,
    "pid": 10916,
    "index": 12
  },
  {
    "name": "Require(10) node_modules/egg-development/config/config.default.js",
    "start": 1539075498169,
    "end": 1539075498169,
    "duration": 0,
    "pid": 10916,
    "index": 13
  },
  {
    "name": "Require(11) node_modules/egg-logrotator/config/config.default.js",
    "start": 1539075498169,
    "end": 1539075498169,
    "duration": 0,
    "pid": 10916,
    "index": 14
  },
  {
    "name": "Require(12) node_modules/egg-static/config/config.default.js",
    "start": 1539075498170,
    "end": 1539075498170,
    "duration": 0,
    "pid": 10916,
    "index": 15
  },
  {
    "name": "Require(13) node_modules/egg-view/config/config.default.js",
    "start": 1539075498170,
    "end": 1539075498170,
    "duration": 0,
    "pid": 10916,
    "index": 16
  },
  {
    "name": "Require(14) node_modules/egg-view-nunjucks/config/config.default.js",
    "start": 1539075498171,
    "end": 1539075498171,
    "duration": 0,
    "pid": 10916,
    "index": 17
  },
  {
    "name": "Require(15) node_modules/egg-mongoose/config/config.default.js",
    "start": 1539075498171,
    "end": 1539075498171,
    "duration": 0,
    "pid": 10916,
    "index": 18
  },
  {
    "name": "Require(16) node_modules/egg/config/config.default.js",
    "start": 1539075498171,
    "end": 1539075498172,
    "duration": 1,
    "pid": 10916,
    "index": 19
  },
  {
    "name": "Require(17) config/config.default.ts",
    "start": 1539075498173,
    "end": 1539075498173,
    "duration": 0,
    "pid": 10916,
    "index": 20
  },
  {
    "name": "Require(18) node_modules/egg-security/config/config.local.js",
    "start": 1539075498173,
    "end": 1539075498174,
    "duration": 1,
    "pid": 10916,
    "index": 21
  },
  {
    "name": "Require(19) node_modules/egg-watcher/config/config.local.js",
    "start": 1539075498174,
    "end": 1539075498174,
    "duration": 0,
    "pid": 10916,
    "index": 22
  },
  {
    "name": "Require(20) node_modules/egg-view/config/config.local.js",
    "start": 1539075498175,
    "end": 1539075498175,
    "duration": 0,
    "pid": 10916,
    "index": 23
  },
  {
    "name": "Require(21) node_modules/egg-view-nunjucks/config/config.local.js",
    "start": 1539075498176,
    "end": 1539075498176,
    "duration": 0,
    "pid": 10916,
    "index": 24
  },
  {
    "name": "Require(22) node_modules/egg/config/config.local.js",
    "start": 1539075498176,
    "end": 1539075498176,
    "duration": 0,
    "pid": 10916,
    "index": 25
  },
  {
    "name": "Require(23) config/config.local.ts",
    "start": 1539075498176,
    "end": 1539075498176,
    "duration": 0,
    "pid": 10916,
    "index": 26
  },
  {
    "name": "Load extend/application.js",
    "start": 1539075498177,
    "end": 1539075498217,
    "duration": 40,
    "pid": 10916,
    "index": 27
  },
  {
    "name": "Require(24) node_modules/egg-session/app/extend/application.js",
    "start": 1539075498178,
    "end": 1539075498178,
    "duration": 0,
    "pid": 10916,
    "index": 28
  },
  {
    "name": "Require(25) node_modules/egg-security/app/extend/application.js",
    "start": 1539075498178,
    "end": 1539075498179,
    "duration": 1,
    "pid": 10916,
    "index": 29
  },
  {
    "name": "Require(26) node_modules/egg-jsonp/app/extend/application.js",
    "start": 1539075498179,
    "end": 1539075498180,
    "duration": 1,
    "pid": 10916,
    "index": 30
  },
  {
    "name": "Require(27) node_modules/egg-logrotator/app/extend/application.js",
    "start": 1539075498181,
    "end": 1539075498182,
    "duration": 1,
    "pid": 10916,
    "index": 31
  },
  {
    "name": "Require(28) node_modules/egg-view/app/extend/application.js",
    "start": 1539075498182,
    "end": 1539075498183,
    "duration": 1,
    "pid": 10916,
    "index": 32
  },
  {
    "name": "Require(29) node_modules/egg-view-nunjucks/app/extend/application.js",
    "start": 1539075498183,
    "end": 1539075498215,
    "duration": 32,
    "pid": 10916,
    "index": 33
  },
  {
    "name": "Load extend/request.js",
    "start": 1539075498217,
    "end": 1539075498223,
    "duration": 6,
    "pid": 10916,
    "index": 34
  },
  {
    "name": "Require(30) node_modules/egg/app/extend/request.js",
    "start": 1539075498220,
    "end": 1539075498221,
    "duration": 1,
    "pid": 10916,
    "index": 35
  },
  {
    "name": "Load extend/response.js",
    "start": 1539075498223,
    "end": 1539075498228,
    "duration": 5,
    "pid": 10916,
    "index": 36
  },
  {
    "name": "Require(31) node_modules/egg/app/extend/response.js",
    "start": 1539075498225,
    "end": 1539075498225,
    "duration": 0,
    "pid": 10916,
    "index": 37
  },
  {
    "name": "Load extend/context.js",
    "start": 1539075498228,
    "end": 1539075498282,
    "duration": 54,
    "pid": 10916,
    "index": 38
  },
  {
    "name": "Require(32) node_modules/egg-security/app/extend/context.js",
    "start": 1539075498228,
    "end": 1539075498236,
    "duration": 8,
    "pid": 10916,
    "index": 39
  },
  {
    "name": "Require(33) node_modules/egg-jsonp/app/extend/context.js",
    "start": 1539075498236,
    "end": 1539075498237,
    "duration": 1,
    "pid": 10916,
    "index": 40
  },
  {
    "name": "Require(34) node_modules/egg-i18n/app/extend/context.js",
    "start": 1539075498237,
    "end": 1539075498237,
    "duration": 0,
    "pid": 10916,
    "index": 41
  },
  {
    "name": "Require(35) node_modules/egg-multipart/app/extend/context.js",
    "start": 1539075498238,
    "end": 1539075498275,
    "duration": 37,
    "pid": 10916,
    "index": 42
  },
  {
    "name": "Require(36) node_modules/egg-view/app/extend/context.js",
    "start": 1539075498276,
    "end": 1539075498277,
    "duration": 1,
    "pid": 10916,
    "index": 43
  },
  {
    "name": "Require(37) node_modules/egg-mongoose/app/extend/context.js",
    "start": 1539075498277,
    "end": 1539075498277,
    "duration": 0,
    "pid": 10916,
    "index": 44
  },
  {
    "name": "Require(38) node_modules/egg/app/extend/context.js",
    "start": 1539075498277,
    "end": 1539075498278,
    "duration": 1,
    "pid": 10916,
    "index": 45
  },
  {
    "name": "Load extend/helper.js",
    "start": 1539075498282,
    "end": 1539075498299,
    "duration": 17,
    "pid": 10916,
    "index": 46
  },
  {
    "name": "Require(39) node_modules/egg-security/app/extend/helper.js",
    "start": 1539075498282,
    "end": 1539075498294,
    "duration": 12,
    "pid": 10916,
    "index": 47
  },
  {
    "name": "Require(40) node_modules/egg/app/extend/helper.js",
    "start": 1539075498295,
    "end": 1539075498296,
    "duration": 1,
    "pid": 10916,
    "index": 48
  },
  {
    "name": "Load app.js",
    "start": 1539075498299,
    "end": 1539075498327,
    "duration": 28,
    "pid": 10916,
    "index": 49
  },
  {
    "name": "Require(41) node_modules/egg-session/app.js",
    "start": 1539075498300,
    "end": 1539075498300,
    "duration": 0,
    "pid": 10916,
    "index": 50
  },
  {
    "name": "Require(42) node_modules/egg-security/app.js",
    "start": 1539075498300,
    "end": 1539075498301,
    "duration": 1,
    "pid": 10916,
    "index": 51
  },
  {
    "name": "Require(43) node_modules/egg-onerror/app.js",
    "start": 1539075498302,
    "end": 1539075498308,
    "duration": 6,
    "pid": 10916,
    "index": 52
  },
  {
    "name": "Require(44) node_modules/egg-i18n/app.js",
    "start": 1539075498308,
    "end": 1539075498316,
    "duration": 8,
    "pid": 10916,
    "index": 53
  },
  {
    "name": "Require(45) node_modules/egg-watcher/app.js",
    "start": 1539075498316,
    "end": 1539075498321,
    "duration": 5,
    "pid": 10916,
    "index": 54
  },
  {
    "name": "Require(46) node_modules/egg-schedule/app.js",
    "start": 1539075498322,
    "end": 1539075498322,
    "duration": 0,
    "pid": 10916,
    "index": 55
  },
  {
    "name": "Require(47) node_modules/egg-multipart/app.js",
    "start": 1539075498323,
    "end": 1539075498324,
    "duration": 1,
    "pid": 10916,
    "index": 56
  },
  {
    "name": "Require(48) node_modules/egg-development/app.js",
    "start": 1539075498324,
    "end": 1539075498324,
    "duration": 0,
    "pid": 10916,
    "index": 57
  },
  {
    "name": "Require(49) node_modules/egg-logrotator/app.js",
    "start": 1539075498325,
    "end": 1539075498325,
    "duration": 0,
    "pid": 10916,
    "index": 58
  },
  {
    "name": "Require(50) node_modules/egg-static/app.js",
    "start": 1539075498325,
    "end": 1539075498325,
    "duration": 0,
    "pid": 10916,
    "index": 59
  },
  {
    "name": "Require(51) node_modules/egg-view-nunjucks/app.js",
    "start": 1539075498326,
    "end": 1539075498326,
    "duration": 0,
    "pid": 10916,
    "index": 60
  },
  {
    "name": "Require(52) node_modules/egg-mongoose/app.js",
    "start": 1539075498326,
    "end": 1539075498326,
    "duration": 0,
    "pid": 10916,
    "index": 61
  },
  {
    "name": "Before Start in node_modules/egg-watcher/lib/init.js:15:14",
    "start": 1539075498337,
    "end": 1539075499907,
    "duration": 1570,
    "pid": 10916,
    "index": 62
  },
  {
    "name": "Before Start in node_modules/egg-mongoose/lib/mongoose.js:77:7",
    "start": 1539075498704,
    "end": 1539075500913,
    "duration": 2209,
    "pid": 10916,
    "index": 63
  },
  {
    "name": "Before Start in node_modules/egg-mongoose/lib/mongoose.js:42:9",
    "start": 1539075498704,
    "end": 1539075499899,
    "duration": 1195,
    "pid": 10916,
    "index": 64
  },
  {
    "name": "Load Service",
    "start": 1539075498704,
    "end": 1539075498709,
    "duration": 5,
    "pid": 10916,
    "index": 65
  },
  {
    "name": "Load \"service\" to Context",
    "start": 1539075498704,
    "end": 1539075498709,
    "duration": 5,
    "pid": 10916,
    "index": 66
  },
  {
    "name": "Load Middleware",
    "start": 1539075498710,
    "end": 1539075498769,
    "duration": 59,
    "pid": 10916,
    "index": 67
  },
  {
    "name": "Load \"middlewares\" to Application",
    "start": 1539075498710,
    "end": 1539075498761,
    "duration": 51,
    "pid": 10916,
    "index": 68
  },
  {
    "name": "Load Controller",
    "start": 1539075498769,
    "end": 1539075499874,
    "duration": 1105,
    "pid": 10916,
    "index": 69
  },
  {
    "name": "Load \"controller\" to Application",
    "start": 1539075498769,
    "end": 1539075499874,
    "duration": 1105,
    "pid": 10916,
    "index": 70
  },
  {
    "name": "Load Router",
    "start": 1539075499874,
    "end": 1539075499876,
    "duration": 2,
    "pid": 10916,
    "index": 71
  },
  {
    "name": "Require(53) app/router.ts",
    "start": 1539075499874,
    "end": 1539075499874,
    "duration": 0,
    "pid": 10916,
    "index": 72
  },
  {
    "name": "Before Start in node_modules/egg-core/lib/egg.js:287:10",
    "start": 1539075499875,
    "end": 1539075499899,
    "duration": 24,
    "pid": 10916,
    "index": 73
  },
  {
    "name": "Load \"model\" to Application",
    "start": 1539075499886,
    "end": 1539075499899,
    "duration": 13,
    "pid": 10916,
    "index": 74
  }
]