[
  {
    "name": "Application Start",
    "start": 1539074739266,
    "end": 1539074740893,
    "duration": 1627,
    "pid": 14052,
    "index": 0
  },
  {
    "name": "Load Plugin",
    "start": 1539074739269,
    "end": 1539074739281,
    "duration": 12,
    "pid": 14052,
    "index": 1
  },
  {
    "name": "Load Config",
    "start": 1539074739281,
    "end": 1539074739298,
    "duration": 17,
    "pid": 14052,
    "index": 2
  },
  {
    "name": "Require(0) config/config.default.ts",
    "start": 1539074739282,
    "end": 1539074739282,
    "duration": 0,
    "pid": 14052,
    "index": 3
  },
  {
    "name": "Require(1) config/config.local.ts",
    "start": 1539074739283,
    "end": 1539074739283,
    "duration": 0,
    "pid": 14052,
    "index": 4
  },
  {
    "name": "Require(2) node_modules/egg-session/config/config.default.js",
    "start": 1539074739284,
    "end": 1539074739284,
    "duration": 0,
    "pid": 14052,
    "index": 5
  },
  {
    "name": "Require(3) node_modules/egg-security/config/config.default.js",
    "start": 1539074739284,
    "end": 1539074739285,
    "duration": 1,
    "pid": 14052,
    "index": 6
  },
  {
    "name": "Require(4) node_modules/egg-jsonp/config/config.default.js",
    "start": 1539074739285,
    "end": 1539074739286,
    "duration": 1,
    "pid": 14052,
    "index": 7
  },
  {
    "name": "Require(5) node_modules/egg-onerror/config/config.default.js",
    "start": 1539074739286,
    "end": 1539074739286,
    "duration": 0,
    "pid": 14052,
    "index": 8
  },
  {
    "name": "Require(6) node_modules/egg-i18n/config/config.default.js",
    "start": 1539074739286,
    "end": 1539074739286,
    "duration": 0,
    "pid": 14052,
    "index": 9
  },
  {
    "name": "Require(7) node_modules/egg-watcher/config/config.default.js",
    "start": 1539074739287,
    "end": 1539074739287,
    "duration": 0,
    "pid": 14052,
    "index": 10
  },
  {
    "name": "Require(8) node_modules/egg-schedule/config/config.default.js",
    "start": 1539074739287,
    "end": 1539074739288,
    "duration": 1,
    "pid": 14052,
    "index": 11
  },
  {
    "name": "Require(9) node_modules/egg-multipart/config/config.default.js",
    "start": 1539074739288,
    "end": 1539074739288,
    "duration": 0,
    "pid": 14052,
    "index": 12
  },
  {
    "name": "Require(10) node_modules/egg-development/config/config.default.js",
    "start": 1539074739289,
    "end": 1539074739289,
    "duration": 0,
    "pid": 14052,
    "index": 13
  },
  {
    "name": "Require(11) node_modules/egg-logrotator/config/config.default.js",
    "start": 1539074739289,
    "end": 1539074739290,
    "duration": 1,
    "pid": 14052,
    "index": 14
  },
  {
    "name": "Require(12) node_modules/egg-static/config/config.default.js",
    "start": 1539074739290,
    "end": 1539074739290,
    "duration": 0,
    "pid": 14052,
    "index": 15
  },
  {
    "name": "Require(13) node_modules/egg-view/config/config.default.js",
    "start": 1539074739291,
    "end": 1539074739291,
    "duration": 0,
    "pid": 14052,
    "index": 16
  },
  {
    "name": "Require(14) node_modules/egg-view-nunjucks/config/config.default.js",
    "start": 1539074739291,
    "end": 1539074739291,
    "duration": 0,
    "pid": 14052,
    "index": 17
  },
  {
    "name": "Require(15) node_modules/egg-mongoose/config/config.default.js",
    "start": 1539074739292,
    "end": 1539074739292,
    "duration": 0,
    "pid": 14052,
    "index": 18
  },
  {
    "name": "Require(16) node_modules/egg/config/config.default.js",
    "start": 1539074739292,
    "end": 1539074739292,
    "duration": 0,
    "pid": 14052,
    "index": 19
  },
  {
    "name": "Require(17) config/config.default.ts",
    "start": 1539074739294,
    "end": 1539074739294,
    "duration": 0,
    "pid": 14052,
    "index": 20
  },
  {
    "name": "Require(18) node_modules/egg-security/config/config.local.js",
    "start": 1539074739294,
    "end": 1539074739294,
    "duration": 0,
    "pid": 14052,
    "index": 21
  },
  {
    "name": "Require(19) node_modules/egg-watcher/config/config.local.js",
    "start": 1539074739295,
    "end": 1539074739295,
    "duration": 0,
    "pid": 14052,
    "index": 22
  },
  {
    "name": "Require(20) node_modules/egg-view/config/config.local.js",
    "start": 1539074739296,
    "end": 1539074739297,
    "duration": 1,
    "pid": 14052,
    "index": 23
  },
  {
    "name": "Require(21) node_modules/egg-view-nunjucks/config/config.local.js",
    "start": 1539074739297,
    "end": 1539074739297,
    "duration": 0,
    "pid": 14052,
    "index": 24
  },
  {
    "name": "Require(22) node_modules/egg/config/config.local.js",
    "start": 1539074739298,
    "end": 1539074739298,
    "duration": 0,
    "pid": 14052,
    "index": 25
  },
  {
    "name": "Require(23) config/config.local.ts",
    "start": 1539074739298,
    "end": 1539074739298,
    "duration": 0,
    "pid": 14052,
    "index": 26
  },
  {
    "name": "Load extend/application.js",
    "start": 1539074739299,
    "end": 1539074739334,
    "duration": 35,
    "pid": 14052,
    "index": 27
  },
  {
    "name": "Require(24) node_modules/egg-session/app/extend/application.js",
    "start": 1539074739300,
    "end": 1539074739300,
    "duration": 0,
    "pid": 14052,
    "index": 28
  },
  {
    "name": "Require(25) node_modules/egg-security/app/extend/application.js",
    "start": 1539074739300,
    "end": 1539074739301,
    "duration": 1,
    "pid": 14052,
    "index": 29
  },
  {
    "name": "Require(26) node_modules/egg-jsonp/app/extend/application.js",
    "start": 1539074739301,
    "end": 1539074739302,
    "duration": 1,
    "pid": 14052,
    "index": 30
  },
  {
    "name": "Require(27) node_modules/egg-logrotator/app/extend/application.js",
    "start": 1539074739303,
    "end": 1539074739303,
    "duration": 0,
    "pid": 14052,
    "index": 31
  },
  {
    "name": "Require(28) node_modules/egg-view/app/extend/application.js",
    "start": 1539074739304,
    "end": 1539074739305,
    "duration": 1,
    "pid": 14052,
    "index": 32
  },
  {
    "name": "Require(29) node_modules/egg-view-nunjucks/app/extend/application.js",
    "start": 1539074739305,
    "end": 1539074739332,
    "duration": 27,
    "pid": 14052,
    "index": 33
  },
  {
    "name": "Load extend/request.js",
    "start": 1539074739334,
    "end": 1539074739340,
    "duration": 6,
    "pid": 14052,
    "index": 34
  },
  {
    "name": "Require(30) node_modules/egg/app/extend/request.js",
    "start": 1539074739337,
    "end": 1539074739337,
    "duration": 0,
    "pid": 14052,
    "index": 35
  },
  {
    "name": "Load extend/response.js",
    "start": 1539074739340,
    "end": 1539074739344,
    "duration": 4,
    "pid": 14052,
    "index": 36
  },
  {
    "name": "Require(31) node_modules/egg/app/extend/response.js",
    "start": 1539074739342,
    "end": 1539074739343,
    "duration": 1,
    "pid": 14052,
    "index": 37
  },
  {
    "name": "Load extend/context.js",
    "start": 1539074739344,
    "end": 1539074739395,
    "duration": 51,
    "pid": 14052,
    "index": 38
  },
  {
    "name": "Require(32) node_modules/egg-security/app/extend/context.js",
    "start": 1539074739345,
    "end": 1539074739352,
    "duration": 7,
    "pid": 14052,
    "index": 39
  },
  {
    "name": "Require(33) node_modules/egg-jsonp/app/extend/context.js",
    "start": 1539074739352,
    "end": 1539074739353,
    "duration": 1,
    "pid": 14052,
    "index": 40
  },
  {
    "name": "Require(34) node_modules/egg-i18n/app/extend/context.js",
    "start": 1539074739354,
    "end": 1539074739354,
    "duration": 0,
    "pid": 14052,
    "index": 41
  },
  {
    "name": "Require(35) node_modules/egg-multipart/app/extend/context.js",
    "start": 1539074739355,
    "end": 1539074739387,
    "duration": 32,
    "pid": 14052,
    "index": 42
  },
  {
    "name": "Require(36) node_modules/egg-view/app/extend/context.js",
    "start": 1539074739388,
    "end": 1539074739389,
    "duration": 1,
    "pid": 14052,
    "index": 43
  },
  {
    "name": "Require(37) node_modules/egg-mongoose/app/extend/context.js",
    "start": 1539074739389,
    "end": 1539074739389,
    "duration": 0,
    "pid": 14052,
    "index": 44
  },
  {
    "name": "Require(38) node_modules/egg/app/extend/context.js",
    "start": 1539074739392,
    "end": 1539074739393,
    "duration": 1,
    "pid": 14052,
    "index": 45
  },
  {
    "name": "Load extend/helper.js",
    "start": 1539074739395,
    "end": 1539074739413,
    "duration": 18,
    "pid": 14052,
    "index": 46
  },
  {
    "name": "Require(39) node_modules/egg-security/app/extend/helper.js",
    "start": 1539074739396,
    "end": 1539074739409,
    "duration": 13,
    "pid": 14052,
    "index": 47
  },
  {
    "name": "Require(40) node_modules/egg/app/extend/helper.js",
    "start": 1539074739411,
    "end": 1539074739411,
    "duration": 0,
    "pid": 14052,
    "index": 48
  },
  {
    "name": "Load app.js",
    "start": 1539074739414,
    "end": 1539074739447,
    "duration": 33,
    "pid": 14052,
    "index": 49
  },
  {
    "name": "Require(41) node_modules/egg-session/app.js",
    "start": 1539074739414,
    "end": 1539074739415,
    "duration": 1,
    "pid": 14052,
    "index": 50
  },
  {
    "name": "Require(42) node_modules/egg-security/app.js",
    "start": 1539074739415,
    "end": 1539074739417,
    "duration": 2,
    "pid": 14052,
    "index": 51
  },
  {
    "name": "Require(43) node_modules/egg-onerror/app.js",
    "start": 1539074739418,
    "end": 1539074739427,
    "duration": 9,
    "pid": 14052,
    "index": 52
  },
  {
    "name": "Require(44) node_modules/egg-i18n/app.js",
    "start": 1539074739428,
    "end": 1539074739435,
    "duration": 7,
    "pid": 14052,
    "index": 53
  },
  {
    "name": "Require(45) node_modules/egg-watcher/app.js",
    "start": 1539074739435,
    "end": 1539074739440,
    "duration": 5,
    "pid": 14052,
    "index": 54
  },
  {
    "name": "Require(46) node_modules/egg-schedule/app.js",
    "start": 1539074739441,
    "end": 1539074739441,
    "duration": 0,
    "pid": 14052,
    "index": 55
  },
  {
    "name": "Require(47) node_modules/egg-multipart/app.js",
    "start": 1539074739442,
    "end": 1539074739443,
    "duration": 1,
    "pid": 14052,
    "index": 56
  },
  {
    "name": "Require(48) node_modules/egg-development/app.js",
    "start": 1539074739444,
    "end": 1539074739444,
    "duration": 0,
    "pid": 14052,
    "index": 57
  },
  {
    "name": "Require(49) node_modules/egg-logrotator/app.js",
    "start": 1539074739444,
    "end": 1539074739444,
    "duration": 0,
    "pid": 14052,
    "index": 58
  },
  {
    "name": "Require(50) node_modules/egg-static/app.js",
    "start": 1539074739444,
    "end": 1539074739444,
    "duration": 0,
    "pid": 14052,
    "index": 59
  },
  {
    "name": "Require(51) node_modules/egg-view-nunjucks/app.js",
    "start": 1539074739445,
    "end": 1539074739445,
    "duration": 0,
    "pid": 14052,
    "index": 60
  },
  {
    "name": "Require(52) node_modules/egg-mongoose/app.js",
    "start": 1539074739445,
    "end": 1539074739445,
    "duration": 0,
    "pid": 14052,
    "index": 61
  },
  {
    "name": "Before Start in node_modules/egg-watcher/lib/init.js:15:14",
    "start": 1539074739456,
    "end": 1539074739888,
    "duration": 432,
    "pid": 14052,
    "index": 62
  },
  {
    "name": "Before Start in node_modules/egg-mongoose/lib/mongoose.js:77:7",
    "start": 1539074739766,
    "end": 1539074740892,
    "duration": 1126,
    "pid": 14052,
    "index": 63
  },
  {
    "name": "Before Start in node_modules/egg-mongoose/lib/mongoose.js:42:9",
    "start": 1539074739767,
    "end": 1539074739854,
    "duration": 87,
    "pid": 14052,
    "index": 64
  },
  {
    "name": "Load Service",
    "start": 1539074739767,
    "end": 1539074739772,
    "duration": 5,
    "pid": 14052,
    "index": 65
  },
  {
    "name": "Load \"service\" to Context",
    "start": 1539074739767,
    "end": 1539074739772,
    "duration": 5,
    "pid": 14052,
    "index": 66
  },
  {
    "name": "Load Middleware",
    "start": 1539074739772,
    "end": 1539074739822,
    "duration": 50,
    "pid": 14052,
    "index": 67
  },
  {
    "name": "Load \"middlewares\" to Application",
    "start": 1539074739772,
    "end": 1539074739816,
    "duration": 44,
    "pid": 14052,
    "index": 68
  },
  {
    "name": "Load Controller",
    "start": 1539074739823,
    "end": 1539074739825,
    "duration": 2,
    "pid": 14052,
    "index": 69
  },
  {
    "name": "Load \"controller\" to Application",
    "start": 1539074739823,
    "end": 1539074739825,
    "duration": 2,
    "pid": 14052,
    "index": 70
  },
  {
    "name": "Load Router",
    "start": 1539074739825,
    "end": 1539074739826,
    "duration": 1,
    "pid": 14052,
    "index": 71
  },
  {
    "name": "Require(53) app/router.ts",
    "start": 1539074739825,
    "end": 1539074739825,
    "duration": 0,
    "pid": 14052,
    "index": 72
  },
  {
    "name": "Before Start in node_modules/egg-core/lib/egg.js:287:10",
    "start": 1539074739825,
    "end": 1539074739854,
    "duration": 29,
    "pid": 14052,
    "index": 73
  },
  {
    "name": "Load \"model\" to Application",
    "start": 1539074739836,
    "end": 1539074739853,
    "duration": 17,
    "pid": 14052,
    "index": 74
  }
]