[
  {
    "name": "Application Start",
    "start": 1539074786088,
    "end": 1539074788908,
    "duration": 2820,
    "pid": 10384,
    "index": 0
  },
  {
    "name": "Load Plugin",
    "start": 1539074786092,
    "end": 1539074786104,
    "duration": 12,
    "pid": 10384,
    "index": 1
  },
  {
    "name": "Load Config",
    "start": 1539074786104,
    "end": 1539074786119,
    "duration": 15,
    "pid": 10384,
    "index": 2
  },
  {
    "name": "Require(0) config/config.default.ts",
    "start": 1539074786104,
    "end": 1539074786105,
    "duration": 1,
    "pid": 10384,
    "index": 3
  },
  {
    "name": "Require(1) config/config.local.ts",
    "start": 1539074786106,
    "end": 1539074786106,
    "duration": 0,
    "pid": 10384,
    "index": 4
  },
  {
    "name": "Require(2) node_modules/egg-session/config/config.default.js",
    "start": 1539074786106,
    "end": 1539074786107,
    "duration": 1,
    "pid": 10384,
    "index": 5
  },
  {
    "name": "Require(3) node_modules/egg-security/config/config.default.js",
    "start": 1539074786107,
    "end": 1539074786107,
    "duration": 0,
    "pid": 10384,
    "index": 6
  },
  {
    "name": "Require(4) node_modules/egg-jsonp/config/config.default.js",
    "start": 1539074786108,
    "end": 1539074786108,
    "duration": 0,
    "pid": 10384,
    "index": 7
  },
  {
    "name": "Require(5) node_modules/egg-onerror/config/config.default.js",
    "start": 1539074786108,
    "end": 1539074786108,
    "duration": 0,
    "pid": 10384,
    "index": 8
  },
  {
    "name": "Require(6) node_modules/egg-i18n/config/config.default.js",
    "start": 1539074786108,
    "end": 1539074786109,
    "duration": 1,
    "pid": 10384,
    "index": 9
  },
  {
    "name": "Require(7) node_modules/egg-watcher/config/config.default.js",
    "start": 1539074786109,
    "end": 1539074786109,
    "duration": 0,
    "pid": 10384,
    "index": 10
  },
  {
    "name": "Require(8) node_modules/egg-schedule/config/config.default.js",
    "start": 1539074786109,
    "end": 1539074786110,
    "duration": 1,
    "pid": 10384,
    "index": 11
  },
  {
    "name": "Require(9) node_modules/egg-multipart/config/config.default.js",
    "start": 1539074786110,
    "end": 1539074786110,
    "duration": 0,
    "pid": 10384,
    "index": 12
  },
  {
    "name": "Require(10) node_modules/egg-development/config/config.default.js",
    "start": 1539074786111,
    "end": 1539074786111,
    "duration": 0,
    "pid": 10384,
    "index": 13
  },
  {
    "name": "Require(11) node_modules/egg-logrotator/config/config.default.js",
    "start": 1539074786111,
    "end": 1539074786111,
    "duration": 0,
    "pid": 10384,
    "index": 14
  },
  {
    "name": "Require(12) node_modules/egg-static/config/config.default.js",
    "start": 1539074786111,
    "end": 1539074786112,
    "duration": 1,
    "pid": 10384,
    "index": 15
  },
  {
    "name": "Require(13) node_modules/egg-view/config/config.default.js",
    "start": 1539074786112,
    "end": 1539074786112,
    "duration": 0,
    "pid": 10384,
    "index": 16
  },
  {
    "name": "Require(14) node_modules/egg-view-nunjucks/config/config.default.js",
    "start": 1539074786113,
    "end": 1539074786113,
    "duration": 0,
    "pid": 10384,
    "index": 17
  },
  {
    "name": "Require(15) node_modules/egg-mongoose/config/config.default.js",
    "start": 1539074786113,
    "end": 1539074786114,
    "duration": 1,
    "pid": 10384,
    "index": 18
  },
  {
    "name": "Require(16) node_modules/egg/config/config.default.js",
    "start": 1539074786114,
    "end": 1539074786114,
    "duration": 0,
    "pid": 10384,
    "index": 19
  },
  {
    "name": "Require(17) config/config.default.ts",
    "start": 1539074786115,
    "end": 1539074786115,
    "duration": 0,
    "pid": 10384,
    "index": 20
  },
  {
    "name": "Require(18) node_modules/egg-security/config/config.local.js",
    "start": 1539074786116,
    "end": 1539074786116,
    "duration": 0,
    "pid": 10384,
    "index": 21
  },
  {
    "name": "Require(19) node_modules/egg-watcher/config/config.local.js",
    "start": 1539074786116,
    "end": 1539074786117,
    "duration": 1,
    "pid": 10384,
    "index": 22
  },
  {
    "name": "Require(20) node_modules/egg-view/config/config.local.js",
    "start": 1539074786117,
    "end": 1539074786118,
    "duration": 1,
    "pid": 10384,
    "index": 23
  },
  {
    "name": "Require(21) node_modules/egg-view-nunjucks/config/config.local.js",
    "start": 1539074786118,
    "end": 1539074786118,
    "duration": 0,
    "pid": 10384,
    "index": 24
  },
  {
    "name": "Require(22) node_modules/egg/config/config.local.js",
    "start": 1539074786118,
    "end": 1539074786118,
    "duration": 0,
    "pid": 10384,
    "index": 25
  },
  {
    "name": "Require(23) config/config.local.ts",
    "start": 1539074786119,
    "end": 1539074786119,
    "duration": 0,
    "pid": 10384,
    "index": 26
  },
  {
    "name": "Load extend/application.js",
    "start": 1539074786120,
    "end": 1539074786154,
    "duration": 34,
    "pid": 10384,
    "index": 27
  },
  {
    "name": "Require(24) node_modules/egg-session/app/extend/application.js",
    "start": 1539074786120,
    "end": 1539074786120,
    "duration": 0,
    "pid": 10384,
    "index": 28
  },
  {
    "name": "Require(25) node_modules/egg-security/app/extend/application.js",
    "start": 1539074786120,
    "end": 1539074786121,
    "duration": 1,
    "pid": 10384,
    "index": 29
  },
  {
    "name": "Require(26) node_modules/egg-jsonp/app/extend/application.js",
    "start": 1539074786121,
    "end": 1539074786122,
    "duration": 1,
    "pid": 10384,
    "index": 30
  },
  {
    "name": "Require(27) node_modules/egg-logrotator/app/extend/application.js",
    "start": 1539074786123,
    "end": 1539074786124,
    "duration": 1,
    "pid": 10384,
    "index": 31
  },
  {
    "name": "Require(28) node_modules/egg-view/app/extend/application.js",
    "start": 1539074786124,
    "end": 1539074786125,
    "duration": 1,
    "pid": 10384,
    "index": 32
  },
  {
    "name": "Require(29) node_modules/egg-view-nunjucks/app/extend/application.js",
    "start": 1539074786125,
    "end": 1539074786151,
    "duration": 26,
    "pid": 10384,
    "index": 33
  },
  {
    "name": "Load extend/request.js",
    "start": 1539074786154,
    "end": 1539074786158,
    "duration": 4,
    "pid": 10384,
    "index": 34
  },
  {
    "name": "Require(30) node_modules/egg/app/extend/request.js",
    "start": 1539074786156,
    "end": 1539074786156,
    "duration": 0,
    "pid": 10384,
    "index": 35
  },
  {
    "name": "Load extend/response.js",
    "start": 1539074786158,
    "end": 1539074786164,
    "duration": 6,
    "pid": 10384,
    "index": 36
  },
  {
    "name": "Require(31) node_modules/egg/app/extend/response.js",
    "start": 1539074786161,
    "end": 1539074786162,
    "duration": 1,
    "pid": 10384,
    "index": 37
  },
  {
    "name": "Load extend/context.js",
    "start": 1539074786164,
    "end": 1539074786208,
    "duration": 44,
    "pid": 10384,
    "index": 38
  },
  {
    "name": "Require(32) node_modules/egg-security/app/extend/context.js",
    "start": 1539074786164,
    "end": 1539074786170,
    "duration": 6,
    "pid": 10384,
    "index": 39
  },
  {
    "name": "Require(33) node_modules/egg-jsonp/app/extend/context.js",
    "start": 1539074786170,
    "end": 1539074786171,
    "duration": 1,
    "pid": 10384,
    "index": 40
  },
  {
    "name": "Require(34) node_modules/egg-i18n/app/extend/context.js",
    "start": 1539074786171,
    "end": 1539074786172,
    "duration": 1,
    "pid": 10384,
    "index": 41
  },
  {
    "name": "Require(35) node_modules/egg-multipart/app/extend/context.js",
    "start": 1539074786173,
    "end": 1539074786203,
    "duration": 30,
    "pid": 10384,
    "index": 42
  },
  {
    "name": "Require(36) node_modules/egg-view/app/extend/context.js",
    "start": 1539074786204,
    "end": 1539074786204,
    "duration": 0,
    "pid": 10384,
    "index": 43
  },
  {
    "name": "Require(37) node_modules/egg-mongoose/app/extend/context.js",
    "start": 1539074786205,
    "end": 1539074786205,
    "duration": 0,
    "pid": 10384,
    "index": 44
  },
  {
    "name": "Require(38) node_modules/egg/app/extend/context.js",
    "start": 1539074786205,
    "end": 1539074786206,
    "duration": 1,
    "pid": 10384,
    "index": 45
  },
  {
    "name": "Load extend/helper.js",
    "start": 1539074786208,
    "end": 1539074786222,
    "duration": 14,
    "pid": 10384,
    "index": 46
  },
  {
    "name": "Require(39) node_modules/egg-security/app/extend/helper.js",
    "start": 1539074786208,
    "end": 1539074786218,
    "duration": 10,
    "pid": 10384,
    "index": 47
  },
  {
    "name": "Require(40) node_modules/egg/app/extend/helper.js",
    "start": 1539074786220,
    "end": 1539074786220,
    "duration": 0,
    "pid": 10384,
    "index": 48
  },
  {
    "name": "Load app.js",
    "start": 1539074786222,
    "end": 1539074786246,
    "duration": 24,
    "pid": 10384,
    "index": 49
  },
  {
    "name": "Require(41) node_modules/egg-session/app.js",
    "start": 1539074786222,
    "end": 1539074786223,
    "duration": 1,
    "pid": 10384,
    "index": 50
  },
  {
    "name": "Require(42) node_modules/egg-security/app.js",
    "start": 1539074786223,
    "end": 1539074786224,
    "duration": 1,
    "pid": 10384,
    "index": 51
  },
  {
    "name": "Require(43) node_modules/egg-onerror/app.js",
    "start": 1539074786224,
    "end": 1539074786231,
    "duration": 7,
    "pid": 10384,
    "index": 52
  },
  {
    "name": "Require(44) node_modules/egg-i18n/app.js",
    "start": 1539074786231,
    "end": 1539074786236,
    "duration": 5,
    "pid": 10384,
    "index": 53
  },
  {
    "name": "Require(45) node_modules/egg-watcher/app.js",
    "start": 1539074786236,
    "end": 1539074786240,
    "duration": 4,
    "pid": 10384,
    "index": 54
  },
  {
    "name": "Require(46) node_modules/egg-schedule/app.js",
    "start": 1539074786241,
    "end": 1539074786241,
    "duration": 0,
    "pid": 10384,
    "index": 55
  },
  {
    "name": "Require(47) node_modules/egg-multipart/app.js",
    "start": 1539074786242,
    "end": 1539074786243,
    "duration": 1,
    "pid": 10384,
    "index": 56
  },
  {
    "name": "Require(48) node_modules/egg-development/app.js",
    "start": 1539074786243,
    "end": 1539074786244,
    "duration": 1,
    "pid": 10384,
    "index": 57
  },
  {
    "name": "Require(49) node_modules/egg-logrotator/app.js",
    "start": 1539074786244,
    "end": 1539074786244,
    "duration": 0,
    "pid": 10384,
    "index": 58
  },
  {
    "name": "Require(50) node_modules/egg-static/app.js",
    "start": 1539074786244,
    "end": 1539074786244,
    "duration": 0,
    "pid": 10384,
    "index": 59
  },
  {
    "name": "Require(51) node_modules/egg-view-nunjucks/app.js",
    "start": 1539074786245,
    "end": 1539074786245,
    "duration": 0,
    "pid": 10384,
    "index": 60
  },
  {
    "name": "Require(52) node_modules/egg-mongoose/app.js",
    "start": 1539074786245,
    "end": 1539074786245,
    "duration": 0,
    "pid": 10384,
    "index": 61
  },
  {
    "name": "Before Start in node_modules/egg-watcher/lib/init.js:15:14",
    "start": 1539074786256,
    "end": 1539074787906,
    "duration": 1650,
    "pid": 10384,
    "index": 62
  },
  {
    "name": "Before Start in node_modules/egg-mongoose/lib/mongoose.js:77:7",
    "start": 1539074786582,
    "end": 1539074788907,
    "duration": 2325,
    "pid": 10384,
    "index": 63
  },
  {
    "name": "Before Start in node_modules/egg-mongoose/lib/mongoose.js:42:9",
    "start": 1539074786582,
    "end": 1539074787894,
    "duration": 1312,
    "pid": 10384,
    "index": 64
  },
  {
    "name": "Load Service",
    "start": 1539074786583,
    "end": 1539074787726,
    "duration": 1143,
    "pid": 10384,
    "index": 65
  },
  {
    "name": "Load \"service\" to Context",
    "start": 1539074786583,
    "end": 1539074787726,
    "duration": 1143,
    "pid": 10384,
    "index": 66
  },
  {
    "name": "Load Middleware",
    "start": 1539074787726,
    "end": 1539074787839,
    "duration": 113,
    "pid": 10384,
    "index": 67
  },
  {
    "name": "Load \"middlewares\" to Application",
    "start": 1539074787726,
    "end": 1539074787826,
    "duration": 100,
    "pid": 10384,
    "index": 68
  },
  {
    "name": "Load Controller",
    "start": 1539074787839,
    "end": 1539074787844,
    "duration": 5,
    "pid": 10384,
    "index": 69
  },
  {
    "name": "Load \"controller\" to Application",
    "start": 1539074787840,
    "end": 1539074787844,
    "duration": 4,
    "pid": 10384,
    "index": 70
  },
  {
    "name": "Load Router",
    "start": 1539074787844,
    "end": 1539074787850,
    "duration": 6,
    "pid": 10384,
    "index": 71
  },
  {
    "name": "Require(53) app/router.ts",
    "start": 1539074787846,
    "end": 1539074787847,
    "duration": 1,
    "pid": 10384,
    "index": 72
  },
  {
    "name": "Before Start in node_modules/egg-core/lib/egg.js:287:10",
    "start": 1539074787848,
    "end": 1539074787894,
    "duration": 46,
    "pid": 10384,
    "index": 73
  },
  {
    "name": "Load \"model\" to Application",
    "start": 1539074787879,
    "end": 1539074787894,
    "duration": 15,
    "pid": 10384,
    "index": 74
  }
]