[
  {
    "name": "Application Start",
    "start": 1539075270607,
    "end": 1539075273244,
    "duration": 2637,
    "pid": 13592,
    "index": 0
  },
  {
    "name": "Load Plugin",
    "start": 1539075270611,
    "end": 1539075270623,
    "duration": 12,
    "pid": 13592,
    "index": 1
  },
  {
    "name": "Load Config",
    "start": 1539075270623,
    "end": 1539075270639,
    "duration": 16,
    "pid": 13592,
    "index": 2
  },
  {
    "name": "Require(0) config/config.default.ts",
    "start": 1539075270624,
    "end": 1539075270625,
    "duration": 1,
    "pid": 13592,
    "index": 3
  },
  {
    "name": "Require(1) config/config.local.ts",
    "start": 1539075270626,
    "end": 1539075270626,
    "duration": 0,
    "pid": 13592,
    "index": 4
  },
  {
    "name": "Require(2) node_modules/egg-session/config/config.default.js",
    "start": 1539075270627,
    "end": 1539075270627,
    "duration": 0,
    "pid": 13592,
    "index": 5
  },
  {
    "name": "Require(3) node_modules/egg-security/config/config.default.js",
    "start": 1539075270627,
    "end": 1539075270628,
    "duration": 1,
    "pid": 13592,
    "index": 6
  },
  {
    "name": "Require(4) node_modules/egg-jsonp/config/config.default.js",
    "start": 1539075270628,
    "end": 1539075270628,
    "duration": 0,
    "pid": 13592,
    "index": 7
  },
  {
    "name": "Require(5) node_modules/egg-onerror/config/config.default.js",
    "start": 1539075270629,
    "end": 1539075270629,
    "duration": 0,
    "pid": 13592,
    "index": 8
  },
  {
    "name": "Require(6) node_modules/egg-i18n/config/config.default.js",
    "start": 1539075270629,
    "end": 1539075270629,
    "duration": 0,
    "pid": 13592,
    "index": 9
  },
  {
    "name": "Require(7) node_modules/egg-watcher/config/config.default.js",
    "start": 1539075270630,
    "end": 1539075270630,
    "duration": 0,
    "pid": 13592,
    "index": 10
  },
  {
    "name": "Require(8) node_modules/egg-schedule/config/config.default.js",
    "start": 1539075270630,
    "end": 1539075270630,
    "duration": 0,
    "pid": 13592,
    "index": 11
  },
  {
    "name": "Require(9) node_modules/egg-multipart/config/config.default.js",
    "start": 1539075270631,
    "end": 1539075270631,
    "duration": 0,
    "pid": 13592,
    "index": 12
  },
  {
    "name": "Require(10) node_modules/egg-development/config/config.default.js",
    "start": 1539075270631,
    "end": 1539075270632,
    "duration": 1,
    "pid": 13592,
    "index": 13
  },
  {
    "name": "Require(11) node_modules/egg-logrotator/config/config.default.js",
    "start": 1539075270632,
    "end": 1539075270632,
    "duration": 0,
    "pid": 13592,
    "index": 14
  },
  {
    "name": "Require(12) node_modules/egg-static/config/config.default.js",
    "start": 1539075270632,
    "end": 1539075270633,
    "duration": 1,
    "pid": 13592,
    "index": 15
  },
  {
    "name": "Require(13) node_modules/egg-view/config/config.default.js",
    "start": 1539075270633,
    "end": 1539075270633,
    "duration": 0,
    "pid": 13592,
    "index": 16
  },
  {
    "name": "Require(14) node_modules/egg-view-nunjucks/config/config.default.js",
    "start": 1539075270633,
    "end": 1539075270634,
    "duration": 1,
    "pid": 13592,
    "index": 17
  },
  {
    "name": "Require(15) node_modules/egg-mongoose/config/config.default.js",
    "start": 1539075270634,
    "end": 1539075270634,
    "duration": 0,
    "pid": 13592,
    "index": 18
  },
  {
    "name": "Require(16) node_modules/egg/config/config.default.js",
    "start": 1539075270634,
    "end": 1539075270635,
    "duration": 1,
    "pid": 13592,
    "index": 19
  },
  {
    "name": "Require(17) config/config.default.ts",
    "start": 1539075270636,
    "end": 1539075270636,
    "duration": 0,
    "pid": 13592,
    "index": 20
  },
  {
    "name": "Require(18) node_modules/egg-security/config/config.local.js",
    "start": 1539075270637,
    "end": 1539075270637,
    "duration": 0,
    "pid": 13592,
    "index": 21
  },
  {
    "name": "Require(19) node_modules/egg-watcher/config/config.local.js",
    "start": 1539075270637,
    "end": 1539075270637,
    "duration": 0,
    "pid": 13592,
    "index": 22
  },
  {
    "name": "Require(20) node_modules/egg-view/config/config.local.js",
    "start": 1539075270638,
    "end": 1539075270638,
    "duration": 0,
    "pid": 13592,
    "index": 23
  },
  {
    "name": "Require(21) node_modules/egg-view-nunjucks/config/config.local.js",
    "start": 1539075270639,
    "end": 1539075270639,
    "duration": 0,
    "pid": 13592,
    "index": 24
  },
  {
    "name": "Require(22) node_modules/egg/config/config.local.js",
    "start": 1539075270639,
    "end": 1539075270639,
    "duration": 0,
    "pid": 13592,
    "index": 25
  },
  {
    "name": "Require(23) config/config.local.ts",
    "start": 1539075270639,
    "end": 1539075270639,
    "duration": 0,
    "pid": 13592,
    "index": 26
  },
  {
    "name": "Load extend/application.js",
    "start": 1539075270641,
    "end": 1539075270677,
    "duration": 36,
    "pid": 13592,
    "index": 27
  },
  {
    "name": "Require(24) node_modules/egg-session/app/extend/application.js",
    "start": 1539075270641,
    "end": 1539075270641,
    "duration": 0,
    "pid": 13592,
    "index": 28
  },
  {
    "name": "Require(25) node_modules/egg-security/app/extend/application.js",
    "start": 1539075270642,
    "end": 1539075270642,
    "duration": 0,
    "pid": 13592,
    "index": 29
  },
  {
    "name": "Require(26) node_modules/egg-jsonp/app/extend/application.js",
    "start": 1539075270643,
    "end": 1539075270644,
    "duration": 1,
    "pid": 13592,
    "index": 30
  },
  {
    "name": "Require(27) node_modules/egg-logrotator/app/extend/application.js",
    "start": 1539075270645,
    "end": 1539075270646,
    "duration": 1,
    "pid": 13592,
    "index": 31
  },
  {
    "name": "Require(28) node_modules/egg-view/app/extend/application.js",
    "start": 1539075270646,
    "end": 1539075270647,
    "duration": 1,
    "pid": 13592,
    "index": 32
  },
  {
    "name": "Require(29) node_modules/egg-view-nunjucks/app/extend/application.js",
    "start": 1539075270648,
    "end": 1539075270674,
    "duration": 26,
    "pid": 13592,
    "index": 33
  },
  {
    "name": "Load extend/request.js",
    "start": 1539075270677,
    "end": 1539075270683,
    "duration": 6,
    "pid": 13592,
    "index": 34
  },
  {
    "name": "Require(30) node_modules/egg/app/extend/request.js",
    "start": 1539075270679,
    "end": 1539075270680,
    "duration": 1,
    "pid": 13592,
    "index": 35
  },
  {
    "name": "Load extend/response.js",
    "start": 1539075270683,
    "end": 1539075270688,
    "duration": 5,
    "pid": 13592,
    "index": 36
  },
  {
    "name": "Require(31) node_modules/egg/app/extend/response.js",
    "start": 1539075270685,
    "end": 1539075270686,
    "duration": 1,
    "pid": 13592,
    "index": 37
  },
  {
    "name": "Load extend/context.js",
    "start": 1539075270688,
    "end": 1539075270732,
    "duration": 44,
    "pid": 13592,
    "index": 38
  },
  {
    "name": "Require(32) node_modules/egg-security/app/extend/context.js",
    "start": 1539075270688,
    "end": 1539075270695,
    "duration": 7,
    "pid": 13592,
    "index": 39
  },
  {
    "name": "Require(33) node_modules/egg-jsonp/app/extend/context.js",
    "start": 1539075270695,
    "end": 1539075270696,
    "duration": 1,
    "pid": 13592,
    "index": 40
  },
  {
    "name": "Require(34) node_modules/egg-i18n/app/extend/context.js",
    "start": 1539075270697,
    "end": 1539075270697,
    "duration": 0,
    "pid": 13592,
    "index": 41
  },
  {
    "name": "Require(35) node_modules/egg-multipart/app/extend/context.js",
    "start": 1539075270698,
    "end": 1539075270727,
    "duration": 29,
    "pid": 13592,
    "index": 42
  },
  {
    "name": "Require(36) node_modules/egg-view/app/extend/context.js",
    "start": 1539075270727,
    "end": 1539075270728,
    "duration": 1,
    "pid": 13592,
    "index": 43
  },
  {
    "name": "Require(37) node_modules/egg-mongoose/app/extend/context.js",
    "start": 1539075270728,
    "end": 1539075270729,
    "duration": 1,
    "pid": 13592,
    "index": 44
  },
  {
    "name": "Require(38) node_modules/egg/app/extend/context.js",
    "start": 1539075270729,
    "end": 1539075270729,
    "duration": 0,
    "pid": 13592,
    "index": 45
  },
  {
    "name": "Load extend/helper.js",
    "start": 1539075270732,
    "end": 1539075270747,
    "duration": 15,
    "pid": 13592,
    "index": 46
  },
  {
    "name": "Require(39) node_modules/egg-security/app/extend/helper.js",
    "start": 1539075270732,
    "end": 1539075270743,
    "duration": 11,
    "pid": 13592,
    "index": 47
  },
  {
    "name": "Require(40) node_modules/egg/app/extend/helper.js",
    "start": 1539075270744,
    "end": 1539075270745,
    "duration": 1,
    "pid": 13592,
    "index": 48
  },
  {
    "name": "Load app.js",
    "start": 1539075270747,
    "end": 1539075270773,
    "duration": 26,
    "pid": 13592,
    "index": 49
  },
  {
    "name": "Require(41) node_modules/egg-session/app.js",
    "start": 1539075270748,
    "end": 1539075270748,
    "duration": 0,
    "pid": 13592,
    "index": 50
  },
  {
    "name": "Require(42) node_modules/egg-security/app.js",
    "start": 1539075270748,
    "end": 1539075270749,
    "duration": 1,
    "pid": 13592,
    "index": 51
  },
  {
    "name": "Require(43) node_modules/egg-onerror/app.js",
    "start": 1539075270749,
    "end": 1539075270755,
    "duration": 6,
    "pid": 13592,
    "index": 52
  },
  {
    "name": "Require(44) node_modules/egg-i18n/app.js",
    "start": 1539075270755,
    "end": 1539075270761,
    "duration": 6,
    "pid": 13592,
    "index": 53
  },
  {
    "name": "Require(45) node_modules/egg-watcher/app.js",
    "start": 1539075270761,
    "end": 1539075270764,
    "duration": 3,
    "pid": 13592,
    "index": 54
  },
  {
    "name": "Require(46) node_modules/egg-schedule/app.js",
    "start": 1539075270764,
    "end": 1539075270765,
    "duration": 1,
    "pid": 13592,
    "index": 55
  },
  {
    "name": "Require(47) node_modules/egg-multipart/app.js",
    "start": 1539075270765,
    "end": 1539075270769,
    "duration": 4,
    "pid": 13592,
    "index": 56
  },
  {
    "name": "Require(48) node_modules/egg-development/app.js",
    "start": 1539075270770,
    "end": 1539075270770,
    "duration": 0,
    "pid": 13592,
    "index": 57
  },
  {
    "name": "Require(49) node_modules/egg-logrotator/app.js",
    "start": 1539075270770,
    "end": 1539075270771,
    "duration": 1,
    "pid": 13592,
    "index": 58
  },
  {
    "name": "Require(50) node_modules/egg-static/app.js",
    "start": 1539075270771,
    "end": 1539075270771,
    "duration": 0,
    "pid": 13592,
    "index": 59
  },
  {
    "name": "Require(51) node_modules/egg-view-nunjucks/app.js",
    "start": 1539075270772,
    "end": 1539075270772,
    "duration": 0,
    "pid": 13592,
    "index": 60
  },
  {
    "name": "Require(52) node_modules/egg-mongoose/app.js",
    "start": 1539075270772,
    "end": 1539075270772,
    "duration": 0,
    "pid": 13592,
    "index": 61
  },
  {
    "name": "Before Start in node_modules/egg-watcher/lib/init.js:15:14",
    "start": 1539075270783,
    "end": 1539075272236,
    "duration": 1453,
    "pid": 13592,
    "index": 62
  },
  {
    "name": "Before Start in node_modules/egg-mongoose/lib/mongoose.js:77:7",
    "start": 1539075271087,
    "end": 1539075273243,
    "duration": 2156,
    "pid": 13592,
    "index": 63
  },
  {
    "name": "Before Start in node_modules/egg-mongoose/lib/mongoose.js:42:9",
    "start": 1539075271087,
    "end": 1539075272229,
    "duration": 1142,
    "pid": 13592,
    "index": 64
  },
  {
    "name": "Load Service",
    "start": 1539075271087,
    "end": 1539075271093,
    "duration": 6,
    "pid": 13592,
    "index": 65
  },
  {
    "name": "Load \"service\" to Context",
    "start": 1539075271087,
    "end": 1539075271093,
    "duration": 6,
    "pid": 13592,
    "index": 66
  },
  {
    "name": "Load Middleware",
    "start": 1539075271093,
    "end": 1539075271154,
    "duration": 61,
    "pid": 13592,
    "index": 67
  },
  {
    "name": "Load \"middlewares\" to Application",
    "start": 1539075271094,
    "end": 1539075271146,
    "duration": 52,
    "pid": 13592,
    "index": 68
  },
  {
    "name": "Load Controller",
    "start": 1539075271154,
    "end": 1539075272206,
    "duration": 1052,
    "pid": 13592,
    "index": 69
  },
  {
    "name": "Load \"controller\" to Application",
    "start": 1539075271154,
    "end": 1539075272206,
    "duration": 1052,
    "pid": 13592,
    "index": 70
  },
  {
    "name": "Load Router",
    "start": 1539075272206,
    "end": 1539075272209,
    "duration": 3,
    "pid": 13592,
    "index": 71
  },
  {
    "name": "Require(53) app/router.ts",
    "start": 1539075272206,
    "end": 1539075272207,
    "duration": 1,
    "pid": 13592,
    "index": 72
  },
  {
    "name": "Before Start in node_modules/egg-core/lib/egg.js:287:10",
    "start": 1539075272207,
    "end": 1539075272229,
    "duration": 22,
    "pid": 13592,
    "index": 73
  },
  {
    "name": "Load \"model\" to Application",
    "start": 1539075272218,
    "end": 1539075272229,
    "duration": 11,
    "pid": 13592,
    "index": 74
  }
]